Id,Action
1,0.9416621017871021
2,0.9966285714285714
3,1.0
4,0.9996666666666666
5,1.0
6,1.0
7,0.9049303033567742
8,0.9998666666666667
9,0.9996666666666666
10,0.9996
11,1.0
12,1.0
13,1.0
14,0.36943225033480454
15,1.0
16,0.9981231379731381
17,0.2783736403087795
18,0.8879599863099861
19,1.0
20,1.0
21,1.0
22,0.9988412698412698
23,1.0
24,0.9985777777777778
25,1.0
26,0.9755844039946981
27,1.0
28,1.0
29,1.0
30,0.5930437755055397
31,1.0
32,1.0
33,0.9993142857142858
34,1.0
35,1.0
36,1.0
37,1.0
38,1.0
39,0.9960828643578645
40,1.0
41,0.6248716964579969
42,0.9986952380952381
43,1.0
44,0.9998823529411764
45,1.0
46,1.0
47,1.0
48,1.0
49,1.0
50,0.9970555555555556
51,0.9634480796980794
52,1.0
53,0.9989102453102454
54,1.0
55,0.9984273504273504
56,0.9996666666666667
57,1.0
58,1.0
59,1.0
60,1.0
61,0.9996666666666666
62,1.0
63,1.0
64,1.0
65,1.0
66,0.9897597041847038
67,0.9779563162327866
68,1.0
69,0.9993333333333334
70,0.6706737337310092
71,1.0
72,1.0
73,1.0
74,1.0
75,0.9996571428571428
76,1.0
77,1.0
78,0.9995555555555555
79,0.9949879084967319
80,1.0
81,1.0
82,1.0
83,0.9993846153846153
84,0.9988848484848485
85,1.0
86,1.0
87,1.0
88,1.0
89,1.0
90,0.9976868686868686
91,0.9996666666666667
92,0.6533875926361222
93,1.0
94,0.9988095238095237
95,1.0
96,1.0
97,0.5600058780658622
98,1.0
99,0.9961115609536662
100,1.0
101,0.9985410145410145
102,0.9982611111111109
103,1.0
104,1.0
105,0.9897922438672438
106,1.0
107,1.0
108,1.0
109,1.0
110,1.0
111,0.968390025987085
112,1.0
113,0.9989104395604395
114,0.9929919028340081
115,1.0
116,0.9978158008658008
117,0.9994285714285714
118,1.0
119,1.0
120,1.0
121,0.8922112561329275
122,1.0
123,0.9997999999999999
124,1.0
125,1.0
126,0.9927255189255191
127,0.9987072649572649
128,0.8706680811019045
129,0.99890756302521
130,1.0
131,1.0
132,1.0
133,1.0
134,0.9900350538350536
135,1.0
136,1.0
137,1.0
138,0.9976634199134199
139,0.9921767427017428
140,1.0
141,0.991246803196803
142,0.9925158452658455
143,1.0
144,0.9993333333333334
145,1.0
146,0.9992000000000001
147,0.7144189813368608
148,0.7135183253021491
149,1.0
150,1.0
151,1.0
152,0.6331974876430764
153,1.0
154,0.9991363636363636
155,1.0
156,1.0
157,1.0
158,1.0
159,0.976908053710995
160,1.0
161,0.9998461538461538
162,1.0
163,1.0
164,1.0
165,1.0
166,1.0
167,0.9209778878843896
168,1.0
169,0.9998181818181817
170,1.0
171,1.0
172,0.9996181818181817
173,0.999095238095238
174,0.9996666666666666
175,1.0
176,1.0
177,0.8799951924064927
178,1.0
179,1.0
180,1.0
181,0.9820914709473532
182,1.0
183,0.9213319095936744
184,1.0
185,1.0
186,0.9983500000000001
187,1.0
188,1.0
189,0.5440876704822524
190,1.0
191,1.0
192,1.0
193,1.0
194,0.9994285714285714
195,0.9964725108225108
196,1.0
197,0.9979823232323233
198,0.9904428266178267
199,1.0
200,0.999
201,1.0
202,0.9988333333333334
203,0.9977865546218486
204,0.9997142857142857
205,1.0
206,1.0
207,1.0
208,1.0
209,0.5653555971805974
210,0.755430408196895
211,0.9811805899982371
212,0.9985732600732602
213,1.0
214,1.0
215,1.0
216,0.9996
217,0.9287773965112974
218,1.0
219,0.9949266955266957
220,0.9781337079587084
221,0.33914653635837844
222,1.0
223,1.0
224,1.0
225,0.9619061438561443
226,0.9996
227,0.9993333333333334
228,1.0
229,1.0
230,1.0
231,1.0
232,0.9997333333333334
233,0.9989920634920636
234,0.16661710112213218
235,0.9828374514374515
236,0.9997777777777779
237,1.0
238,0.9996666666666667
239,0.9923212232212232
240,1.0
241,0.9996666666666667
242,0.4032667931741461
243,0.9923629925629925
244,0.9992628205128206
245,1.0
246,1.0
247,0.9997999999999999
248,0.9996333333333334
249,0.9984642857142858
250,1.0
251,1.0
252,0.781153703760979
253,0.9995833333333334
254,1.0
255,1.0
256,1.0
257,1.0
258,1.0
259,0.9996666666666667
260,0.9996666666666666
261,0.988548706848707
262,1.0
263,1.0
264,1.0
265,1.0
266,1.0
267,0.8457938491247311
268,1.0
269,0.970672505272505
270,1.0
271,0.9993333333333334
272,1.0
273,1.0
274,0.7133665254250393
275,1.0
276,0.9907203038791275
277,0.9938563919740391
278,1.0
279,0.9447057226399331
280,0.7635355247693479
281,1.0
282,1.0
283,0.5426223686444277
284,1.0
285,1.0
286,0.9843492424242427
287,1.0
288,1.0
289,1.0
290,1.0
291,0.2663522465614132
292,0.6341806531789509
293,1.0
294,0.9977478632478631
295,1.0
296,1.0
297,0.46350837552540325
298,0.9924147982736217
299,0.8199680773388981
300,0.9958182539682539
301,0.809094197142726
302,1.0
303,0.9989717194570136
304,0.982561038961039
305,0.9992571428571428
306,1.0
307,1.0
308,1.0
309,0.9993181818181818
310,1.0
311,0.9958559218559219
312,1.0
313,1.0
314,1.0
315,1.0
316,0.9996666666666666
317,0.8166939853060595
318,1.0
319,0.321914173932363
320,1.0
321,1.0
322,0.9982692307692307
323,1.0
324,0.9986952380952382
325,0.8963465284715285
326,0.9920209013209015
327,0.985545251970252
328,1.0
329,1.0
330,1.0
331,1.0
332,0.999
333,1.0
334,1.0
335,1.0
336,0.9997142857142857
337,1.0
338,0.9998181818181817
339,1.0
340,1.0
341,1.0
342,0.9997142857142857
343,1.0
344,1.0
345,0.9801778811058225
346,1.0
347,1.0
348,0.9965670995670997
349,1.0
350,0.9868208402708404
351,0.9964968253968255
352,0.9814569652569649
353,1.0
354,0.9743025141525142
355,0.9977047619047619
356,0.998511111111111
357,1.0
358,0.9943668248418247
359,0.9995
360,0.5251031868458338
361,0.9474538822288819
362,0.8840178130692836
363,0.9659473748473745
364,0.9995
365,1.0
366,0.9996
367,1.0
368,1.0
369,0.997336855954503
370,1.0
371,0.9984
372,0.9996
373,0.5118747971584658
374,0.9919492275698157
375,1.0
376,1.0
377,0.9996
378,1.0
379,1.0
380,1.0
381,0.99975
382,1.0
383,1.0
384,0.9800489316239314
385,1.0
386,0.9991428571428571
387,0.7533705689735102
388,0.9977428571428572
389,1.0
390,1.0
391,0.9811451270951269
392,0.9834111471861473
393,0.99975
394,1.0
395,1.0
396,0.9871780275280279
397,1.0
398,1.0
399,1.0
400,0.9924283549783551
401,1.0
402,1.0
403,1.0
404,1.0
405,1.0
406,0.9997142857142858
407,0.9833883394383394
408,1.0
409,0.999
410,1.0
411,1.0
412,0.9840973914973915
413,1.0
414,1.0
415,1.0
416,1.0
417,1.0
418,1.0
419,0.9990476190476191
420,1.0
421,0.9992666666666666
422,0.995065873015873
423,1.0
424,0.8561086056100761
425,1.0
426,0.9925424190188896
427,1.0
428,1.0
429,1.0
430,1.0
431,0.9987714285714286
432,0.9991666666666666
433,0.9981641414141413
434,1.0
435,0.9041464822501198
436,1.0
437,1.0
438,0.2006336263581621
439,1.0
440,0.9784284243534243
441,1.0
442,1.0
443,0.9983982683982684
444,1.0
445,0.835685456210456
446,1.0
447,1.0
448,1.0
449,1.0
450,1.0
451,0.9995
452,1.0
453,0.9993333333333334
454,0.9684061089237557
455,0.9976694444444445
456,1.0
457,1.0
458,0.9998181818181818
459,1.0
460,0.9989491341991341
461,0.9992380952380951
462,1.0
463,1.0
464,0.994087026862027
465,1.0
466,1.0
467,0.9943289377289377
468,1.0
469,1.0
470,0.9928590742590742
471,1.0
472,1.0
473,1.0
474,0.9915823565323565
475,0.9388232656232659
476,0.9425386946386947
477,1.0
478,0.9994285714285714
479,1.0
480,1.0
481,1.0
482,0.9957785714285715
483,1.0
484,0.9495420468420468
485,1.0
486,0.7230855925923739
487,1.0
488,0.9975135034556087
489,1.0
490,1.0
491,1.0
492,0.997671484071484
493,1.0
494,0.9991785714285715
495,1.0
496,0.9954323953823954
497,1.0
498,1.0
499,1.0
500,0.9965051282051282
501,1.0
502,0.9952675685425685
503,0.985433821733822
504,0.994413000888001
505,0.9976222222222223
506,1.0
507,1.0
508,1.0
509,0.9993863636363636
510,0.9792269841269842
511,0.9996
512,0.9949076312576314
513,1.0
514,0.6682298436427693
515,1.0
516,0.9868178821178822
517,1.0
518,0.9897695526695526
519,0.999
520,1.0
521,1.0
522,1.0
523,1.0
524,0.9685841824841823
525,0.4987066132611798
526,0.9863734043734042
527,1.0
528,1.0
529,0.9993333333333334
530,1.0
531,0.9697715978465976
532,0.9950862193362193
533,1.0
534,0.9957222000222
535,1.0
536,1.0
537,0.9936047619047619
538,1.0
539,0.9997999999999999
540,0.9819569375069377
541,1.0
542,0.9941952380952381
543,0.6988084851423089
544,0.9688026661247247
545,1.0
546,1.0
547,0.9998333333333332
548,0.9991111111111111
549,0.8204864527629228
550,0.865785773050479
551,0.9896899766899767
552,0.8395913033045385
553,1.0
554,0.9128816314404546
555,1.0
556,1.0
557,1.0
558,0.992624386724387
559,1.0
560,1.0
561,0.9984031746031745
562,1.0
563,1.0
564,0.8852180402930404
565,0.9963003663003663
566,0.9990940170940171
567,1.0
568,0.9988571428571428
569,1.0
570,0.9917616883116885
571,0.5443177290717541
572,1.0
573,1.0
574,0.42319192670075034
575,1.0
576,1.0
577,0.9987999999999999
578,1.0
579,0.7766348293862998
580,0.9992666666666666
581,1.0
582,0.9909660672660672
583,1.0
584,0.19003363580863578
585,1.0
586,0.9736691808191809
587,0.997847619047619
588,1.0
589,0.9684759684759685
590,0.9981285714285715
591,0.9989277777777779
592,1.0
593,1.0
594,0.9958539682539682
595,1.0
596,1.0
597,0.9995
598,0.7522720689097627
599,1.0
600,0.992900172050172
601,0.9985384615384616
602,1.0
603,1.0
604,1.0
605,1.0
606,0.999
607,1.0
608,1.0
609,0.9830832833832835
610,0.8821304184034054
611,1.0
612,0.9994920634920635
613,1.0
614,0.9950366883116883
615,0.9975517094017095
616,0.7555872692580892
617,0.9996111111111112
618,1.0
619,0.99975
620,1.0
621,0.9686999167499168
622,0.9997142857142858
623,1.0
624,0.9937577200577199
625,0.7382011196320014
626,1.0
627,0.9996666666666666
628,0.9995
629,1.0
630,1.0
631,1.0
632,0.8966831266772439
633,1.0
634,1.0
635,0.9972244588744589
636,1.0
637,1.0
638,0.9918690476190477
639,0.9939829004329003
640,1.0
641,1.0
642,1.0
643,0.9995
644,0.9908356421356419
645,0.999
646,0.9207319949658181
647,0.9977952380952381
648,0.3109930735930736
649,1.0
650,0.7017417839900035
651,0.9996
652,1.0
653,0.48687110682575047
654,0.9977285714285714
655,0.9981375495849182
656,1.0
657,0.99975
658,1.0
659,0.9886400016650017
660,0.990860465557834
661,1.0
662,1.0
663,1.0
664,0.9994181818181819
665,0.9997142857142858
666,0.9792254717504718
667,0.999875
668,0.9869755117431588
669,0.5420643932864525
670,0.5246746920777883
671,1.0
672,1.0
673,0.9940356421356422
674,1.0
675,0.9937131868131868
676,1.0
677,0.9394611483287952
678,1.0
679,0.9994285714285714
680,0.9990396825396826
681,0.5609667153451983
682,0.9582611247035524
683,1.0
684,1.0
685,0.9733470441323382
686,1.0
687,1.0
688,1.0
689,1.0
690,1.0
691,0.9988452380952381
692,1.0
693,0.999
694,0.9989166666666667
695,0.9989037593984963
696,0.9878253746253747
697,1.0
698,1.0
699,0.9993181818181819
700,1.0
701,1.0
702,0.9995
703,0.9953731049995757
704,1.0
705,0.9996
706,0.9988888888888889
707,0.9145079647476705
708,1.0
709,0.8275454735494978
710,1.0
711,0.8150685406097172
712,0.9899304306804306
713,1.0
714,1.0
715,1.0
716,0.7810169147845624
717,0.9997777777777779
718,0.9910694083694085
719,1.0
720,1.0
721,1.0
722,0.998488888888889
723,1.0
724,1.0
725,1.0
726,0.998079292929293
727,0.9996
728,1.0
729,0.9072595986143203
730,0.9955921855921855
731,0.9996666666666667
732,1.0
733,1.0
734,1.0
735,1.0
736,1.0
737,1.0
738,1.0
739,1.0
740,1.0
741,1.0
742,0.996225311942959
743,0.9996571428571428
744,1.0
745,1.0
746,1.0
747,1.0
748,1.0
749,1.0
750,1.0
751,1.0
752,0.9997777777777779
753,1.0
754,1.0
755,1.0
756,0.773747744378085
757,1.0
758,1.0
759,0.9993333333333333
760,1.0
761,1.0
762,0.9991428571428571
763,0.9985353535353536
764,1.0
765,1.0
766,1.0
767,0.9995384615384616
768,1.0
769,0.9821346597846599
770,1.0
771,0.9987985347985346
772,1.0
773,1.0
774,0.99975
775,1.0
776,0.9991111111111111
777,0.982476857456269
778,1.0
779,1.0
780,0.4628233883419642
781,0.6534713831919716
782,1.0
783,0.9976046176046176
784,1.0
785,0.7824520269118561
786,0.8770179030979346
787,1.0
788,1.0
789,0.9995
790,1.0
791,1.0
792,1.0
793,0.526594218758538
794,0.9847070596070594
795,1.0
796,0.9992777777777779
797,1.0
798,0.9680654123654127
799,1.0
800,1.0
801,1.0
802,1.0
803,1.0
804,1.0
805,1.0
806,1.0
807,0.7981052212149741
808,0.9985555555555555
809,0.9854567830861947
810,1.0
811,1.0
812,0.9921472222222223
813,1.0
814,0.9982527472527474
815,0.4527433449448156
816,1.0
817,1.0
818,0.9984181818181819
819,0.9997142857142858
820,0.07386176046176045
821,0.9530941718412307
822,1.0
823,1.0
824,1.0
825,1.0
826,0.9947761904761904
827,1.0
828,1.0
829,1.0
830,1.0
831,0.6903876904141616
832,1.0
833,1.0
834,1.0
835,1.0
836,0.5959588326855393
837,0.9957904761904761
838,1.0
839,0.9996
840,1.0
841,0.8453602760414684
842,1.0
843,1.0
844,1.0
845,1.0
846,0.9796896603396601
847,1.0
848,1.0
849,1.0
850,0.36473024661956543
851,1.0
852,0.9992727272727272
853,1.0
854,0.14360597783709247
855,1.0
856,1.0
857,0.9409281505933682
858,1.0
859,1.0
860,1.0
861,1.0
862,1.0
863,1.0
864,0.9975577311577312
865,0.10013653813506752
866,0.9960801587301585
867,1.0
868,0.9986674641148325
869,0.9998333333333334
870,1.0
871,1.0
872,1.0
873,0.9996363636363637
874,0.9864549504417152
875,1.0
876,0.9997999999999999
877,1.0
878,1.0
879,1.0
880,1.0
881,0.9685779664779663
882,1.0
883,1.0
884,0.9992878787878787
885,0.9989166666666667
886,1.0
887,0.7718140379658184
888,0.9993333333333334
889,0.9993333333333333
890,0.9994333333333334
891,0.991612776112776
892,0.9985974025974026
893,0.7503769693052043
894,1.0
895,1.0
896,0.9825004382872028
897,0.9995555555555555
898,0.9722888000888001
899,0.49804088445654926
900,1.0
901,1.0
902,1.0
903,1.0
904,1.0
905,1.0
906,0.9971728271728271
907,1.0
908,1.0
909,0.99925
910,0.8820698602567022
911,0.9598463480963481
912,0.9992051282051282
913,1.0
914,1.0
915,0.9997142857142857
916,0.9974504162504164
917,1.0
918,1.0
919,1.0
920,1.0
921,0.9834995726495727
922,1.0
923,0.9943847338935573
924,0.9995384615384616
925,0.9617069978267349
926,0.9995555555555555
927,0.99975
928,0.9188295926295929
929,1.0
930,1.0
931,0.9983455322455324
932,1.0
933,1.0
934,1.0
935,1.0
936,0.9133859310624017
937,1.0
938,1.0
939,1.0
940,0.8974596207713853
941,1.0
942,1.0
943,0.7608975702402174
944,1.0
945,0.9966511544011543
946,1.0
947,0.9989555555555555
948,0.9983888888888889
949,0.9996333333333334
950,0.9615194490150374
951,0.9995555555555555
952,0.9994545454545455
953,1.0
954,1.0
955,0.991031559290383
956,0.012114950546529496
957,1.0
958,1.0
959,0.6063893802653063
960,1.0
961,0.945004070929071
962,0.9995384615384616
963,0.9991428571428571
964,0.9533035020535021
965,1.0
966,0.9823869519369517
967,1.0
968,0.9035067566420505
969,0.9834573648573649
970,1.0
971,1.0
972,1.0
973,1.0
974,1.0
975,1.0
976,1.0
977,0.9990952380952381
978,1.0
979,0.9994461538461539
980,0.7850048174048173
981,1.0
982,1.0
983,1.0
984,0.04996226551226552
985,0.9996666666666666
986,1.0
987,1.0
988,0.9937563991563994
989,0.99975
990,1.0
991,0.6489654757866831
992,0.9996239316239316
993,1.0
994,1.0
995,1.0
996,1.0
997,0.9996333333333333
998,1.0
999,1.0
1000,0.9813749472749471
1001,1.0
1002,0.9984928571428572
1003,1.0
1004,1.0
1005,0.9810865134865137
1006,1.0
1007,1.0
1008,1.0
1009,1.0
1010,0.9989063991563991
1011,1.0
1012,0.9970999999999999
1013,0.9848233766233766
1014,1.0
1015,0.9977051282051282
1016,0.99975
1017,0.5371641592068066
1018,1.0
1019,1.0
1020,1.0
1021,0.9993809523809524
1022,0.9003565561889085
1023,0.9823924776204187
1024,1.0
1025,0.7782117572485993
1026,0.9945617604617604
1027,1.0
1028,0.9994285714285714
1029,1.0
1030,0.9996666666666666
1031,1.0
1032,1.0
1033,1.0
1034,1.0
1035,1.0
1036,1.0
1037,1.0
1038,1.0
1039,1.0
1040,0.9973208347208348
1041,1.0
1042,0.9970854256854257
1043,0.9980857142857141
1044,0.994813591963592
1045,0.9987992530345471
1046,1.0
1047,0.9894210511710511
1048,1.0
1049,0.9907967140702434
1050,0.9887602813852814
1051,1.0
1052,1.0
1053,0.9996
1054,0.9741591713841715
1055,1.0
1056,0.9994285714285714
1057,1.0
1058,0.9984273504273504
1059,0.9994
1060,1.0
1061,1.0
1062,0.9415811949488422
1063,0.9860594308941829
1064,1.0
1065,1.0
1066,1.0
1067,1.0
1068,0.996818686868687
1069,0.9996666666666667
1070,1.0
1071,0.997894327894328
1072,1.0
1073,0.6956747816167321
1074,0.974786128903776
1075,1.0
1076,1.0
1077,1.0
1078,0.9996239316239316
1079,1.0
1080,0.6872839457498117
1081,1.0
1082,0.9997142857142857
1083,1.0
1084,1.0
1085,0.9957323232323232
1086,1.0
1087,0.9929374236874237
1088,1.0
1089,1.0
1090,1.0
1091,0.9997142857142857
1092,0.9962156565656568
1093,1.0
1094,1.0
1095,1.0
1096,1.0
1097,1.0
1098,1.0
1099,1.0
1100,0.9996666666666666
1101,0.9992444444444445
1102,0.9994
1103,1.0
1104,0.3103202385849444
1105,1.0
1106,1.0
1107,1.0
1108,0.9856267427017428
1109,1.0
1110,1.0
1111,1.0
1112,0.9937484886458573
1113,1.0
1114,0.99062113997114
1115,0.99925
1116,1.0
1117,0.9997142857142857
1118,0.8721655726626314
1119,0.5251660913304105
1120,1.0
1121,1.0
1122,0.854200730805143
1123,0.9942444444444443
1124,0.9700484785682155
1125,1.0
1126,1.0
1127,0.9980833333333332
1128,1.0
1129,1.0
1130,1.0
1131,0.9576155914347091
1132,1.0
1133,1.0
1134,1.0
1135,0.4520246489578529
1136,0.9965247863247864
1137,1.0
1138,1.0
1139,0.9983896103896103
1140,1.0
1141,1.0
1142,0.9992420634920635
1143,1.0
1144,0.9549480633401684
1145,0.981009741136057
1146,0.9998333333333334
1147,1.0
1148,0.9996
1149,1.0
1150,1.0
1151,1.0
1152,0.9966349206349208
1153,1.0
1154,0.3210869114030105
1155,1.0
1156,0.99975
1157,0.9423823447794037
1158,0.7641355710680785
1159,1.0
1160,0.7994339297097812
1161,1.0
1162,0.9997777777777779
1163,0.9953909645909644
1164,1.0
1165,1.0
1166,0.9515445609945612
1167,1.0
1168,0.9973559218559219
1169,1.0
1170,0.885361512764841
1171,1.0
1172,0.9973095238095239
1173,0.9994545454545455
1174,0.9718599010466656
1175,0.9986277777777779
1176,1.0
1177,1.0
1178,1.0
1179,0.9991111111111111
1180,0.3411696847270376
1181,0.9792501165501166
1182,0.7831192647222062
1183,1.0
1184,1.0
1185,1.0
1186,0.9990545454545455
1187,1.0
1188,0.30543927150420974
1189,1.0
1190,1.0
1191,1.0
1192,1.0
1193,1.0
1194,1.0
1195,0.99975
1196,0.9917181818181816
1197,1.0
1198,1.0
1199,1.0
1200,1.0
1201,0.9965666666666667
1202,0.9997142857142858
1203,1.0
1204,1.0
1205,0.9989142857142859
1206,1.0
1207,0.99975
1208,1.0
1209,0.9933645679483916
1210,0.9959714285714286
1211,1.0
1212,1.0
1213,0.9718170829170829
1214,0.9990467532467533
1215,1.0
1216,0.9997142857142857
1217,0.9498420079920084
1218,1.0
1219,0.9085114754956087
1220,0.9698201687201686
1221,0.99975
1222,1.0
1223,0.9993286713286713
1224,1.0
1225,1.0
1226,1.0
1227,1.0
1228,0.9996
1229,0.9998181818181817
1230,1.0
1231,1.0
1232,0.9996666666666667
1233,1.0
1234,1.0
1235,1.0
1236,1.0
1237,1.0
1238,0.9504804917304919
1239,0.9996666666666666
1240,0.9949238816738815
1241,1.0
1242,0.9988461538461538
1243,0.9992467532467532
1244,1.0
1245,0.9986060606060606
1246,0.9674094023623433
1247,1.0
1248,1.0
1249,0.9983194444444444
1250,1.0
1251,0.9769251748251747
1252,0.996345093795094
1253,1.0
1254,1.0
1255,1.0
1256,1.0
1257,0.8337865952417038
1258,1.0
1259,1.0
1260,0.999875
1261,1.0
1262,1.0
1263,1.0
1264,1.0
1265,1.0
1266,1.0
1267,0.9801231879231876
1268,1.0
1269,0.9947888888888891
1270,1.0
1271,0.9420681455970926
1272,1.0
1273,1.0
1274,0.9456838439338441
1275,0.9995
1276,1.0
1277,1.0
1278,1.0
1279,0.996020634920635
1280,0.9992063492063493
1281,1.0
1282,0.9506152378667084
1283,0.9968658008658008
1284,0.9980500000000001
1285,1.0
1286,1.0
1287,0.6937397596985055
1288,0.9995384615384616
1289,0.8132245494701377
1290,1.0
1291,0.9993500000000001
1292,0.9974258297258298
1293,1.0
1294,1.0
1295,1.0
1296,1.0
1297,1.0
1298,0.9549883200133202
1299,1.0
1300,0.5896272240745152
1301,0.970517141518612
1302,0.9995
1303,1.0
1304,1.0
1305,0.8323881731014081
1306,1.0
1307,1.0
1308,1.0
1309,1.0
1310,1.0
1311,0.9993030303030304
1312,1.0
1313,0.7352387604225842
1314,0.9988333333333334
1315,0.9796217449217451
1316,0.9983636363636363
1317,1.0
1318,1.0
1319,0.9953928571428571
1320,0.9974404761904763
1321,0.980516489066489
1322,1.0
1323,0.9993333333333334
1324,1.0
1325,0.9987777777777779
1326,0.9877308913308915
1327,1.0
1328,0.9481373356777383
1329,1.0
1330,1.0
1331,1.0
1332,1.0
1333,0.9915934704184703
1334,1.0
1335,0.992165861915862
1336,1.0
1337,0.9992000000000001
1338,1.0
1339,0.7001764706311923
1340,1.0
1341,0.9993970588235294
1342,1.0
1343,1.0
1344,1.0
1345,1.0
1346,0.9994285714285714
1347,1.0
1348,0.9925566903684552
1349,1.0
1350,1.0
1351,0.9817994227994227
1352,0.99975
1353,1.0
1354,1.0
1355,0.5607024559719601
1356,1.0
1357,0.8381676002646591
1358,0.9947464646464648
1359,0.13094528102616346
1360,0.33253130088865357
1361,0.9984467532467534
1362,0.99756981580511
1363,1.0
1364,1.0
1365,1.0
1366,0.9688283833125939
1367,1.0
1368,1.0
1369,1.0
1370,1.0
1371,1.0
1372,1.0
1373,0.9988095238095237
1374,1.0
1375,1.0
1376,1.0
1377,1.0
1378,0.992619558219558
1379,0.9089574242750714
1380,0.9988
1381,1.0
1382,0.9986833333333334
1383,1.0
1384,1.0
1385,1.0
1386,1.0
1387,1.0
1388,0.9523313829960891
1389,1.0
1390,1.0
1391,0.02428707207824855
1392,1.0
1393,0.9970850331041508
1394,1.0
1395,0.3071777777777778
1396,1.0
1397,1.0
1398,0.993790476190476
1399,1.0
1400,1.0
1401,1.0
1402,1.0
1403,0.9998333333333334
1404,0.9895735930735932
1405,0.9834693140193139
1406,0.9997777777777779
1407,0.9996666666666666
1408,1.0
1409,1.0
1410,1.0
1411,0.9945513320013321
1412,1.0
1413,0.4676801826828138
1414,0.8457338744588749
1415,0.859719988181753
1416,1.0
1417,0.99085955988456
1418,0.9997777777777779
1419,1.0
1420,0.9989771062271063
1421,1.0
1422,1.0
1423,1.0
1424,1.0
1425,1.0
1426,1.0
1427,1.0
1428,0.9959857142857144
1429,0.11448466876260996
1430,1.0
1431,1.0
1432,0.9995128205128204
1433,0.9871529914529914
1434,0.9996333333333333
1435,0.9521297129341246
1436,1.0
1437,1.0
1438,1.0
1439,0.9996666666666666
1440,0.9979055555555556
1441,0.995500432900433
1442,1.0
1443,1.0
1444,1.0
1445,1.0
1446,1.0
1447,1.0
1448,0.99725
1449,1.0
1450,0.943842907092907
1451,0.9503206173053997
1452,0.9979142857142858
1453,0.9989922708870076
1454,1.0
1455,1.0
1456,0.9943093945270415
1457,0.9980873015873015
1458,1.0
1459,1.0
1460,0.99975
1461,1.0
1462,0.24364879303702844
1463,1.0
1464,0.9114421107959808
1465,1.0
1466,1.0
1467,1.0
1468,0.9980349206349207
1469,0.9991111111111111
1470,0.9996
1471,1.0
1472,1.0
1473,1.0
1474,1.0
1475,1.0
1476,1.0
1477,0.9998333333333334
1478,1.0
1479,1.0
1480,1.0
1481,0.9997999999999999
1482,0.5446930575272686
1483,0.9997999999999999
1484,1.0
1485,0.9893311827061828
1486,1.0
1487,1.0
1488,0.9987999999999999
1489,0.9994423076923076
1490,0.99890756302521
1491,1.0
1492,0.9997999999999999
1493,0.9992857142857142
1494,0.9994545454545455
1495,1.0
1496,1.0
1497,1.0
1498,1.0
1499,1.0
1500,1.0
1501,1.0
1502,0.20781627735010094
1503,1.0
1504,1.0
1505,0.9687357808857809
1506,1.0
1507,1.0
1508,0.7123242220198104
1509,1.0
1510,0.9987222222222223
1511,0.9996
1512,1.0
1513,0.9955857142857143
1514,1.0
1515,0.9793063769563768
1516,0.9932003552003552
1517,0.3345172448466568
1518,1.0
1519,0.9993142857142858
1520,1.0
1521,0.9992000000000001
1522,1.0
1523,0.982926429126429
1524,0.9989142857142858
1525,1.0
1526,1.0
1527,0.9975800865800866
1528,1.0
1529,1.0
1530,1.0
1531,1.0
1532,1.0
1533,0.9997894736842106
1534,1.0
1535,1.0
1536,0.998488888888889
1537,1.0
1538,1.0
1539,1.0
1540,0.998128427128427
1541,1.0
1542,0.9996666666666666
1543,1.0
1544,0.9898051948051947
1545,1.0
1546,0.9994545454545455
1547,0.9968409090909092
1548,1.0
1549,1.0
1550,1.0
1551,1.0
1552,1.0
1553,1.0
1554,1.0
1555,1.0
1556,1.0
1557,1.0
1558,1.0
1559,1.0
1560,0.8301385034470171
1561,0.9987393665158371
1562,0.6273202642129116
1563,0.38128284725250705
1564,1.0
1565,0.9986793206793206
1566,0.9946489177489177
1567,1.0
1568,0.7308241056329292
1569,0.9998181818181818
1570,1.0
1571,0.5459883926273247
1572,1.0
1573,0.23865200712600088
1574,1.0
1575,1.0
1576,0.9972224442224441
1577,0.99670584970585
1578,0.7308241056329292
1579,0.9972582123758594
1580,0.6230000259544383
1581,1.0
1582,1.0
1583,1.0
1584,1.0
1585,0.9713077811077813
1586,0.899437418429524
1587,0.9979128205128204
1588,0.9997777777777779
1589,0.9998333333333332
1590,1.0
1591,0.9964162337662338
1592,1.0
1593,0.9630535639798796
1594,1.0
1595,0.1653816656739561
1596,1.0
1597,1.0
1598,0.9984563492063492
1599,0.20467417997379309
1600,0.9997999999999999
1601,1.0
1602,0.986140306915307
1603,1.0
1604,1.0
1605,0.9980432900432901
1606,0.9553988123417689
1607,0.9127313503489971
1608,0.9949606893106893
1609,0.9990461538461538
1610,0.9772997029114675
1611,1.0
1612,1.0
1613,0.9987350427350428
1614,0.8454645504220584
1615,1.0
1616,1.0
1617,0.6172263277142535
1618,0.999
1619,1.0
1620,0.9791893828393832
1621,0.9984158730158731
1622,0.6612420990516196
1623,0.9957039682539682
1624,0.998124649859944
1625,0.9932882450882451
1626,1.0
1627,0.5999465770727381
1628,0.9961904995331466
1629,1.0
1630,1.0
1631,1.0
1632,1.0
1633,1.0
1634,1.0
1635,0.9996666666666666
1636,0.9607963758463757
1637,0.9403834005863417
1638,0.9998947368421053
1639,0.7523297965192708
1640,1.0
1641,1.0
1642,0.36829990896616294
1643,1.0
1644,1.0
1645,0.8391577811077813
1646,1.0
1647,1.0
1648,0.9996181818181819
1649,0.9994
1650,0.9912267676767677
1651,0.9975328320802006
1652,1.0
1653,0.9966108280608281
1654,1.0
1655,1.0
1656,1.0
1657,1.0
1658,1.0
1659,1.0
1660,0.9997142857142858
1661,0.9998333333333332
1662,1.0
1663,0.9908044566544567
1664,1.0
1665,0.862935048611519
1666,0.9996
1667,0.7214149657532011
1668,1.0
1669,1.0
1670,1.0
1671,0.7963421518454028
1672,1.0
1673,1.0
1674,1.0
1675,0.2748156322435734
1676,0.46154329526682447
1677,1.0
1678,1.0
1679,1.0
1680,1.0
1681,0.999
1682,1.0
1683,1.0
1684,1.0
1685,0.990336247086247
1686,1.0
1687,0.9991674641148326
1688,1.0
1689,1.0
1690,0.9959924242424244
1691,0.9994444444444445
1692,1.0
1693,1.0
1694,0.9972510822510823
1695,1.0
1696,0.9932095238095239
1697,0.9451066378066377
1698,0.9785670274170273
1699,1.0
1700,1.0
1701,1.0
1702,1.0
1703,0.9208375624375627
1704,1.0
1705,1.0
1706,0.548850810730377
1707,0.9997142857142858
1708,1.0
1709,1.0
1710,1.0
1711,1.0
1712,0.9980357142857144
1713,0.9980404040404041
1714,1.0
1715,0.9951078643578644
1716,0.9976071428571429
1717,0.7723696619685786
1718,0.45773740654770045
1719,1.0
1720,0.9954227994227994
1721,1.0
1722,1.0
1723,0.99925
1724,0.9995
1725,1.0
1726,1.0
1727,1.0
1728,1.0
1729,1.0
1730,1.0
1731,0.9922496392496393
1732,0.9996643356643357
1733,1.0
1734,0.9996
1735,1.0
1736,0.9743302855641092
1737,0.9978003663003664
1738,1.0
1739,0.9858482794982795
1740,1.0
1741,0.9997142857142857
1742,0.9984333333333333
1743,1.0
1744,1.0
1745,0.996170054945055
1746,1.0
1747,0.9134089216339217
1748,0.9997142857142858
1749,1.0
1750,1.0
1751,1.0
1752,1.0
1753,1.0
1754,0.9982451437451437
1755,1.0
1756,1.0
1757,0.9365431312151901
1758,1.0
1759,1.0
1760,0.9992051282051282
1761,0.7333988709948461
1762,0.9022044844044845
1763,1.0
1764,1.0
1765,1.0
1766,1.0
1767,1.0
1768,0.5433639511503287
1769,0.9962573870573869
1770,0.9994285714285714
1771,0.9888004467754468
1772,1.0
1773,1.0
1774,0.9591134156692978
1775,0.9997999999999999
1776,0.9083037944082065
1777,0.970278888070993
1778,0.9743845543345542
1779,1.0
1780,1.0
1781,0.9990111111111112
1782,0.8913568811907054
1783,1.0
1784,1.0
1785,1.0
1786,0.9994285714285714
1787,0.9755875208125206
1788,1.0
1789,1.0
1790,0.9971904761904763
1791,0.30096140549337147
1792,1.0
1793,1.0
1794,0.9983111111111111
1795,0.9929135059385061
1796,0.7874844091323192
1797,0.9984285714285716
1798,1.0
1799,1.0
1800,1.0
1801,1.0
1802,1.0
1803,0.9874094516594516
1804,0.97993576978577
1805,0.5488917742388334
1806,0.842742906578368
1807,1.0
1808,0.99975
1809,1.0
1810,1.0
1811,1.0
1812,1.0
1813,0.4143348411392528
1814,0.4434333307215663
1815,1.0
1816,1.0
1817,0.9703823248389042
1818,1.0
1819,1.0
1820,1.0
1821,1.0
1822,1.0
1823,0.9980860805860806
1824,0.9614375513375513
1825,1.0
1826,0.9998181818181818
1827,0.9984535714285714
1828,1.0
1829,1.0
1830,0.9976244588744588
1831,0.9995714285714286
1832,1.0
1833,0.9964980769230769
1834,0.9997142857142858
1835,0.9911499777999777
1836,0.99975
1837,0.9986247252747252
1838,0.6621701437451434
1839,0.9981608946608947
1840,1.0
1841,0.772272361625303
1842,0.9944963342213343
1843,1.0
1844,0.998945173453997
1845,0.9968923076923077
1846,0.9900537212787214
1847,1.0
1848,1.0
1849,1.0
1850,1.0
1851,0.9466948931787164
1852,1.0
1853,0.9994545454545455
1854,0.998169696969697
1855,0.9992619047619048
1856,1.0
1857,1.0
1858,0.49876394526526113
1859,1.0
1860,0.738441664974173
1861,0.2890027777777777
1862,1.0
1863,1.0
1864,0.9468514568764566
1865,1.0
1866,1.0
1867,0.9992051282051282
1868,1.0
1869,0.9933921411921413
1870,1.0
1871,0.9888408924408923
1872,0.9996666666666666
1873,0.49415362743551605
1874,0.9545759573759572
1875,0.42453081901758355
1876,1.0
1877,0.99975
1878,0.9606895506454332
1879,1.0
1880,1.0
1881,1.0
1882,1.0
1883,0.8520884329722563
1884,0.9957335164835164
1885,0.9695542369395309
1886,0.9764233766233767
1887,0.9970442307692308
1888,0.9962703463203462
1889,0.99975
1890,1.0
1891,1.0
1892,1.0
1893,1.0
1894,1.0
1895,1.0
1896,0.9854271672771674
1897,1.0
1898,1.0
1899,0.8333962450604091
1900,0.9921084415584416
1901,0.46994231454819724
1902,1.0
1903,1.0
1904,1.0
1905,0.6967556002820706
1906,0.9995384615384616
1907,0.9998181818181818
1908,0.41310154796184173
1909,0.9761732120820357
1910,1.0
1911,1.0
1912,1.0
1913,0.9967809523809524
1914,1.0
1915,0.9992083333333334
1916,1.0
1917,1.0
1918,1.0
1919,0.9223328308000908
1920,0.9967742257742258
1921,0.8359731254182027
1922,1.0
1923,1.0
1924,1.0
1925,1.0
1926,0.7661641721195903
1927,1.0
1928,1.0
1929,1.0
1930,0.8515537029963501
1931,0.9986888888888887
1932,0.37549494422845836
1933,1.0
1934,1.0
1935,1.0
1936,0.9995384615384616
1937,1.0
1938,0.9732508364184834
1939,0.9979655844155844
1940,0.9640585858585858
1941,1.0
1942,1.0
1943,0.9994545454545455
1944,1.0
1945,1.0
1946,1.0
1947,0.8728912499265437
1948,0.9986666666666666
1949,1.0
1950,1.0
1951,1.0
1952,1.0
1953,1.0
1954,1.0
1955,1.0
1956,1.0
1957,0.9992976190476192
1958,1.0
1959,1.0
1960,1.0
1961,1.0
1962,1.0
1963,1.0
1964,0.9989506493506494
1965,1.0
1966,0.996262554112554
1967,1.0
1968,0.3841753578464878
1969,0.9000444700724114
1970,1.0
1971,0.02700556371732842
1972,0.9993333333333334
1973,1.0
1974,0.9924150183150184
1975,1.0
1976,0.9915817460317461
1977,0.9894109965198198
1978,0.9996666666666666
1979,1.0
1980,0.9978314574314575
1981,0.9948079365079364
1982,1.0
1983,0.6060868815652869
1984,0.995808585858586
1985,0.9997142857142858
1986,1.0
1987,0.6610046530042637
1988,1.0
1989,0.9848787545787546
1990,0.9238848098839583
1991,0.99925
1992,1.0
1993,1.0
1994,0.9557795640633875
1995,1.0
1996,1.0
1997,1.0
1998,1.0
1999,0.9994285714285714
2000,0.9988730158730158
2001,0.9968069985569986
2002,1.0
2003,1.0
2004,1.0
2005,0.9989333333333333
2006,0.99713841991342
2007,0.9979452380952379
2008,0.6286158127819887
2009,1.0
2010,1.0
2011,0.9949919218036866
2012,0.9990909090909091
2013,1.0
2014,1.0
2015,0.9992747252747253
2016,0.9976588522588522
2017,1.0
2018,1.0
2019,1.0
2020,1.0
2021,0.9983333333333333
2022,0.9995777777777778
2023,1.0
2024,0.9996239316239316
2025,1.0
2026,0.9996923076923078
2027,1.0
2028,1.0
2029,1.0
2030,0.8385334818775995
2031,1.0
2032,0.9947292263292266
2033,1.0
2034,0.95977157009657
2035,0.9118961704961702
2036,1.0
2037,1.0
2038,0.9994545454545455
2039,1.0
2040,1.0
2041,0.9979634809634809
2042,0.9482996975504715
2043,1.0
2044,0.9660682928182927
2045,1.0
2046,1.0
2047,1.0
2048,0.9993324675324675
2049,1.0
2050,1.0
2051,1.0
2052,0.9908459886518709
2053,0.9998823529411764
2054,1.0
2055,0.9975497835497835
2056,1.0
2057,0.9958801864801865
2058,1.0
2059,1.0
2060,0.9374971758633525
2061,1.0
2062,1.0
2063,1.0
2064,1.0
2065,0.9985261258349494
2066,1.0
2067,0.8811291974365506
2068,1.0
2069,1.0
2070,1.0
2071,1.0
2072,1.0
2073,0.9984611111111112
2074,1.0
2075,0.529496473220622
2076,1.0
2077,1.0
2078,0.9916494505494506
2079,0.99775
2080,1.0
2081,1.0
2082,1.0
2083,0.9735978909978912
2084,0.998942857142857
2085,0.9933793706293707
2086,0.9986333333333334
2087,0.9134458259404855
2088,1.0
2089,1.0
2090,1.0
2091,1.0
2092,1.0
2093,1.0
2094,1.0
2095,1.0
2096,0.9994285714285714
2097,0.998453781512605
2098,0.742122137279645
2099,0.9886972158560392
2100,0.9998181818181817
2101,1.0
2102,1.0
2103,0.9994285714285714
2104,1.0
2105,0.9963198912198912
2106,1.0
2107,0.9718940448440448
2108,0.9996666666666667
2109,0.9750911146043496
2110,0.9972606837606839
2111,1.0
2112,0.9980857142857141
2113,1.0
2114,1.0
2115,1.0
2116,1.0
2117,0.992451764901765
2118,0.9998461538461538
2119,1.0
2120,1.0
2121,0.7602792700763294
2122,0.9998333333333334
2123,1.0
2124,1.0
2125,1.0
2126,1.0
2127,1.0
2128,1.0
2129,1.0
2130,0.9995128205128204
2131,1.0
2132,0.7640995607333841
2133,1.0
2134,0.9986071428571429
2135,0.9996
2136,1.0
2137,1.0
2138,0.9448908682820449
2139,0.8490618298797864
2140,1.0
2141,0.9863384237107921
2142,0.9969277555777555
2143,0.9994545454545455
2144,0.9941510378510381
2145,1.0
2146,0.8146115332380045
2147,0.9759764413690883
2148,1.0
2149,1.0
2150,1.0
2151,0.9691739205239205
2152,1.0
2153,0.9932082306582305
2154,0.9966839826839826
2155,1.0
2156,1.0
2157,1.0
2158,0.9994313725490196
2159,1.0
2160,1.0
2161,1.0
2162,0.7177834874361962
2163,1.0
2164,1.0
2165,1.0
2166,0.7828348133892253
2167,1.0
2168,0.9933476190476191
2169,0.9982619047619047
2170,1.0
2171,0.9933022144522146
2172,1.0
2173,0.999
2174,1.0
2175,0.9546342526754289
2176,1.0
2177,1.0
2178,0.9968119047619047
2179,0.9955624098124098
2180,1.0
2181,1.0
2182,0.9992000000000001
2183,0.9980428571428571
2184,1.0
2185,0.993075482850483
2186,0.9978484848484849
2187,1.0
2188,1.0
2189,1.0
2190,1.0
2191,0.999347619047619
2192,1.0
2193,1.0
2194,1.0
2195,1.0
2196,1.0
2197,0.9998333333333334
2198,1.0
2199,0.9934471162824102
2200,1.0
2201,0.9627064760402996
2202,1.0
2203,1.0
2204,1.0
2205,1.0
2206,0.8387693944943946
2207,0.9995324675324675
2208,0.9989589743589744
2209,1.0
2210,0.999090909090909
2211,0.9619706543456543
2212,1.0
2213,1.0
2214,0.9963338383838385
2215,0.9631884504384507
2216,1.0
2217,1.0
2218,1.0
2219,0.9872734515484516
2220,0.9972207792207791
2221,1.0
2222,0.9988357642357643
2223,1.0
2224,1.0
2225,1.0
2226,1.0
2227,1.0
2228,1.0
2229,1.0
2230,0.6978043616514208
2231,0.9922075506193155
2232,0.9997999999999999
2233,0.2531565389688759
2234,1.0
2235,1.0
2236,1.0
2237,0.4699778475136834
2238,1.0
2239,1.0
2240,0.24129954065542292
2241,0.8632738150738155
2242,0.9955128205128204
2243,1.0
2244,0.9907193001443001
2245,1.0
2246,1.0
2247,0.9879853696956638
2248,1.0
2249,0.9984689754689755
2250,1.0
2251,1.0
2252,0.9470928520138271
2253,0.9996
2254,1.0
2255,1.0
2256,0.8581228561771904
2257,1.0
2258,0.3491769990415503
2259,1.0
2260,0.9686178987678989
2261,1.0
2262,1.0
2263,0.9998461538461538
2264,0.9969488955488955
2265,0.9804533577533577
2266,0.7884980674554202
2267,0.9955147186147186
2268,0.9991428571428571
2269,0.9003522043316159
2270,1.0
2271,1.0
2272,0.985111238761239
2273,1.0
2274,1.0
2275,1.0
2276,0.998371794871795
2277,0.9959079365079365
2278,1.0
2279,1.0
2280,0.8047366239969183
2281,1.0
2282,1.0
2283,1.0
2284,1.0
2285,0.9984448412698411
2286,0.9996
2287,1.0
2288,1.0
2289,0.9997142857142857
2290,1.0
2291,0.9997142857142858
2292,0.9995
2293,1.0
2294,1.0
2295,1.0
2296,0.9731991064491065
2297,0.9988302808302808
2298,0.9985
2299,0.9686240287490286
2300,1.0
2301,1.0
2302,1.0
2303,1.0
2304,1.0
2305,1.0
2306,0.9070705280100017
2307,0.9946217948717948
2308,0.9931701298701298
2309,0.910256699432319
2310,1.0
2311,1.0
2312,1.0
2313,0.9996666666666667
2314,1.0
2315,1.0
2316,1.0
2317,1.0
2318,1.0
2319,0.9831711760461761
2320,0.9996666666666666
2321,1.0
2322,1.0
2323,0.9986
2324,0.6235648912358372
2325,1.0
2326,1.0
2327,1.0
2328,1.0
2329,0.3059845685016738
2330,1.0
2331,0.9940674159174161
2332,1.0
2333,0.9994545454545455
2334,1.0
2335,0.9871932012432013
2336,0.6889966699966699
2337,0.8841955632430865
2338,1.0
2339,0.9998181818181817
2340,0.7920574157610542
2341,0.9975
2342,1.0
2343,1.0
2344,1.0
2345,1.0
2346,0.9007413819840291
2347,1.0
2348,0.9982539682539682
2349,0.9659722247833834
2350,1.0
2351,0.9997142857142857
2352,0.9379937686496512
2353,1.0
2354,1.0
2355,0.9506651281467072
2356,1.0
2357,0.9644749361749361
2358,0.9256345963719802
2359,1.0
2360,1.0
2361,0.6292643381042765
2362,1.0
2363,0.9996666666666666
2364,0.9893908646908648
2365,0.062185486735486725
2366,0.9960653235653235
2367,1.0
2368,1.0
2369,0.9985420634920635
2370,1.0
2371,1.0
2372,0.9106953974130441
2373,1.0
2374,1.0
2375,0.8492037704125938
2376,1.0
2377,1.0
2378,1.0
2379,1.0
2380,1.0
2381,1.0
2382,0.9997142857142858
2383,0.7688954600954602
2384,0.5588398287814693
2385,0.991476759351759
2386,0.2789390345980127
2387,0.9951625319125318
2388,1.0
2389,0.9909581973581972
2390,1.0
2391,0.9947634615384617
2392,0.997534126984127
2393,1.0
2394,1.0
2395,1.0
2396,1.0
2397,1.0
2398,1.0
2399,1.0
2400,1.0
2401,0.9752192307692307
2402,1.0
2403,1.0
2404,1.0
2405,0.9447860306360307
2406,0.6847778215248809
2407,0.9984273504273504
2408,0.12719942143339985
2409,0.9985309523809524
2410,1.0
2411,1.0
2412,1.0
2413,1.0
2414,0.9944892857142856
2415,1.0
2416,0.9883101398601399
2417,1.0
2418,1.0
2419,1.0
2420,0.9998461538461538
2421,1.0
2422,1.0
2423,0.997683116883117
2424,1.0
2425,1.0
2426,0.9980380952380953
2427,1.0
2428,0.9997142857142857
2429,0.9969285714285715
2430,0.6763470574231409
2431,0.992092673992674
2432,1.0
2433,0.9937498168498168
2434,0.8661538908803611
2435,1.0
2436,1.0
2437,1.0
2438,1.0
2439,0.9614406676656675
2440,1.0
2441,1.0
2442,1.0
2443,1.0
2444,0.9997999999999999
2445,1.0
2446,1.0
2447,0.5952105305513202
2448,0.9074791972819064
2449,1.0
2450,1.0
2451,1.0
2452,0.8990932343456338
2453,0.99975
2454,1.0
2455,0.9973956403074049
2456,0.9970411255411256
2457,0.9845466089466092
2458,1.0
2459,0.9994000000000001
2460,1.0
2461,0.99855
2462,1.0
2463,0.9986309523809523
2464,0.6365601685208492
2465,1.0
2466,1.0
2467,1.0
2468,1.0
2469,1.0
2470,0.9286742492801318
2471,1.0
2472,0.9860812909312912
2473,1.0
2474,0.9985285714285712
2475,1.0
2476,0.9921035409035409
2477,1.0
2478,0.996953823953824
2479,0.9970165945165945
2480,1.0
2481,0.9637649794649797
2482,1.0
2483,1.0
2484,0.99975
2485,1.0
2486,1.0
2487,1.0
2488,0.9997777777777779
2489,0.732978871292107
2490,0.9998181818181818
2491,1.0
2492,0.8428360734037206
2493,1.0
2494,1.0
2495,1.0
2496,1.0
2497,0.3268791636468107
2498,0.9989666666666667
2499,0.9993333333333334
2500,0.9287746201167255
2501,1.0
2502,1.0
2503,1.0
2504,1.0
2505,0.9035214308567246
2506,0.9986952380952381
2507,0.8335386802739744
2508,0.9894323052764229
2509,1.0
2510,1.0
2511,1.0
2512,1.0
2513,0.9544660672660675
2514,1.0
2515,1.0
2516,1.0
2517,0.9599501557266266
2518,0.9966084748584749
2519,0.9997777777777779
2520,1.0
2521,0.9919888464476698
2522,0.9961585858585859
2523,1.0
2524,1.0
2525,1.0
2526,0.9973083333333334
2527,1.0
2528,1.0
2529,1.0
2530,0.9193010850260857
2531,1.0
2532,1.0
2533,1.0
2534,1.0
2535,1.0
2536,1.0
2537,0.996067821067821
2538,1.0
2539,0.9984761904761905
2540,1.0
2541,1.0
2542,0.8642049014882606
2543,0.95803677988678
2544,1.0
2545,0.99975
2546,1.0
2547,0.8472512197382944
2548,0.505844768209087
2549,0.9794612196626903
2550,1.0
2551,0.9978382173382173
2552,1.0
2553,1.0
2554,1.0
2555,0.28968517936312055
2556,1.0
2557,1.0
2558,0.9906323349852761
2559,0.6837518985400564
2560,1.0
2561,0.9611973224487926
2562,0.9906029730073848
2563,0.9990634920634922
2564,0.9962253968253968
2565,1.0
2566,1.0
2567,1.0
2568,0.995044687665276
2569,1.0
2570,1.0
2571,0.9297518981018981
2572,0.9657791153291151
2573,1.0
2574,0.9968030303030303
2575,0.8644384148531206
2576,0.9957002801120448
2577,1.0
2578,0.8171403511702406
2579,0.9856385697635698
2580,1.0
2581,0.9992545454545454
2582,1.0
2583,1.0
2584,0.9968309523809524
2585,0.9991515151515151
2586,0.7690380804094425
2587,0.9974444444444444
2588,1.0
2589,0.6322663384001614
2590,1.0
2591,0.9768961260961264
2592,1.0
2593,0.1282231649069885
2594,1.0
2595,0.3681299159990336
2596,0.7125499109593539
2597,0.9959363636363637
2598,1.0
2599,1.0
2600,1.0
2601,0.8801264001564318
2602,1.0
2603,1.0
2604,1.0
2605,1.0
2606,1.0
2607,0.8232634194237134
2608,1.0
2609,1.0
2610,0.992550869065575
2611,0.9950104395604396
2612,0.7763088045940987
2613,0.9353435812553462
2614,1.0
2615,1.0
2616,0.9995555555555555
2617,1.0
2618,1.0
2619,0.9993333333333333
2620,1.0
2621,0.999875
2622,0.9995
2623,1.0
2624,1.0
2625,1.0
2626,1.0
2627,0.9988392857142858
2628,0.2780061739516072
2629,0.9523570374070374
2630,1.0
2631,0.9989285714285715
2632,0.9732807553557553
2633,0.9630492853551679
2634,0.842602679999739
2635,0.9973611888111888
2636,1.0
2637,1.0
2638,1.0
2639,0.9997142857142858
2640,1.0
2641,0.5858035435153085
2642,0.9983000000000001
2643,1.0
2644,1.0
2645,0.9991428571428571
2646,0.999088023088023
2647,1.0
2648,1.0
2649,0.867937000624075
2650,0.9754675835602307
2651,1.0
2652,1.0
2653,0.8227126723207988
2654,1.0
2655,1.0
2656,0.99975
2657,0.99875
2658,1.0
2659,1.0
2660,1.0
2661,0.9976555555555555
2662,1.0
2663,0.32828195383048353
2664,1.0
2665,1.0
2666,1.0
2667,0.9982541869894811
2668,0.9841543123543124
2669,0.9996
2670,0.9880398407148409
2671,0.8488612769583361
2672,1.0
2673,1.0
2674,1.0
2675,0.9494354811854807
2676,0.9992571428571427
2677,1.0
2678,1.0
2679,1.0
2680,0.9670148335324805
2681,1.0
2682,1.0
2683,1.0
2684,1.0
2685,0.9574327114921543
2686,1.0
2687,0.9979816017316017
2688,0.9985396825396826
2689,1.0
2690,1.0
2691,0.9939448717948718
2692,0.9774094100344106
2693,0.987973643023643
2694,1.0
2695,0.9961697469197469
2696,1.0
2697,1.0
2698,0.9966807636807636
2699,1.0
2700,0.6620076803915037
2701,1.0
2702,1.0
2703,1.0
2704,1.0
2705,0.976718900380665
2706,0.40823890619184733
2707,1.0
2708,0.7935141933487906
2709,0.9977238095238096
2710,0.9984142857142858
2711,0.5179981425093653
2712,0.9892678321678322
2713,1.0
2714,0.9522661209705331
2715,1.0
2716,1.0
2717,0.7623056149140637
2718,1.0
2719,0.9991666666666668
2720,1.0
2721,1.0
2722,1.0
2723,0.9923920634920634
2724,0.9979095238095239
2725,0.9990980392156863
2726,0.9687000022852964
2727,1.0
2728,1.0
2729,1.0
2730,0.9909478493728495
2731,1.0
2732,0.9995324675324675
2733,1.0
2734,0.9723870490620488
2735,0.9962373626373626
2736,1.0
2737,0.18166916302651612
2738,0.9973189033189034
2739,1.0
2740,1.0
2741,1.0
2742,0.8299947410174965
2743,0.9985271062271062
2744,1.0
2745,1.0
2746,0.9969706349206349
2747,1.0
2748,0.9893613109113107
2749,1.0
2750,1.0
2751,0.9996
2752,1.0
2753,1.0
2754,1.0
2755,1.0
2756,1.0
2757,1.0
2758,0.9721897463647463
2759,1.0
2760,1.0
2761,0.9991785714285715
2762,1.0
2763,1.0
2764,0.9935645679483915
2765,0.846988981280158
2766,1.0
2767,0.9985384615384615
2768,0.9121833220700865
2769,1.0
2770,0.8901845385608542
2771,0.9939574675324675
2772,0.9905598682019733
2773,1.0
2774,1.0
2775,0.9193192294633471
2776,0.9815751970251971
2777,1.0
2778,1.0
2779,1.0
2780,0.19067423148746676
2781,0.9954403318903319
2782,1.0
2783,0.312047619047619
2784,0.8565456393279927
2785,1.0
2786,1.0
2787,1.0
2788,0.9943958152958153
2789,1.0
2790,0.998890909090909
2791,1.0
2792,0.0538228185557133
2793,0.9993333333333333
2794,0.996037012987013
2795,1.0
2796,1.0
2797,0.9762668121094591
2798,0.9899032717282717
2799,0.9969857142857143
2800,1.0
2801,0.9822776834276833
2802,1.0
2803,0.8604835647238898
2804,1.0
2805,0.9688763431013434
2806,1.0
2807,0.9259935499141377
2808,1.0
2809,0.997879365079365
2810,0.25810355891958064
2811,1.0
2812,1.0
2813,0.9987666666666666
2814,1.0
2815,1.0
2816,1.0
2817,1.0
2818,1.0
2819,1.0
2820,0.46997264663441163
2821,1.0
2822,0.9681741258741257
2823,1.0
2824,1.0
2825,0.9928063547563546
2826,1.0
2827,0.9958031024531026
2828,1.0
2829,1.0
2830,0.9975499999999999
2831,1.0
2832,1.0
2833,1.0
2834,1.0
2835,0.892236133895344
2836,1.0
2837,0.33329568775737506
2838,0.9998461538461538
2839,0.9887302439390675
2840,0.9995142857142856
2841,1.0
2842,1.0
2843,1.0
2844,0.9984452880452881
2845,0.979188888888889
2846,0.9882321067821069
2847,1.0
2848,1.0
2849,1.0
2850,0.9990285714285715
2851,0.5142395343734353
2852,1.0
2853,0.9975909090909092
2854,1.0
2855,0.9913645715395715
2856,0.9996666666666666
2857,1.0
2858,0.5838734339705705
2859,0.8289545224383466
2860,0.6292726359381933
2861,0.981717526917527
2862,1.0
2863,1.0
2864,0.1249287341313658
2865,1.0
2866,1.0
2867,1.0
2868,1.0
2869,0.9984689754689755
2870,1.0
2871,1.0
2872,0.971503418803419
2873,0.9978045454545454
2874,0.9987111111111111
2875,1.0
2876,1.0
2877,0.9996
2878,0.9766927433677434
2879,0.9978542568542569
2880,1.0
2881,0.9968415155535899
2882,1.0
2883,1.0
2884,1.0
2885,0.9994285714285714
2886,1.0
2887,1.0
2888,1.0
2889,0.9983102453102454
2890,0.9613071436733199
2891,1.0
2892,0.9491521478521474
2893,0.9968952380952382
2894,1.0
2895,0.8140116967999323
2896,1.0
2897,1.0
2898,0.9757625988047038
2899,1.0
2900,0.9997142857142858
2901,1.0
2902,1.0
2903,1.0
2904,1.0
2905,1.0
2906,1.0
2907,1.0
2908,0.9987142857142857
2909,1.0
2910,1.0
2911,0.9987350427350427
2912,0.43093749387867036
2913,1.0
2914,1.0
2915,0.9996923076923078
2916,1.0
2917,1.0
2918,1.0
2919,0.9096229257670431
2920,0.9982051282051282
2921,1.0
2922,0.6754859097988357
2923,0.9993162393162394
2924,0.0703741794153559
2925,0.9996666666666666
2926,0.8398579629520808
2927,0.9367234820477086
2928,1.0
2929,1.0
2930,0.01769392624918941
2931,1.0
2932,0.9998461538461538
2933,1.0
2934,1.0
2935,1.0
2936,1.0
2937,1.0
2938,0.998797619047619
2939,1.0
2940,1.0
2941,1.0
2942,0.8553921371680319
2943,1.0
2944,1.0
2945,0.22578593742858458
2946,0.9415416361416364
2947,1.0
2948,0.6390545971777374
2949,1.0
2950,1.0
2951,1.0
2952,1.0
2953,1.0
2954,1.0
2955,0.9088293696499578
2956,1.0
2957,1.0
2958,0.9993333333333333
2959,0.9987606837606837
2960,1.0
2961,1.0
2962,0.9987700854700854
2963,0.8505205258793496
2964,1.0
2965,0.9965266955266956
2966,0.9997999999999999
2967,0.9997777777777779
2968,0.9961217338217339
2969,0.98643581973582
2970,1.0
2971,1.0
2972,0.9989870129870129
2973,0.9879904539904539
2974,1.0
2975,0.9997142857142858
2976,0.99975
2977,0.6086695614842673
2978,0.9991794871794872
2979,1.0
2980,1.0
2981,1.0
2982,0.9920958874458875
2983,1.0
2984,1.0
2985,1.0
2986,1.0
2987,1.0
2988,1.0
2989,1.0
2990,0.9966358363858363
2991,0.99616328320802
2992,0.9996
2993,1.0
2994,0.5391557394789592
2995,0.9916673160173161
2996,1.0
2997,1.0
2998,0.9442490731490731
2999,0.5010472341298193
3000,0.9306742979242982
3001,0.9991764705882352
3002,1.0
3003,0.9601291625041628
3004,1.0
3005,0.9943323953823953
3006,1.0
3007,0.6080446925623393
3008,0.47436749766401487
3009,1.0
3010,0.9992833333333333
3011,0.716531882788694
3012,1.0
3013,0.9846385170385169
3014,1.0
3015,0.9982619047619047
3016,0.9997999999999999
3017,0.999609022556391
3018,0.9972925824175825
3019,1.0
3020,0.9872789266289267
3021,1.0
3022,1.0
3023,1.0
3024,1.0
3025,0.040300329684075806
3026,1.0
3027,1.0
3028,0.9853471861471862
3029,1.0
3030,0.9996666666666666
3031,1.0
3032,0.9971227272727273
3033,1.0
3034,0.7724616048725959
3035,0.28611535049917425
3036,0.9922927738927738
3037,1.0
3038,1.0
3039,0.7572178667823406
3040,1.0
3041,1.0
3042,0.9987606837606837
3043,0.9994444444444445
3044,0.45533598729272107
3045,0.999025641025641
3046,1.0
3047,0.9854613373554553
3048,0.9992727272727272
3049,1.0
3050,1.0
3051,1.0
3052,1.0
3053,0.9997777777777779
3054,1.0
3055,1.0
3056,1.0
3057,0.37610810725222504
3058,1.0
3059,0.9980530303030304
3060,1.0
3061,1.0
3062,1.0
3063,1.0
3064,1.0
3065,1.0
3066,1.0
3067,1.0
3068,0.8626466053554293
3069,1.0
3070,0.9826195526695529
3071,0.33351563991563987
3072,0.9949287434787435
3073,1.0
3074,1.0
3075,0.9997777777777779
3076,1.0
3077,1.0
3078,1.0
3079,0.9963333333333334
3080,1.0
3081,1.0
3082,0.9373252198781608
3083,1.0
3084,0.9145204439351499
3085,0.99975
3086,0.9925283827283826
3087,0.9945173881673882
3088,1.0
3089,0.7560120014832092
3090,0.9993055555555556
3091,1.0
3092,1.0
3093,0.9931138188608778
3094,1.0
3095,0.6415949989552931
3096,0.9726741337094277
3097,1.0
3098,1.0
3099,0.9995384615384615
3100,0.9997999999999999
3101,0.9971746031746032
3102,1.0
3103,0.9871959956709957
3104,1.0
3105,1.0
3106,0.9941724053724053
3107,0.8041876991515535
3108,0.9147997149565263
3109,0.986145127095127
3110,1.0
3111,0.9988333333333334
3112,1.0
3113,0.9982285714285712
3114,0.9960666944166943
3115,0.99885
3116,1.0
3117,0.9953792207792209
3118,1.0
3119,1.0
3120,0.9995555555555555
3121,1.0
3122,1.0
3123,0.9990277777777778
3124,1.0
3125,0.978246708846709
3126,0.9841693362193362
3127,1.0
3128,1.0
3129,1.0
3130,1.0
3131,0.9951616750208856
3132,0.5278951479042939
3133,1.0
3134,1.0
3135,1.0
3136,0.9977652014652014
3137,1.0
3138,0.9994666666666666
3139,1.0
3140,1.0
3141,0.9976403596403597
3142,0.9996666666666666
3143,0.8906980956178325
3144,0.9990338680926917
3145,1.0
3146,1.0
3147,0.9994
3148,0.9338990241011144
3149,1.0
3150,0.7890022939478826
3151,0.9993777777777777
3152,0.9620334054834052
3153,0.9466752136752138
3154,1.0
3155,1.0
3156,0.9997777777777779
3157,1.0
3158,1.0
3159,0.9491582151508623
3160,0.999875
3161,1.0
3162,1.0
3163,0.3211753684224273
3164,0.9987111111111111
3165,0.5837454019836373
3166,1.0
3167,1.0
3168,0.9985757575757576
3169,1.0
3170,0.999469696969697
3171,0.999625
3172,1.0
3173,1.0
3174,0.9996666666666666
3175,1.0
3176,1.0
3177,1.0
3178,1.0
3179,0.9994181818181819
3180,1.0
3181,0.9996
3182,0.9980761904761905
3183,0.7596172999515105
3184,0.9991384615384615
3185,0.9799579864579863
3186,1.0
3187,0.9838985930735933
3188,1.0
3189,1.0
3190,1.0
3191,1.0
3192,1.0
3193,1.0
3194,0.9996666666666666
3195,1.0
3196,1.0
3197,1.0
3198,1.0
3199,0.9995
3200,1.0
3201,1.0
3202,1.0
3203,1.0
3204,1.0
3205,0.9959043845043845
3206,1.0
3207,0.9973189033189034
3208,1.0
3209,0.9992181818181819
3210,1.0
3211,0.9402638960454749
3212,0.9989696969696968
3213,1.0
3214,0.9822283549783548
3215,0.9495383711317921
3216,0.9984273504273504
3217,1.0
3218,1.0
3219,1.0
3220,1.0
3221,1.0
3222,1.0
3223,1.0
3224,1.0
3225,0.9996
3226,1.0
3227,1.0
3228,0.9115412801938345
3229,0.9980833333333332
3230,1.0
3231,0.906765899760714
3232,0.9923393051393052
3233,1.0
3234,1.0
3235,1.0
3236,1.0
3237,1.0
3238,0.9947118437118437
3239,1.0
3240,0.9997777777777779
3241,0.7546569882044342
3242,0.9994285714285714
3243,1.0
3244,1.0
3245,0.9771023432449903
3246,0.8048789923956332
3247,1.0
3248,1.0
3249,1.0
3250,0.8953176536311984
3251,1.0
3252,1.0
3253,1.0
3254,0.9998461538461538
3255,0.9998333333333332
3256,0.5909758110482566
3257,1.0
3258,0.9997999999999999
3259,0.99975
3260,1.0
3261,1.0
3262,0.99925
3263,1.0
3264,1.0
3265,1.0
3266,0.9995555555555555
3267,1.0
3268,0.9903511904761906
3269,1.0
3270,0.9012627060074428
3271,1.0
3272,0.9952373071373073
3273,0.8500364746364747
3274,0.9955474747474746
3275,0.9526691450706156
3276,0.9977307692307693
3277,0.9946000638250637
3278,0.9988937728937729
3279,0.726835424104619
3280,0.9996666666666666
3281,0.996111038961039
3282,1.0
3283,0.9962141414141416
3284,1.0
3285,0.9998333333333334
3286,1.0
3287,0.9690591119406909
3288,1.0
3289,1.0
3290,1.0
3291,0.9563944077164669
3292,1.0
3293,0.9997777777777779
3294,0.3295854222918466
3295,0.9992666666666666
3296,1.0
3297,0.5222340393266863
3298,1.0
3299,1.0
3300,0.9495409035409036
3301,0.975126973026973
3302,1.0
3303,1.0
3304,1.0
3305,0.9954788211788212
3306,1.0
3307,0.999
3308,0.690417051369683
3309,0.9981999999999999
3310,1.0
3311,0.959231481590305
3312,0.9901134920634921
3313,1.0
3314,0.9850209463738875
3315,1.0
3316,1.0
3317,0.9905726551226552
3318,1.0
3319,1.0
3320,0.16662506361887183
3321,0.9287595332771805
3322,0.991504329004329
3323,1.0
3324,0.9851022880370403
3325,0.9984166666666666
3326,0.99575
3327,1.0
3328,1.0
3329,1.0
3330,1.0
3331,1.0
3332,0.32869556648202164
3333,0.9965722222222223
3334,0.9950388888888888
3335,0.9986666666666667
3336,0.7558462620712622
3337,0.9951446886446886
3338,1.0
3339,1.0
3340,1.0
3341,1.0
3342,1.0
3343,1.0
3344,1.0
3345,1.0
3346,1.0
3347,1.0
3348,0.99975
3349,1.0
3350,0.9993142857142858
3351,0.9977555555555556
3352,1.0
3353,1.0
3354,1.0
3355,1.0
3356,1.0
3357,1.0
3358,0.9539702287908173
3359,1.0
3360,1.0
3361,0.9996666666666666
3362,1.0
3363,0.9998333333333334
3364,0.988567232767233
3365,0.99975
3366,0.9903806748806748
3367,0.9982095238095238
3368,1.0
3369,0.2787518464765368
3370,1.0
3371,0.9991142857142856
3372,0.9998181818181818
3373,1.0
3374,0.9949230658230658
3375,1.0
3376,1.0
3377,0.9977222222222223
3378,1.0
3379,1.0
3380,0.9985166666666666
3381,1.0
3382,1.0
3383,0.99585955988456
3384,0.9992051282051282
3385,0.9994545454545455
3386,0.9920784992784991
3387,0.9934999999999999
3388,1.0
3389,0.9996
3390,0.9885276112776114
3391,0.9935880952380953
3392,1.0
3393,1.0
3394,0.9943204906204905
3395,1.0
3396,0.9687994749497969
3397,0.4651252991332715
3398,1.0
3399,0.9991333333333333
3400,1.0
3401,0.995668931068931
3402,0.9994545454545455
3403,0.9991774042950513
3404,0.9983777777777778
3405,1.0
3406,1.0
3407,1.0
3408,0.9998461538461538
3409,1.0
3410,0.9997142857142858
3411,0.9968857142857144
3412,1.0
3413,0.539106716786825
3414,0.9995555555555556
3415,1.0
3416,0.9930465909907086
3417,0.9901054834054833
3418,0.9937972582972583
3419,1.0
3420,1.0
3421,0.99925
3422,0.3417174603174603
3423,0.9986674641148325
3424,1.0
3425,0.6799263666244316
3426,0.9980707847707849
3427,1.0
3428,0.9996
3429,0.9516740426326338
3430,1.0
3431,1.0
3432,0.9816063769563769
3433,1.0
3434,0.7654949689199685
3435,1.0
3436,0.9959309523809524
3437,0.9776383172383173
3438,1.0
3439,1.0
3440,0.5416090048066834
3441,0.9981971916971917
3442,1.0
3443,1.0
3444,0.9996666666666666
3445,1.0
3446,1.0
3447,0.9995714285714286
3448,0.9548162650215282
3449,1.0
3450,1.0
3451,1.0
3452,0.99975
3453,0.9918665223665224
3454,0.9980027472527473
3455,0.99975
3456,0.8848591249909368
3457,1.0
3458,0.9987606837606837
3459,0.7260301815315747
3460,1.0
3461,0.9755145410145409
3462,0.9987777777777779
3463,1.0
3464,1.0
3465,1.0
3466,1.0
3467,1.0
3468,1.0
3469,1.0
3470,1.0
3471,1.0
3472,0.99925
3473,0.3775331596422154
3474,0.9988727272727271
3475,1.0
3476,0.9930505772005772
3477,0.5094336813513283
3478,0.9311791431135087
3479,0.9996
3480,0.9978571428571428
3481,0.9985384615384616
3482,0.9937558608058609
3483,0.9997142857142858
3484,0.9994
3485,0.9945792207792208
3486,0.9996666666666666
3487,0.3821581239022415
3488,0.9991284271284271
3489,1.0
3490,1.0
3491,1.0
3492,1.0
3493,0.9997142857142857
3494,1.0
3495,1.0
3496,0.9997999999999999
3497,1.0
3498,0.967788894438894
3499,1.0
3500,1.0
3501,0.9995
3502,1.0
3503,1.0
3504,0.9649309301809307
3505,0.9973208347208348
3506,0.5224036520668879
3507,1.0
3508,1.0
3509,1.0
3510,0.99925
3511,1.0
3512,0.9408863802863802
3513,0.9991333333333333
3514,0.972417155067155
3515,0.9992666666666666
3516,0.6638022444875384
3517,1.0
3518,0.9990666666666667
3519,1.0
3520,0.9768160398081448
3521,0.976216841491842
3522,1.0
3523,1.0
3524,0.5124355055619758
3525,0.975236197136197
3526,0.9835308080808083
3527,1.0
3528,0.9776110389610394
3529,1.0
3530,1.0
3531,0.9739388722388722
3532,1.0
3533,1.0
3534,0.9983055555555556
3535,1.0
3536,1.0
3537,1.0
3538,1.0
3539,0.9976495726495728
3540,0.6588797012413115
3541,0.996550360750361
3542,1.0
3543,1.0
3544,1.0
3545,1.0
3546,0.9984273504273503
3547,0.9988888888888889
3548,1.0
3549,0.05638579476079475
3550,0.9986960784313726
3551,0.9955165945165944
3552,0.9215186202686202
3553,0.9632293484293482
3554,1.0
3555,1.0
3556,0.9980707847707849
3557,0.625086634521309
3558,0.953337121212121
3559,0.9996666666666667
3560,1.0
3561,1.0
3562,0.921258463758464
3563,1.0
3564,0.7878673359320424
3565,1.0
3566,1.0
3567,1.0
3568,1.0
3569,0.9994285714285714
3570,1.0
3571,1.0
3572,1.0
3573,1.0
3574,0.9971336996336997
3575,0.999411111111111
3576,1.0
3577,1.0
3578,1.0
3579,1.0
3580,0.9386505430843666
3581,1.0
3582,1.0
3583,0.9429966491283054
3584,1.0
3585,1.0
3586,1.0
3587,0.8931970335220333
3588,0.960933261183261
3589,1.0
3590,1.0
3591,0.9991111111111111
3592,1.0
3593,1.0
3594,1.0
3595,0.9995555555555555
3596,1.0
3597,0.7669861324949561
3598,0.6921511684394033
3599,1.0
3600,1.0
3601,1.0
3602,0.9926921411921411
3603,1.0
3604,0.674211363636363
3605,0.9922838217338216
3606,1.0
3607,0.9974307692307693
3608,1.0
3609,0.9982273504273503
3610,0.8982526778776778
3611,1.0
3612,0.8283261762747061
3613,1.0
3614,1.0
3615,0.9985050505050506
3616,0.9899306193806194
3617,1.0
3618,1.0
3619,1.0
3620,0.9457691537220952
3621,1.0
3622,1.0
3623,1.0
3624,0.24806557331557327
3625,1.0
3626,1.0
3627,0.9615623319490963
3628,0.9985940170940171
3629,1.0
3630,1.0
3631,0.9981785714285715
3632,1.0
3633,0.9997777777777779
3634,1.0
3635,0.9979453601953602
3636,0.9989285714285715
3637,0.4807075059701221
3638,1.0
3639,0.9926664502164504
3640,0.9954387488328665
3641,1.0
3642,0.997948656898657
3643,1.0
3644,0.9956813492063493
3645,0.9927842750816435
3646,1.0
3647,1.0
3648,1.0
3649,0.9809266379303527
3650,1.0
3651,1.0
3652,1.0
3653,0.9995555555555555
3654,1.0
3655,1.0
3656,1.0
3657,1.0
3658,0.9988333333333334
3659,1.0
3660,1.0
3661,0.9992280701754386
3662,1.0
3663,0.9889710847975552
3664,1.0
3665,0.260475569434006
3666,1.0
3667,1.0
3668,0.956379159565924
3669,0.6404190343282447
3670,1.0
3671,0.9991111111111111
3672,1.0
3673,1.0
3674,0.9979090909090909
3675,0.9672220862470865
3676,0.99975
3677,0.7974230522745235
3678,0.9997333333333334
3679,0.9939565323565326
3680,1.0
3681,0.910458491508492
3682,1.0
3683,0.9931103174603174
3684,0.9997999999999999
3685,1.0
3686,1.0
3687,1.0
3688,1.0
3689,1.0
3690,0.9970000000000001
3691,0.9878258574758575
3692,1.0
3693,0.9984333333333334
3694,1.0
3695,1.0
3696,0.9530640415140414
3697,1.0
3698,1.0
3699,1.0
3700,1.0
3701,0.9940626984126986
3702,1.0
3703,0.9958888888888888
3704,1.0
3705,0.9984309523809524
3706,0.9768220806970804
3707,1.0
3708,1.0
3709,0.547852369448577
3710,1.0
3711,0.8786671963141773
3712,1.0
3713,1.0
3714,1.0
3715,1.0
3716,1.0
3717,1.0
3718,1.0
3719,1.0
3720,0.9994545454545455
3721,0.979093954248366
3722,1.0
3723,1.0
3724,0.9994285714285714
3725,0.1857374406639114
3726,0.5959324599806798
3727,0.9970967532467532
3728,0.999
3729,0.9982642602495544
3730,0.11058131166219408
3731,1.0
3732,0.5808383063015417
3733,1.0
3734,1.0
3735,1.0
3736,1.0
3737,1.0
3738,1.0
3739,1.0
3740,1.0
3741,0.9774178210678213
3742,1.0
3743,0.9919991341991343
3744,1.0
3745,1.0
3746,1.0
3747,1.0
3748,0.981214074814075
3749,0.9924123347240994
3750,0.999875
3751,0.9992363636363637
3752,0.9943993339993342
3753,0.9988333333333334
3754,0.9998181818181818
3755,0.9998181818181818
3756,0.9993604395604395
3757,1.0
3758,1.0
3759,0.9909478493728495
3760,1.0
3761,0.9622183483183486
3762,1.0
3763,0.9398429632459049
3764,1.0
3765,1.0
3766,0.9943374958374958
3767,1.0
3768,0.8711959762459766
3769,0.9967452380952381
3770,1.0
3771,1.0
3772,1.0
3773,0.995835164835165
3774,1.0
3775,1.0
3776,0.9982626262626262
3777,1.0
3778,1.0
3779,0.8354296300105121
3780,0.9994285714285714
3781,1.0
3782,0.9990461538461538
3783,0.9812218412306648
3784,1.0
3785,1.0
3786,0.4823605004419995
3787,1.0
3788,1.0
3789,1.0
3790,1.0
3791,1.0
3792,1.0
3793,1.0
3794,1.0
3795,1.0
3796,1.0
3797,1.0
3798,1.0
3799,0.7244246022381479
3800,1.0
3801,1.0
3802,1.0
3803,1.0
3804,1.0
3805,1.0
3806,1.0
3807,1.0
3808,1.0
3809,0.5911809165665203
3810,1.0
3811,0.9521276584526585
3812,0.9883873515373517
3813,1.0
3814,0.9884830086580088
3815,1.0
3816,0.9994285714285714
3817,1.0
3818,0.9975357142857142
3819,0.3107578643578644
3820,1.0
3821,0.9953455564043798
3822,0.9980404040404041
3823,1.0
3824,0.9993055555555556
3825,0.9994444444444445
3826,0.9983825396825396
3827,1.0
3828,0.5781845846362101
3829,1.0
3830,0.9996
3831,0.9990285714285715
3832,1.0
3833,0.9965627450980391
3834,0.999
3835,0.9940854978354978
3836,1.0
3837,1.0
3838,1.0
3839,0.9972833333333334
3840,1.0
3841,1.0
3842,0.7828685425685424
3843,0.7912051556286853
3844,1.0
3845,0.9986027972027973
3846,0.9939796536796537
3847,0.42536768631265537
3848,1.0
3849,1.0
3850,0.9970466386554621
3851,1.0
3852,1.0
3853,0.9750542411836531
3854,1.0
3855,0.9965796092796094
3856,0.9981409090909092
3857,0.998031746031746
3858,0.5028431594549244
3859,1.0
3860,1.0
3861,1.0
3862,0.5050446382049325
3863,0.9997777777777779
3864,1.0
3865,0.9525453890880361
3866,1.0
3867,0.9995
3868,1.0
3869,1.0
3870,0.9974785714285715
3871,1.0
3872,1.0
3873,0.3433368530592217
3874,0.9971531524031524
3875,0.9998333333333334
3876,1.0
3877,0.9972766788766787
3878,1.0
3879,1.0
3880,1.0
3881,1.0
3882,1.0
3883,1.0
3884,0.9974444444444444
3885,0.9989324675324676
3886,1.0
3887,0.9975233100233102
3888,1.0
3889,1.0
3890,0.9835050469138703
3891,1.0
3892,1.0
3893,1.0
3894,1.0
3895,1.0
3896,0.9973876531964768
3897,0.7903522089022094
3898,1.0
3899,0.9886998556998556
3900,1.0
3901,0.9763923909423909
3902,0.7874611199172347
3903,0.9393852114088183
3904,1.0
3905,1.0
3906,1.0
3907,1.0
3908,1.0
3909,1.0
3910,1.0
3911,1.0
3912,0.9739585337177443
3913,1.0
3914,1.0
3915,0.9997999999999999
3916,1.0
3917,1.0
3918,0.49640700018935335
3919,1.0
3920,1.0
3921,1.0
3922,1.0
3923,1.0
3924,0.9872338161838163
3925,0.9961098984348985
3926,1.0
3927,1.0
3928,0.9998571428571429
3929,1.0
3930,1.0
3931,0.9947753968253968
3932,1.0
3933,1.0
3934,1.0
3935,0.9971551948051948
3936,1.0
3937,1.0
3938,0.9426845285433522
3939,1.0
3940,0.5703935773892426
3941,0.9994
3942,0.9986
3943,0.9973131868131868
3944,0.9981760461760463
3945,1.0
3946,1.0
3947,1.0
3948,1.0
3949,1.0
3950,0.8145532013737892
3951,1.0
3952,0.9996666666666667
3953,1.0
3954,1.0
3955,0.9960080586080586
3956,0.9996
3957,0.848509371837313
3958,1.0
3959,1.0
3960,0.9773780889045595
3961,1.0
3962,0.958933899597135
3963,1.0
3964,1.0
3965,0.9997777777777779
3966,1.0
3967,0.9026684449537389
3968,0.8517435559108929
3969,0.8508378683408092
3970,1.0
3971,1.0
3972,1.0
3973,1.0
3974,1.0
3975,1.0
3976,1.0
3977,0.9991428571428571
3978,0.9996666666666666
3979,0.9698631257631259
3980,1.0
3981,1.0
3982,0.9157528344204815
3983,0.974999567099567
3984,0.9996666666666666
3985,1.0
3986,1.0
3987,0.9801701298701301
3988,0.9995128205128204
3989,1.0
3990,0.9947424963924962
3991,0.9975631868131868
3992,1.0
3993,0.9602025906841696
3994,0.38473349453264316
3995,0.6086508447119905
3996,0.9974761238761239
3997,1.0
3998,0.19537014871952957
3999,0.9922199346405228
4000,1.0
4001,1.0
4002,1.0
4003,0.8830665012404177
4004,1.0
4005,0.7528957733357113
4006,1.0
4007,1.0
4008,0.9899883227883229
4009,1.0
4010,1.0
4011,0.42502878597151
4012,0.9937263403263404
4013,1.0
4014,0.9982747252747253
4015,0.9988809523809524
4016,1.0
4017,1.0
4018,0.9984484126984127
4019,1.0
4020,1.0
4021,0.9215841955086539
4022,0.9972896825396825
4023,1.0
4024,1.0
4025,0.9997142857142858
4026,1.0
4027,1.0
4028,1.0
4029,1.0
4030,1.0
4031,0.9997777777777779
4032,0.9961111111111111
4033,0.9993102453102455
4034,1.0
4035,0.998797619047619
4036,0.6471166235725063
4037,1.0
4038,1.0
4039,1.0
4040,1.0
4041,0.8498659356982883
4042,0.9994666666666667
4043,0.9985380952380952
4044,1.0
4045,0.9313429006064455
4046,0.7980933190992017
4047,1.0
4048,1.0
4049,1.0
4050,0.9747773861845072
4051,0.984610162713104
4052,1.0
4053,0.9612271563919396
4054,1.0
4055,1.0
4056,0.9937938727938728
4057,0.8799550474035768
4058,1.0
4059,1.0
4060,0.9991846153846153
4061,1.0
4062,1.0
4063,1.0
4064,0.9994285714285713
4065,0.9025859995267896
4066,1.0
4067,1.0
4068,1.0
4069,1.0
4070,0.9131606090589834
4071,1.0
4072,0.9998181818181818
4073,0.9867237373737371
4074,0.5301588067161601
4075,1.0
4076,0.951764839984577
4077,1.0
4078,1.0
4079,0.9979603729603729
4080,1.0
4081,1.0
4082,1.0
4083,0.9989285714285715
4084,1.0
4085,1.0
4086,1.0
4087,1.0
4088,1.0
4089,1.0
4090,0.8762597689891811
4091,0.7089725371721504
4092,1.0
4093,1.0
4094,0.6805588278508553
4095,0.9986952380952381
4096,1.0
4097,0.2970654900654901
4098,1.0
4099,1.0
4100,1.0
4101,1.0
4102,0.971135236985237
4103,0.7565432492344255
4104,1.0
4105,1.0
4106,0.9992000000000001
4107,0.9976595238095238
4108,1.0
4109,0.9994545454545455
4110,1.0
4111,0.9400513236763238
4112,1.0
4113,0.9157717463908638
4114,0.9997999999999999
4115,1.0
4116,1.0
4117,1.0
4118,1.0
4119,1.0
4120,1.0
4121,1.0
4122,0.9774198412698412
4123,0.9651300997248365
4124,0.9299224910710207
4125,1.0
4126,1.0
4127,0.3504640243743186
4128,1.0
4129,1.0
4130,0.9926815628815627
4131,1.0
4132,1.0
4133,0.9996666666666667
4134,1.0
4135,0.8152939738366215
4136,1.0
4137,1.0
4138,0.8949271760918819
4139,1.0
4140,0.9982000000000001
4141,1.0
4142,1.0
4143,0.9968946220446221
4144,1.0
4145,0.9920884615384614
4146,1.0
4147,0.998025641025641
4148,0.9982484126984128
4149,1.0
4150,1.0
4151,1.0
4152,1.0
4153,1.0
4154,1.0
4155,0.8675355231026283
4156,0.9963674603174602
4157,1.0
4158,0.8201510740893094
4159,0.3921923360952769
4160,1.0
4161,0.9745843555137672
4162,1.0
4163,0.9988888888888889
4164,1.0
4165,0.9319203925159809
4166,0.47029585594144374
4167,1.0
4168,1.0
4169,0.9986031746031747
4170,0.9989
4171,0.9984
4172,1.0
4173,1.0
4174,1.0
4175,0.8917171510120426
4176,1.0
4177,1.0
4178,1.0
4179,0.9983238095238096
4180,0.999625
4181,0.8467119243501596
4182,1.0
4183,0.8934312760768641
4184,0.9995
4185,1.0
4186,1.0
4187,1.0
4188,1.0
4189,0.987042156862745
4190,0.9738054262730733
4191,0.45253052218380296
4192,1.0
4193,1.0
4194,1.0
4195,0.9939649850149849
4196,0.9998181818181817
4197,1.0
4198,0.9996
4199,0.982458888170653
4200,1.0
4201,1.0
4202,1.0
4203,0.9997999999999999
4204,0.9645964164920049
4205,0.6919979693595022
4206,0.9941121572871573
4207,0.982205300908242
4208,0.9995
4209,1.0
4210,1.0
4211,1.0
4212,1.0
4213,1.0
4214,1.0
4215,0.9636653235653239
4216,0.9988888888888889
4217,1.0
4218,0.9993333333333334
4219,0.9899333305583304
4220,1.0
4221,1.0
4222,1.0
4223,0.966511183261183
4224,0.998920634920635
4225,0.31144535953382696
4226,0.9991
4227,0.15389038412567835
4228,1.0
4229,1.0
4230,1.0
4231,0.27973553275070306
4232,1.0
4233,1.0
4234,1.0
4235,1.0
4236,0.9997142857142858
4237,0.9379485292485295
4238,1.0
4239,0.9991111111111112
4240,0.9853163780663781
4241,1.0
4242,1.0
4243,1.0
4244,0.9993333333333334
4245,0.9988888888888889
4246,0.9993896103896103
4247,1.0
4248,0.99875
4249,1.0
4250,0.9996
4251,0.99875
4252,0.9582438727938729
4253,0.9995
4254,1.0
4255,0.9972136197136197
4256,1.0
4257,0.9995604395604396
4258,0.9987606837606837
4259,0.9932856421356422
4260,0.998071794871795
4261,1.0
4262,0.9899072039072039
4263,1.0
4264,0.6159240500727345
4265,0.9996666666666666
4266,1.0
4267,0.9607293262293265
4268,1.0
4269,1.0
4270,0.9630924033482855
4271,1.0
4272,0.99975
4273,0.9266815628815631
4274,1.0
4275,0.674085739724672
4276,1.0
4277,1.0
4278,0.9974361111111111
4279,0.6557669147845624
4280,1.0
4281,0.9997142857142858
4282,1.0
4283,0.9995555555555555
4284,0.9984712121212121
4285,0.9934826617826618
4286,0.9988063492063491
4287,0.9755446747696748
4288,1.0
4289,1.0
4290,1.0
4291,0.9985
4292,1.0
4293,1.0
4294,0.38718519133085694
4295,0.957096376989024
4296,0.9978863636363636
4297,0.9990277777777778
4298,1.0
4299,1.0
4300,0.99975
4301,0.9992000000000001
4302,1.0
4303,0.9992222222222221
4304,0.99975
4305,1.0
4306,0.03816501260177731
4307,0.9533647264500201
4308,0.217388062015384
4309,1.0
4310,1.0
4311,1.0
4312,1.0
4313,0.9932772893772894
4314,0.9998823529411764
4315,0.9997777777777779
4316,0.2046828068474355
4317,0.9994166666666667
4318,0.7493560184225817
4319,1.0
4320,0.9988604895104896
4321,1.0
4322,1.0
4323,1.0
4324,0.9984273504273504
4325,1.0
4326,0.9785788923494806
4327,1.0
4328,0.9992000000000001
4329,1.0
4330,1.0
4331,1.0
4332,0.8008929191379649
4333,1.0
4334,1.0
4335,1.0
4336,1.0
4337,1.0
4338,1.0
4339,1.0
4340,1.0
4341,0.9892351426351427
4342,1.0
4343,0.994626923076923
4344,0.9988571428571429
4345,1.0
4346,1.0
4347,1.0
4348,1.0
4349,0.999
4350,0.5633261561967448
4351,0.9981692307692307
4352,0.9987619047619049
4353,0.9869024642024642
4354,1.0
4355,1.0
4356,1.0
4357,1.0
4358,1.0
4359,1.0
4360,1.0
4361,1.0
4362,1.0
4363,1.0
4364,0.9984273504273504
4365,1.0
4366,1.0
4367,0.8475919229807005
4368,0.9988571428571429
4369,0.9991428571428571
4370,1.0
4371,1.0
4372,1.0
4373,1.0
4374,0.9996666666666667
4375,0.19395008325008348
4376,1.0
4377,1.0
4378,1.0
4379,1.0
4380,1.0
4381,0.9783955017205017
4382,1.0
4383,1.0
4384,0.9548588300588299
4385,1.0
4386,0.9728098839069427
4387,1.0
4388,1.0
4389,1.0
4390,0.4998669578185833
4391,0.9482055777555779
4392,0.9997142857142858
4393,0.971896464646465
4394,0.9979090909090909
4395,1.0
4396,1.0
4397,1.0
4398,1.0
4399,1.0
4400,1.0
4401,0.6540414353620234
4402,1.0
4403,1.0
4404,0.9988175824175825
4405,0.9983809523809523
4406,1.0
4407,1.0
4408,1.0
4409,1.0
4410,1.0
4411,1.0
4412,1.0
4413,0.9847413867178574
4414,1.0
4415,0.9989006493506494
4416,1.0
4417,0.9965883247471482
4418,0.5841104627398747
4419,0.9994285714285714
4420,0.7035756186623837
4421,1.0
4422,1.0
4423,1.0
4424,0.9819683094683095
4425,0.6336943543814281
4426,0.9952300144300144
4427,1.0
4428,1.0
4429,1.0
4430,0.9705067016317018
4431,1.0
4432,1.0
4433,0.9738161838161836
4434,1.0
4435,1.0
4436,1.0
4437,0.7816882692470922
4438,1.0
4439,1.0
4440,1.0
4441,1.0
4442,1.0
4443,1.0
4444,1.0
4445,1.0
4446,0.9996666666666666
4447,1.0
4448,1.0
4449,1.0
4450,1.0
4451,0.9996
4452,0.9961892551892553
4453,1.0
4454,1.0
4455,1.0
4456,1.0
4457,1.0
4458,0.9997777777777779
4459,1.0
4460,0.9957229936729938
4461,0.9972141414141416
4462,0.9983873626373627
4463,1.0
4464,0.5429122503227768
4465,1.0
4466,1.0
4467,0.25724548229548233
4468,1.0
4469,0.9710439497636865
4470,1.0
4471,1.0
4472,1.0
4473,0.9996666666666666
4474,1.0
4475,1.0
4476,1.0
4477,0.9996666666666666
4478,1.0
4479,0.890613340460709
4480,0.6940322107974581
4481,0.9995
4482,1.0
4483,0.9993142857142858
4484,1.0
4485,1.0
4486,1.0
4487,0.6597629906557154
4488,1.0
4489,0.7588784823020118
4490,1.0
4491,1.0
4492,0.6147052006816712
4493,1.0
4494,1.0
4495,1.0
4496,1.0
4497,0.9830438505938505
4498,0.9939244334097275
4499,1.0
4500,1.0
4501,1.0
4502,0.99975
4503,0.9931166666666666
4504,1.0
4505,1.0
4506,1.0
4507,1.0
4508,1.0
4509,0.9984920634920635
4510,0.4990524826308884
4511,0.9875860889110888
4512,1.0
4513,1.0
4514,1.0
4515,1.0
4516,0.9833473914973915
4517,1.0
4518,0.8945756492819186
4519,0.6870808385628819
4520,1.0
4521,1.0
4522,0.9997142857142857
4523,0.9994285714285713
4524,0.9991111111111111
4525,1.0
4526,1.0
4527,0.6247861236858442
4528,1.0
4529,0.9989920634920636
4530,0.9989166666666667
4531,0.9984
4532,0.9985
4533,0.9872909090909091
4534,0.7377054768760652
4535,1.0
4536,1.0
4537,0.9773094960594962
4538,0.9944270562770563
4539,0.9980385281385282
4540,1.0
4541,1.0
4542,0.987636738261738
4543,1.0
4544,0.523096694593676
4545,1.0
4546,1.0
4547,1.0
4548,0.24580295815295813
4549,1.0
4550,0.9843905997253519
4551,1.0
4552,0.9984444444444445
4553,1.0
4554,0.9996666666666666
4555,1.0
4556,0.9970444444444445
4557,0.986304519989814
4558,0.821994924846396
4559,1.0
4560,1.0
4561,0.4649342648321751
4562,0.9620567889626711
4563,1.0
4564,0.9996
4565,1.0
4566,1.0
4567,1.0
4568,1.0
4569,1.0
4570,0.998987012987013
4571,0.9974434343434344
4572,0.9575852175602175
4573,0.9957467310467312
4574,1.0
4575,1.0
4576,1.0
4577,0.9582903702506644
4578,1.0
4579,1.0
4580,1.0
4581,1.0
4582,1.0
4583,1.0
4584,1.0
4585,1.0
4586,0.9988888888888888
4587,0.9988095238095237
4588,1.0
4589,0.9969071428571429
4590,0.9973290043290043
4591,1.0
4592,1.0
4593,1.0
4594,1.0
4595,1.0
4596,0.9997777777777779
4597,0.9991111111111111
4598,1.0
4599,0.9994545454545455
4600,0.9279524733294555
4601,1.0
4602,0.9933656926406926
4603,1.0
4604,1.0
4605,0.9997142857142858
4606,0.8547174593380474
4607,1.0
4608,1.0
4609,1.0
4610,1.0
4611,0.039252572865730744
4612,0.9924296833885069
4613,0.9959757353757354
4614,0.9878799422799424
4615,0.9985824675324675
4616,1.0
4617,1.0
4618,1.0
4619,1.0
4620,1.0
4621,0.998
4622,0.9190452248731663
4623,1.0
4624,1.0
4625,1.0
4626,1.0
4627,1.0
4628,0.6109561343884871
4629,0.9968217948717949
4630,1.0
4631,0.9977679653679653
4632,0.9663665933481724
4633,1.0
4634,1.0
4635,1.0
4636,0.9990940170940171
4637,1.0
4638,1.0
4639,1.0
4640,1.0
4641,1.0
4642,0.8485315490065486
4643,0.9996666666666666
4644,1.0
4645,0.9265093844064433
4646,1.0
4647,0.9991428571428571
4648,0.6092087679434425
4649,0.9995555555555555
4650,1.0
4651,0.9425037268287267
4652,0.9989572649572649
4653,0.3803663188892291
4654,1.0
4655,1.0
4656,1.0
4657,0.9994285714285714
4658,0.9988571428571429
4659,0.9982095238095239
4660,1.0
4661,0.9992628205128206
4662,0.9712358277429486
4663,0.9627175324675326
4664,1.0
4665,1.0
4666,0.9971846153846154
4667,1.0
4668,1.0
4669,1.0
4670,1.0
4671,0.9971857142857143
4672,0.8174211900414683
4673,1.0
4674,0.8439116635600378
4675,0.9687072927072929
4676,0.9998333333333334
4677,0.9933699346405227
4678,1.0
4679,1.0
4680,0.9979698412698412
4681,1.0
4682,1.0
4683,1.0
4684,0.972799411699412
4685,1.0
4686,0.9822856421356421
4687,0.7344343153951987
4688,0.9949026334776335
4689,0.9996
4690,1.0
4691,1.0
4692,1.0
4693,1.0
4694,0.8439123748112912
4695,0.9841307026307027
4696,1.0
4697,1.0
4698,1.0
4699,1.0
4700,0.8871445761754586
4701,0.9958112221112222
4702,0.9917195304695305
4703,0.9966293650793651
4704,0.8281500534724987
4705,0.9819337662337662
4706,0.9282150312106192
4707,1.0
4708,1.0
4709,0.9806056499056497
4710,1.0
4711,0.9991823529411764
4712,0.9960700854700854
4713,1.0
4714,1.0
4715,0.9944949938949941
4716,0.898194289774553
4717,1.0
4718,1.0
4719,1.0
4720,0.10586838439338438
4721,0.9916394660894661
4722,0.4890007319477903
4723,0.5644381986090967
4724,1.0
4725,0.9997142857142857
4726,1.0
4727,0.9986666666666667
4728,0.9389056734545128
4729,1.0
4730,1.0
4731,1.0
4732,0.9891742035742034
4733,1.0
4734,1.0
4735,1.0
4736,0.9995999999999999
4737,1.0
4738,1.0
4739,1.0
4740,1.0
4741,0.43374703469045545
4742,1.0
4743,0.998138528138528
4744,1.0
4745,0.9533778360528358
4746,0.99975
4747,0.9830294649794653
4748,1.0
4749,1.0
4750,1.0
4751,0.9815713012477719
4752,0.9993777777777777
4753,0.46312233190785784
4754,0.9986349206349208
4755,1.0
4756,1.0
4757,0.5604134574575756
4758,0.984407398157398
4759,0.9996333333333334
4760,0.9873162615162616
4761,1.0
4762,1.0
4763,1.0
4764,0.9933603174603174
4765,1.0
4766,0.7789088095770758
4767,0.4602908599896834
4768,1.0
4769,0.996496153846154
4770,1.0
4771,0.9946720057720058
4772,1.0
4773,0.9996666666666667
4774,0.9951738705738705
4775,1.0
4776,0.9561532706638872
4777,1.0
4778,1.0
4779,0.7728521666242253
4780,0.8714638658726893
4781,1.0
4782,1.0
4783,0.991940084915085
4784,0.9958595238095238
4785,1.0
4786,0.9781153524837737
4787,0.9938354978354977
4788,0.9795671521289169
4789,1.0
4790,0.9991846153846153
4791,0.5640375322733682
4792,0.9203828798394585
4793,0.7273001936659834
4794,0.9996
4795,0.8319987801414267
4796,0.8436043956043955
4797,1.0
4798,1.0
4799,0.9647867021867025
4800,1.0
4801,1.0
4802,0.9960857142857142
4803,1.0
4804,1.0
4805,0.9848519508269508
4806,1.0
4807,1.0
4808,1.0
4809,1.0
4810,1.0
4811,1.0
4812,0.8492077972852737
4813,1.0
4814,0.654569939477447
4815,1.0
4816,0.7336350858120207
4817,1.0
4818,0.9592411199911199
4819,1.0
4820,0.9985396825396826
4821,0.9997999999999999
4822,0.983919758019758
4823,1.0
4824,0.9993142857142857
4825,0.9992000000000001
4826,0.996254911754912
4827,0.8321460034633411
4828,1.0
4829,1.0
4830,1.0
4831,1.0
4832,1.0
4833,0.9996111111111112
4834,1.0
4835,0.9983095238095239
4836,1.0
4837,0.9935474025974024
4838,1.0
4839,1.0
4840,1.0
4841,1.0
4842,0.9968651293151293
4843,0.7941522338772337
4844,1.0
4845,1.0
4846,1.0
4847,1.0
4848,0.6720393561804555
4849,1.0
4850,0.9977873015873014
4851,1.0
4852,1.0
4853,1.0
4854,1.0
4855,1.0
4856,1.0
4857,1.0
4858,1.0
4859,1.0
4860,1.0
4861,1.0
4862,1.0
4863,0.9989666666666667
4864,1.0
4865,0.9997142857142858
4866,0.9955694805194807
4867,1.0
4868,1.0
4869,1.0
4870,0.9308225364504777
4871,1.0
4872,0.9971651404151404
4873,1.0
4874,1.0
4875,1.0
4876,0.16065191245802707
4877,0.9979678571428572
4878,1.0
4879,0.8477646707867302
4880,0.9995
4881,0.9664581807597287
4882,1.0
4883,0.9987303921568628
4884,1.0
4885,0.9786842410857117
4886,1.0
4887,1.0
4888,0.9993181818181818
4889,1.0
4890,1.0
4891,1.0
4892,0.9997142857142857
4893,1.0
4894,0.973387863443746
4895,1.0
4896,1.0
4897,1.0
4898,0.9893513708513709
4899,1.0
4900,0.9987272727272728
4901,0.525712320101639
4902,1.0
4903,1.0
4904,1.0
4905,0.9997777777777779
4906,0.9570670773670772
4907,1.0
4908,0.9958939829778064
4909,0.9842901071151072
4910,0.9978352147852148
4911,1.0
4912,0.9821758169934639
4913,0.9997999999999999
4914,0.9913502164502165
4915,0.9973142857142858
4916,1.0
4917,0.9675118427324308
4918,1.0
4919,1.0
4920,1.0
4921,0.9871529914529914
4922,1.0
4923,0.9993
4924,1.0
4925,0.9255555835976891
4926,0.3595406346491487
4927,0.9811515928515928
4928,1.0
4929,0.9924253968253969
4930,1.0
4931,0.9650986020515433
4932,1.0
4933,1.0
4934,1.0
4935,1.0
4936,1.0
4937,1.0
4938,1.0
4939,0.9987008547008547
4940,0.9987301587301588
4941,1.0
4942,0.9469709477742759
4943,0.99975
4944,1.0
4945,1.0
4946,0.9965036075036076
4947,1.0
4948,0.9996363636363637
4949,1.0
4950,0.9973007936507938
4951,0.9949026334776335
4952,1.0
4953,1.0
4954,0.9927047152194212
4955,1.0
4956,1.0
4957,0.9991111111111111
4958,1.0
4959,1.0
4960,0.9884648490398491
4961,1.0
4962,1.0
4963,1.0
4964,1.0
4965,1.0
4966,1.0
4967,0.994203008103008
4968,1.0
4969,0.6380796504836752
4970,1.0
4971,0.9992142857142856
4972,0.8266890628978864
4973,0.9988351648351648
4974,0.9953427128427128
4975,1.0
4976,1.0
4977,1.0
4978,1.0
4979,1.0
4980,0.9857303002552998
4981,1.0
4982,1.0
4983,0.8725813769563767
4984,0.9723666020254256
4985,1.0
4986,0.992550765170502
4987,0.46801722183045713
4988,0.9981285714285714
4989,0.6968647040438056
4990,1.0
4991,0.6723895083674494
4992,1.0
4993,1.0
4994,1.0
4995,1.0
4996,1.0
4997,1.0
4998,0.9778491785991782
4999,0.9980873015873016
5000,0.4260870793379309
5001,0.9995324675324675
5002,1.0
5003,1.0
5004,1.0
5005,1.0
5006,1.0
5007,1.0
5008,0.9701427704648292
5009,0.9909682201785144
5010,1.0
5011,1.0
5012,1.0
5013,0.9768402478240713
5014,0.9991
5015,0.9995
5016,0.9989
5017,1.0
5018,1.0
5019,1.0
5020,1.0
5021,1.0
5022,1.0
5023,0.9015138324094208
5024,1.0
5025,1.0
5026,0.9778330863580863
5027,1.0
5028,0.99281569525246
5029,1.0
5030,0.9946610389610391
5031,0.33581746031746035
5032,0.998
5033,0.9984051948051949
5034,0.7779111192213354
5035,1.0
5036,1.0
5037,1.0
5038,1.0
5039,1.0
5040,0.6665458490855554
5041,1.0
5042,0.08647282930347946
5043,1.0
5044,1.0
5045,0.9260059876398109
5046,1.0
5047,1.0
5048,1.0
5049,1.0
5050,0.9182231892720287
5051,0.9971448107448108
5052,0.9734271218977102
5053,1.0
5054,1.0
5055,0.7976362102036249
5056,0.3621776904038514
5057,1.0
5058,1.0
5059,0.941016888666889
5060,1.0
5061,1.0
5062,1.0
5063,0.9994545454545455
5064,1.0
5065,0.9997999999999999
5066,1.0
5067,1.0
5068,1.0
5069,0.9964636197136196
5070,0.998982905982906
5071,1.0
5072,1.0
5073,1.0
5074,0.04089118104118103
5075,0.9860517668605907
5076,1.0
5077,1.0
5078,0.9892242562992566
5079,1.0
5080,1.0
5081,0.9990476190476191
5082,1.0
5083,1.0
5084,0.9940443722943723
5085,0.9869184449537391
5086,1.0
5087,1.0
5088,1.0
5089,1.0
5090,1.0
5091,0.6702947102776827
5092,0.9976263736263736
5093,1.0
5094,0.8893682725770965
5095,1.0
5096,0.98829903984904
5097,0.9960828643578645
5098,1.0
5099,0.9278431660444817
5100,1.0
5101,1.0
5102,1.0
5103,0.10615920207243737
5104,0.9844705433455434
5105,0.996904761904762
5106,0.9959867521367523
5107,0.9311747204635752
5108,0.9988
5109,0.9978066433566434
5110,1.0
5111,0.9325581334558115
5112,1.0
5113,0.9988333333333334
5114,0.9952063492063493
5115,1.0
5116,1.0
5117,1.0
5118,1.0
5119,0.9555191785854324
5120,0.9915339826839827
5121,1.0
5122,0.9979500000000001
5123,0.9949605394605395
5124,0.28655079365079367
5125,1.0
5126,1.0
5127,0.9820913697413698
5128,1.0
5129,1.0
5130,1.0
5131,1.0
5132,0.9978515024191493
5133,0.9994444444444445
5134,1.0
5135,1.0
5136,0.9925080364080363
5137,0.9563525613275612
5138,1.0
5139,1.0
5140,1.0
5141,1.0
5142,1.0
5143,0.39399033401239286
5144,1.0
5145,0.393598474057762
5146,0.9951200133200134
5147,0.946254129204129
5148,1.0
5149,0.9967863636363636
5150,1.0
5151,0.9690968364968368
5152,0.9940036414565825
5153,1.0
5154,1.0
5155,1.0
5156,0.8518326499523867
5157,0.9984158730158731
5158,1.0
5159,1.0
5160,1.0
5161,1.0
5162,1.0
5163,1.0
5164,0.879976128120246
5165,0.9988611111111111
5166,0.9991428571428571
5167,0.9886123487623488
5168,1.0
5169,0.9995384615384616
5170,1.0
5171,1.0
5172,1.0
5173,1.0
5174,1.0
5175,1.0
5176,0.9910286605551311
5177,0.9966336996336997
5178,0.9891533744033747
5179,0.9996
5180,1.0
5181,1.0
5182,0.6362933114271354
5183,1.0
5184,1.0
5185,1.0
5186,0.9994
5187,0.9895472555222555
5188,1.0
5189,0.9132930802857273
5190,0.789311920106037
5191,0.9994181818181819
5192,1.0
5193,0.9996
5194,0.9946166666666666
5195,0.9821858182667006
5196,1.0
5197,1.0
5198,0.9892020923520923
5199,1.0
5200,0.9976888888888888
5201,1.0
5202,1.0
5203,1.0
5204,1.0
5205,0.9991681818181818
5206,0.814545088408323
5207,0.9956813492063493
5208,0.999371794871795
5209,1.0
5210,0.9969531746031748
5211,0.9992920634920635
5212,0.9705529581529583
5213,0.937907015207015
5214,0.9989333333333333
5215,1.0
5216,1.0
5217,0.7753453403064082
5218,1.0
5219,1.0
5220,0.9842168387168388
5221,0.9482788572538572
5222,0.20197375761493427
5223,1.0
5224,1.0
5225,0.9994166666666666
5226,0.9906307581307582
5227,1.0
5228,1.0
5229,0.9978831168831168
5230,0.996391732450556
5231,0.9979555555555555
5232,0.9968420912420912
5233,1.0
5234,1.0
5235,1.0
5236,1.0
5237,1.0
5238,0.9429413997766941
5239,0.9780469835719836
5240,0.9928116021233668
5241,0.9994
5242,0.9998461538461538
5243,0.9960868686868687
5244,1.0
5245,0.9996571428571428
5246,1.0
5247,0.9996
5248,0.9993333333333334
5249,1.0
5250,1.0
5251,0.5765531544736655
5252,0.9997333333333334
5253,1.0
5254,0.9007076466017642
5255,0.9997142857142857
5256,1.0
5257,1.0
5258,1.0
5259,0.8842507193786612
5260,1.0
5261,0.9971690009337068
5262,1.0
5263,1.0
5264,1.0
5265,0.9672610658948891
5266,0.9902030858030857
5267,1.0
5268,1.0
5269,0.5966653522947635
5270,0.9929135059385061
5271,0.9961500000000001
5272,0.8852210868422944
5273,1.0
5274,1.0
5275,0.9997894736842106
5276,1.0
5277,0.6481787779214249
5278,1.0
5279,1.0
5280,1.0
5281,1.0
5282,0.9997142857142858
5283,0.9929339105339107
5284,0.992599822236587
5285,0.9192308741911681
5286,0.824509169227745
5287,0.3616619695835643
5288,0.9592422577422578
5289,1.0
5290,1.0
5291,1.0
5292,1.0
5293,1.0
5294,1.0
5295,1.0
5296,1.0
5297,0.9865159673659674
5298,0.9671400460650459
5299,0.9950749999999999
5300,1.0
5301,0.9975777777777777
5302,1.0
5303,0.7170869860531629
5304,1.0
5305,0.7016967416999932
5306,1.0
5307,1.0
5308,1.0
5309,0.9571656898656897
5310,1.0
5311,1.0
5312,1.0
5313,0.9993333333333334
5314,0.9759547785547785
5315,1.0
5316,1.0
5317,1.0
5318,0.999609022556391
5319,0.997039010989011
5320,1.0
5321,0.9927047152194212
5322,1.0
5323,1.0
5324,1.0
5325,0.8192910390263328
5326,0.08208436285936287
5327,0.9605231490731491
5328,1.0
5329,1.0
5330,1.0
5331,1.0
5332,1.0
5333,1.0
5334,0.9992698412698412
5335,1.0
5336,1.0
5337,0.7008900905218683
5338,0.990127775002775
5339,1.0
5340,0.9940420912420912
5341,1.0
5342,0.9979
5343,1.0
5344,0.3081821007767602
5345,0.9989753968253968
5346,1.0
5347,1.0
5348,1.0
5349,0.8102050983532108
5350,0.9994642857142858
5351,0.9926380341880342
5352,1.0
5353,0.9887284604284605
5354,1.0
5355,1.0
5356,1.0
5357,1.0
5358,0.9966224664224664
5359,1.0
5360,0.9953301143301144
5361,0.998367316017316
5362,1.0
5363,1.0
5364,1.0
5365,1.0
5366,0.9941357281607283
5367,1.0
5368,0.8470918632021576
5369,1.0
5370,0.9996
5371,0.9987666666666668
5372,0.9996
5373,1.0
5374,1.0
5375,0.8631509893701073
5376,0.9974674603174604
5377,0.989003728624317
5378,0.9710436951936954
5379,1.0
5380,1.0
5381,1.0
5382,0.9925274847959059
5383,1.0
5384,1.0
5385,1.0
5386,0.9964216117216118
5387,0.99687215007215
5388,0.9992323232323234
5389,1.0
5390,0.9288718024751309
5391,0.9983730158730159
5392,1.0
5393,1.0
5394,1.0
5395,1.0
5396,0.9995
5397,0.7416751563795682
5398,1.0
5399,0.9988333333333334
5400,0.9994444444444445
5401,0.9809611775479424
5402,0.9987985347985346
5403,0.9975833333333333
5404,1.0
5405,1.0
5406,0.9993333333333333
5407,1.0
5408,1.0
5409,0.7057563079936917
5410,1.0
5411,0.35604155125919845
5412,1.0
5413,0.9911825396825397
5414,1.0
5415,1.0
5416,0.9996666666666667
5417,1.0
5418,1.0
5419,1.0
5420,0.9895385725385727
5421,0.9990086580086579
5422,0.22168457082133566
5423,1.0
5424,0.9591828697446342
5425,1.0
5426,0.47258846336841676
5427,1.0
5428,1.0
5429,0.9947673881673882
5430,0.5405634833776471
5431,0.9963168165168165
5432,0.994574337916985
5433,1.0
5434,0.06015983154272624
5435,1.0
5436,0.9995499999999999
5437,1.0
5438,1.0
5439,0.8844504019716095
5440,0.955377010536763
5441,0.9993611111111111
5442,0.9992666666666666
5443,0.9985384615384616
5444,0.9874374514374517
5445,0.9975952380952381
5446,1.0
5447,0.9982747252747253
5448,1.0
5449,1.0
5450,1.0
5451,1.0
5452,0.9619559607059606
5453,1.0
5454,1.0
5455,1.0
5456,0.8864466133539669
5457,0.9938335553335554
5458,1.0
5459,0.991708152958153
5460,1.0
5461,0.9979876262626264
5462,1.0
5463,1.0
5464,0.5358836643404756
5465,1.0
5466,1.0
5467,1.0
5468,1.0
5469,0.9991269841269841
5470,0.9981142857142858
5471,1.0
5472,1.0
5473,0.9341852345367053
5474,1.0
5475,1.0
5476,0.9937182539682541
5477,1.0
5478,1.0
5479,0.4773475966242219
5480,0.7895281523601947
5481,0.9989027777777778
5482,1.0
5483,1.0
5484,1.0
5485,0.9867554834054832
5486,1.0
5487,0.9965679653679652
5488,0.99975
5489,0.46461857586857613
5490,0.9990681818181819
5491,1.0
5492,0.9996666666666666
5493,1.0
5494,0.9995
5495,0.983275108225108
5496,0.9398744022317551
5497,0.996995238095238
5498,0.9570986977934345
5499,1.0
5500,0.9995142857142856
5501,1.0
5502,0.999469696969697
5503,1.0
5504,1.0
5505,1.0
5506,1.0
5507,1.0
5508,1.0
5509,1.0
5510,0.9997142857142857
5511,0.999875
5512,1.0
5513,0.9420254356754358
5514,1.0
5515,1.0
5516,0.9475134365720277
5517,1.0
5518,1.0
5519,1.0
5520,1.0
5521,1.0
5522,1.0
5523,1.0
5524,0.99875
5525,1.0
5526,0.9953128260628261
5527,0.921853709731961
5528,1.0
5529,0.5424313578578284
5530,1.0
5531,0.9996666666666667
5532,1.0
5533,1.0
5534,1.0
5535,1.0
5536,0.9842588617265087
5537,0.9995277777777778
5538,0.9952111111111112
5539,1.0
5540,1.0
5541,1.0
5542,0.5733006415153477
5543,1.0
5544,0.998170879120879
5545,1.0
5546,1.0
5547,0.9920477411477411
5548,0.9992000000000001
5549,1.0
5550,0.9997142857142858
5551,1.0
5552,1.0
5553,1.0
5554,1.0
5555,0.9995
5556,1.0
5557,1.0
5558,1.0
5559,0.9992857142857142
5560,0.9100045341139771
5561,1.0
5562,0.9983500000000001
5563,0.498729979334391
5564,0.9911818903318904
5565,1.0
5566,0.9945175824175823
5567,0.3463628578851491
5568,0.8497485672823905
5569,0.9996666666666666
5570,0.585754404384745
5571,1.0
5572,0.9848283732349522
5573,0.9502959540459541
5574,0.9029555322987983
5575,1.0
5576,1.0
5577,0.9973573426573427
5578,0.9954926406926404
5579,1.0
5580,0.9993863636363636
5581,1.0
5582,0.9065579108799695
5583,1.0
5584,1.0
5585,0.9693856782106784
5586,1.0
5587,0.9826833222333223
5588,0.7108679625929624
5589,0.9992499999999999
5590,1.0
5591,1.0
5592,1.0
5593,1.0
5594,1.0
5595,0.9906375457875459
5596,0.677866405571175
5597,1.0
5598,0.9989137254901962
5599,0.9927119047619047
5600,1.0
5601,1.0
5602,0.33006103458804725
5603,1.0
5604,0.9401067643656652
5605,0.9979880952380952
5606,1.0
5607,1.0
5608,1.0
5609,1.0
5610,0.9855664502164501
5611,0.8796037067164002
5612,0.8511940879382052
5613,0.9201724711562946
5614,1.0
5615,1.0
5616,1.0
5617,0.99975
5618,0.9775309856809861
5619,1.0
5620,0.9955515873015873
5621,1.0
5622,1.0
5623,1.0
5624,0.9973231435231436
5625,0.9988888888888889
5626,1.0
5627,1.0
5628,1.0
5629,1.0
5630,1.0
5631,1.0
5632,1.0
5633,1.0
5634,1.0
5635,1.0
5636,0.9633131812631812
5637,1.0
5638,1.0
5639,1.0
5640,1.0
5641,1.0
5642,0.712139809502503
5643,1.0
5644,1.0
5645,1.0
5646,1.0
5647,1.0
5648,1.0
5649,0.9502968253968256
5650,1.0
5651,0.9994285714285714
5652,1.0
5653,0.97813219003219
5654,1.0
5655,0.9622244949494951
5656,0.999
5657,1.0
5658,1.0
5659,0.9997142857142858
5660,0.9986349206349207
5661,0.9996666666666666
5662,0.9773704018204018
5663,0.7880852160395504
5664,0.9459481560922739
5665,1.0
5666,1.0
5667,1.0
5668,1.0
5669,0.9656464035964036
5670,0.9993142857142857
5671,0.9299837520322817
5672,1.0
5673,1.0
5674,0.9995384615384616
5675,0.9927375457875456
5676,1.0
5677,1.0
5678,1.0
5679,1.0
5680,0.9976095238095238
5681,0.9910318903318905
5682,0.9969670329670332
5683,1.0
5684,0.9976000000000002
5685,1.0
5686,1.0
5687,0.9993142857142857
5688,0.9991666666666668
5689,1.0
5690,1.0
5691,0.9997142857142858
5692,0.9946444444444444
5693,1.0
5694,1.0
5695,0.998088023088023
5696,0.9966722582972583
5697,1.0
5698,1.0
5699,0.9968857142857144
5700,0.8449809163059163
5701,0.9981174603174603
5702,1.0
5703,0.9966521645021644
5704,1.0
5705,0.8061494237788351
5706,0.9997142857142857
5707,1.0
5708,1.0
5709,1.0
5710,0.9800795870795868
5711,1.0
5712,1.0
5713,1.0
5714,0.9932457875457876
5715,1.0
5716,1.0
5717,0.010391408591408594
5718,0.5303317768832474
5719,0.9912298701298701
5720,0.9973432539682541
5721,0.9252338664259715
5722,0.9996666666666666
5723,0.9987619047619049
5724,1.0
5725,0.9995604395604395
5726,0.9925723443223443
5727,0.9988809523809524
5728,0.9646147956618546
5729,1.0
5730,0.9916992275698158
5731,0.9098664372778923
5732,1.0
5733,0.8387544929099111
5734,1.0
5735,1.0
5736,1.0
5737,1.0
5738,0.9287452215397259
5739,1.0
5740,1.0
5741,0.9994285714285714
5742,1.0
5743,1.0
5744,1.0
5745,0.99975
5746,1.0
5747,1.0
5748,1.0
5749,1.0
5750,0.9991714285714286
5751,1.0
5752,1.0
5753,1.0
5754,1.0
5755,1.0
5756,1.0
5757,0.9952710622710623
5758,0.9376893554158262
5759,1.0
5760,1.0
5761,0.6528325194499338
5762,1.0
5763,1.0
5764,1.0
5765,0.9985396825396825
5766,0.9978102453102453
5767,1.0
5768,1.0
5769,1.0
5770,1.0
5771,1.0
5772,1.0
5773,0.715473416255228
5774,1.0
5775,1.0
5776,0.9993846153846153
5777,1.0
5778,0.9984273504273504
5779,1.0
5780,1.0
5781,0.9932626262626261
5782,0.995388023088023
5783,1.0
5784,0.9963138528138528
5785,0.9992307692307693
5786,1.0
5787,1.0
5788,0.6750954101110447
5789,1.0
5790,0.9989769119769121
5791,1.0
5792,1.0
5793,0.9729717643467646
5794,1.0
5795,1.0
5796,0.9808478620794406
5797,0.9180026535555953
5798,1.0
5799,0.9996666666666666
5800,0.9996666666666666
5801,0.9978523088023088
5802,0.9992051282051282
5803,0.9986991452991454
5804,1.0
5805,1.0
5806,1.0
5807,1.0
5808,0.9547740747556539
5809,0.34293968253968254
5810,0.9980142857142856
5811,0.6254545086664286
5812,0.99925
5813,1.0
5814,1.0
5815,0.99975
5816,1.0
5817,1.0
5818,0.9990833333333333
5819,0.9991324675324675
5820,0.9985285714285714
5821,1.0
5822,0.9581531607281607
5823,0.898355116950473
5824,1.0
5825,1.0
5826,1.0
5827,1.0
5828,1.0
5829,1.0
5830,0.9965160533910534
5831,1.0
5832,0.837125374298904
5833,1.0
5834,1.0
5835,0.71891173186119
5836,0.517430342541875
5837,1.0
5838,0.9908701354201355
5839,1.0
5840,1.0
5841,1.0
5842,0.9832861804861805
5843,1.0
5844,1.0
5845,1.0
5846,0.9996
5847,1.0
5848,0.9485977022977022
5849,1.0
5850,1.0
5851,0.9996
5852,1.0
5853,1.0
5854,0.9981767676767679
5855,1.0
5856,1.0
5857,0.9981375495849182
5858,1.0
5859,0.8533926455209737
5860,1.0
5861,0.9306043147856616
5862,1.0
5863,0.89397353316618
5864,1.0
5865,1.0
5866,1.0
5867,1.0
5868,0.615292166167166
5869,0.9995555555555555
5870,1.0
5871,0.9988181818181817
5872,0.9368028598852132
5873,0.998982905982906
5874,0.9889209956709957
5875,0.9710707607751722
5876,1.0
5877,1.0
5878,1.0
5879,1.0
5880,0.9998181818181818
5881,1.0
5882,0.9980173160173159
5883,1.0
5884,0.996772619047619
5885,1.0
5886,0.5125764934411993
5887,0.9996
5888,1.0
5889,0.9818577311577311
5890,1.0
5891,1.0
5892,1.0
5893,0.9969004329004328
5894,0.9932960487225193
5895,0.9915196969696968
5896,1.0
5897,1.0
5898,1.0
5899,1.0
5900,1.0
5901,0.5974786957538505
5902,0.9993809523809523
5903,1.0
5904,0.7872193682134857
5905,1.0
5906,1.0
5907,1.0
5908,1.0
5909,1.0
5910,1.0
5911,1.0
5912,1.0
5913,1.0
5914,1.0
5915,0.10944114198495017
5916,1.0
5917,1.0
5918,0.9957522366522367
5919,1.0
5920,1.0
5921,0.9966817460317461
5922,0.5903876784206509
5923,0.9992727272727272
5924,0.9369343432711081
5925,1.0
5926,0.18529942247295203
5927,0.9986666666666666
5928,1.0
5929,0.9868504662004658
5930,1.0
5931,1.0
5932,1.0
5933,0.6419095829780814
5934,1.0
5935,1.0
5936,1.0
5937,0.974841997476208
5938,1.0
5939,0.9996666666666667
5940,0.9579149461649462
5941,0.9970732683982683
5942,0.9996363636363637
5943,1.0
5944,0.9902906227759171
5945,1.0
5946,1.0
5947,0.7572820126496599
5948,1.0
5949,1.0
5950,0.7942922511441083
5951,0.9114109251859254
5952,0.9997142857142857
5953,0.9987301587301588
5954,1.0
5955,1.0
5956,0.9819674575424575
5957,1.0
5958,1.0
5959,0.9970603174603175
5960,0.9997777777777779
5961,1.0
5962,1.0
5963,1.0
5964,1.0
5965,1.0
5966,1.0
5967,1.0
5968,1.0
5969,0.9953301143301144
5970,0.9606748235424709
5971,0.9994285714285714
5972,1.0
5973,1.0
5974,0.6299747528615175
5975,0.9998181818181818
5976,0.9985833333333333
5977,1.0
5978,1.0
5979,1.0
5980,0.9998461538461538
5981,0.8946806463144699
5982,1.0
5983,0.8854853027691262
5984,1.0
5985,0.9994545454545455
5986,1.0
5987,1.0
5988,1.0
5989,1.0
5990,1.0
5991,1.0
5992,0.9820642608681309
5993,0.9961515151515152
5994,1.0
5995,0.9968950513538748
5996,1.0
5997,1.0
5998,1.0
5999,1.0
6000,0.9988888888888889
6001,0.15429521654815773
6002,1.0
6003,0.9761643278663874
6004,0.99727326007326
6005,0.9946198412698413
6006,0.9355522366522367
6007,1.0
6008,0.9973523809523811
6009,1.0
6010,0.9068211136902316
6011,0.8720409823148987
6012,0.7718861489817369
6013,1.0
6014,0.9895093073593072
6015,0.9989999999999999
6016,0.9994285714285714
6017,0.9909384615384617
6018,1.0
6019,0.9990357142857144
6020,1.0
6021,0.9994545454545455
6022,0.9978181818181818
6023,1.0
6024,1.0
6025,1.0
6026,0.9993333333333333
6027,1.0
6028,0.9959727272727273
6029,1.0
6030,1.0
6031,0.9983809523809523
6032,0.9996
6033,1.0
6034,0.7827407495411364
6035,1.0
6036,0.9996
6037,1.0
6038,0.99807326007326
6039,0.944344705294705
6040,0.9997999999999999
6041,0.9984
6042,0.9997142857142858
6043,0.4292805096348438
6044,1.0
6045,0.9995476190476191
6046,0.9976459595959597
6047,0.5362855640489539
6048,1.0
6049,1.0
6050,1.0
6051,0.9994285714285714
6052,0.9989717194570136
6053,1.0
6054,1.0
6055,1.0
6056,1.0
6057,0.9981825396825397
6058,1.0
6059,1.0
6060,1.0
6061,0.9951142857142856
6062,0.9982727272727272
6063,0.839203723924854
6064,0.9871286186036188
6065,0.9803286847139788
6066,1.0
6067,1.0
6068,1.0
6069,1.0
6070,0.798754618094324
6071,1.0
6072,0.9968943722943724
6073,1.0
6074,1.0
6075,1.0
6076,0.9985324675324676
6077,1.0
6078,1.0
6079,1.0
6080,0.9997999999999999
6081,1.0
6082,0.86926195782202
6083,1.0
6084,1.0
6085,1.0
6086,1.0
6087,0.1867153612727143
6088,1.0
6089,0.9977098901098901
6090,0.9955109837874544
6091,1.0
6092,1.0
6093,1.0
6094,1.0
6095,1.0
6096,1.0
6097,1.0
6098,0.9972851648351648
6099,1.0
6100,0.9996666666666666
6101,0.9968882672882672
6102,0.9963238095238096
6103,0.8402034614078733
6104,1.0
6105,0.9938933455433454
6106,0.9979467532467534
6107,1.0
6108,0.9985873015873016
6109,1.0
6110,1.0
6111,0.8161524539186307
6112,1.0
6113,0.25032866398307585
6114,0.9859458810797047
6115,0.8325167489231432
6116,1.0
6117,1.0
6118,0.9667867896809075
6119,1.0
6120,0.9980666666666667
6121,0.9983113553113553
6122,1.0
6123,0.45497173405369995
6124,1.0
6125,1.0
6126,0.997929292929293
6127,1.0
6128,0.6652763897952755
6129,0.831358272609743
6130,1.0
6131,0.8105184025297032
6132,1.0
6133,1.0
6134,1.0
6135,0.9879668831168832
6136,1.0
6137,0.9760746031746033
6138,0.9955921855921855
6139,1.0
6140,0.9997142857142858
6141,0.8281795632901674
6142,1.0
6143,1.0
6144,1.0
6145,1.0
6146,1.0
6147,0.9964350331041508
6148,0.9996
6149,0.9893679986679986
6150,1.0
6151,1.0
6152,0.5487278750661105
6153,1.0
6154,1.0
6155,0.9432200022200026
6156,1.0
6157,1.0
6158,0.7408252887635237
6159,1.0
6160,0.9897762348762348
6161,0.9913083694083695
6162,0.9776485986235988
6163,0.9988399267399268
6164,1.0
6165,1.0
6166,0.9619955685267603
6167,1.0
6168,0.997346275946276
6169,0.9034935544847311
6170,0.9863196747696747
6171,1.0
6172,1.0
6173,1.0
6174,0.5535818999885564
6175,0.9988166666666666
6176,1.0
6177,1.0
6178,1.0
6179,1.0
6180,1.0
6181,0.9981595238095238
6182,0.9936020923520924
6183,1.0
6184,0.9985111111111111
6185,0.9984273504273504
6186,1.0
6187,0.9735402525836738
6188,0.9008550243873775
6189,1.0
6190,1.0
6191,0.9997333333333334
6192,0.9994285714285714
6193,1.0
6194,1.0
6195,0.9210464230214229
6196,1.0
6197,1.0
6198,0.2795404761904762
6199,1.0
6200,1.0
6201,1.0
6202,1.0
6203,1.0
6204,1.0
6205,0.7954592051137719
6206,1.0
6207,1.0
6208,1.0
6209,1.0
6210,0.99975
6211,0.9764257575757577
6212,1.0
6213,0.9940351648351649
6214,1.0
6215,0.6428690197057846
6216,0.9946924603174604
6217,0.29612974747990245
6218,0.9996666666666666
6219,1.0
6220,1.0
6221,1.0
6222,1.0
6223,0.42329079502368966
6224,0.9996666666666666
6225,0.9997777777777779
6226,1.0
6227,1.0
6228,1.0
6229,0.9315421529794597
6230,1.0
6231,0.9961269841269841
6232,0.9765072027387817
6233,1.0
6234,1.0
6235,1.0
6236,0.9964913752913754
6237,1.0
6238,1.0
6239,0.9988852130325815
6240,0.6663175425881308
6241,1.0
6242,1.0
6243,1.0
6244,1.0
6245,0.9995999999999999
6246,1.0
6247,1.0
6248,0.9998823529411764
6249,1.0
6250,0.9861421134421136
6251,0.99975
6252,0.9992271062271062
6253,1.0
6254,1.0
6255,0.9984087301587301
6256,0.9871835914085916
6257,1.0
6258,1.0
6259,0.9899928044178046
6260,0.3149489869607518
6261,1.0
6262,1.0
6263,1.0
6264,1.0
6265,1.0
6266,1.0
6267,0.9965912698412699
6268,0.99975
6269,1.0
6270,0.9986888888888888
6271,0.9996
6272,1.0
6273,1.0
6274,0.7462506150712026
6275,1.0
6276,1.0
6277,1.0
6278,0.9961225108225109
6279,1.0
6280,0.9660778221778225
6281,1.0
6282,1.0
6283,1.0
6284,1.0
6285,0.9995555555555555
6286,0.9992000000000001
6287,1.0
6288,0.9801933566433566
6289,1.0
6290,1.0
6291,1.0
6292,1.0
6293,0.9989230769230769
6294,1.0
6295,0.9998181818181818
6296,1.0
6297,0.9771347600112306
6298,0.9472864201158321
6299,1.0
6300,1.0
6301,0.9980380952380953
6302,0.991246803196803
6303,1.0
6304,0.9975573870573871
6305,1.0
6306,1.0
6307,0.9992000000000001
6308,1.0
6309,0.9938171550671551
6310,0.9395786816984181
6311,1.0
6312,1.0
6313,1.0
6314,0.5514752763490381
6315,0.6398727542495343
6316,0.7542839745222104
6317,0.9992142857142858
6318,0.9945538961038961
6319,1.0
6320,1.0
6321,0.9984126984126984
6322,1.0
6323,0.5261200800115963
6324,1.0
6325,0.9843351093351094
6326,0.9996
6327,0.24436737650034876
6328,0.8724441911889278
6329,1.0
6330,0.9996923076923077
6331,1.0
6332,0.7899926408730591
6333,0.9993333333333334
6334,0.9901907203907204
6335,1.0
6336,1.0
6337,1.0
6338,0.9982944444444445
6339,1.0
6340,0.9996666666666666
6341,0.780833123034516
6342,0.9995555555555555
6343,1.0
6344,0.9598798451548449
6345,1.0
6346,1.0
6347,1.0
6348,1.0
6349,1.0
6350,1.0
6351,1.0
6352,0.767783327130386
6353,0.9429676724462327
6354,0.3009216914492455
6355,1.0
6356,1.0
6357,1.0
6358,0.9968142857142857
6359,1.0
6360,1.0
6361,1.0
6362,0.99925
6363,0.9961751803751804
6364,1.0
6365,0.9398439427531531
6366,0.9988461538461538
6367,1.0
6368,1.0
6369,1.0
6370,1.0
6371,1.0
6372,0.9647416370437268
6373,1.0
6374,1.0
6375,0.947960678210678
6376,0.21323237330265205
6377,0.7497612536156654
6378,0.9997999999999999
6379,1.0
6380,1.0
6381,0.9995
6382,1.0
6383,1.0
6384,0.9883100288600288
6385,1.0
6386,1.0
6387,1.0
6388,0.9868663059163061
6389,1.0
6390,0.99825
6391,0.951964010172834
6392,1.0
6393,1.0
6394,0.5275092903742284
6395,1.0
6396,1.0
6397,1.0
6398,1.0
6399,0.9892694805194807
6400,1.0
6401,0.9621635803738744
6402,1.0
6403,1.0
6404,1.0
6405,1.0
6406,0.9996666666666666
6407,0.9997142857142857
6408,0.9957806637806638
6409,1.0
6410,1.0
6411,0.999
6412,1.0
6413,1.0
6414,0.9984944444444446
6415,1.0
6416,1.0
6417,0.9995
6418,0.9920337218337217
6419,0.9993
6420,0.9867226720991427
6421,0.9815751970251971
6422,0.9952512987012988
6423,1.0
6424,1.0
6425,1.0
6426,1.0
6427,0.7823740441876669
6428,1.0
6429,1.0
6430,0.9779873610050082
6431,0.986695906870907
6432,1.0
6433,1.0
6434,1.0
6435,1.0
6436,0.9903327561327561
6437,1.0
6438,0.9993888888888888
6439,0.2962649109404527
6440,0.9965225885225887
6441,1.0
6442,1.0
6443,0.9747529939101147
6444,0.9762248973248973
6445,1.0
6446,1.0
6447,0.9996666666666666
6448,0.9991
6449,0.6386497130320663
6450,0.9602890713861303
6451,0.9974355477855477
6452,1.0
6453,1.0
6454,0.9998461538461538
6455,0.9995
6456,1.0
6457,1.0
6458,1.0
6459,1.0
6460,1.0
6461,0.9469059693230748
6462,0.9987606837606837
6463,1.0
6464,1.0
6465,0.36255822683508415
6466,0.3390697996447995
6467,1.0
6468,0.9970317460317462
6469,0.9920007215007214
6470,0.9872168109668109
6471,0.9996666666666666
6472,0.9942203463203463
6473,0.9994666666666666
6474,1.0
6475,0.9947886236312706
6476,0.9890727328227329
6477,1.0
6478,1.0
6479,1.0
6480,1.0
6481,1.0
6482,1.0
6483,0.9986055555555555
6484,0.9965912698412699
6485,0.8545377344877337
6486,0.9974730769230769
6487,1.0
6488,1.0
6489,0.9996
6490,0.9885153513153512
6491,0.970354784104784
6492,1.0
6493,0.9985873015873016
6494,1.0
6495,1.0
6496,1.0
6497,0.9952678733031672
6498,1.0
6499,0.1551308490099513
6500,0.003850208614914497
6501,1.0
6502,0.9254316333992804
6503,1.0
6504,0.9979090909090909
6505,0.9991428571428571
6506,1.0
6507,1.0
6508,1.0
6509,1.0
6510,0.9974833333333334
6511,1.0
6512,0.9992527472527474
6513,0.9986060606060606
6514,0.5229978139163897
6515,1.0
6516,0.9993333333333333
6517,1.0
6518,1.0
6519,0.9921898046398044
6520,1.0
6521,1.0
6522,1.0
6523,1.0
6524,1.0
6525,0.9993333333333334
6526,1.0
6527,0.9609345498069182
6528,1.0
6529,1.0
6530,0.9992777777777778
6531,1.0
6532,0.9986309523809525
6533,0.9973333333333334
6534,1.0
6535,1.0
6536,0.19077305374364212
6537,1.0
6538,0.9798951909201908
6539,1.0
6540,0.9992619047619048
6541,0.9815064935064935
6542,0.9164706204442272
6543,0.9996666666666666
6544,1.0
6545,0.9988698412698414
6546,0.9899333305583304
6547,1.0
6548,1.0
6549,1.0
6550,0.24505702083434283
6551,0.5742821311041899
6552,1.0
6553,1.0
6554,0.9769167130255365
6555,0.8500146511984745
6556,1.0
6557,0.41932719241542776
6558,1.0
6559,0.9962105894105895
6560,1.0
6561,1.0
6562,0.9998666666666667
6563,0.9697645854145854
6564,0.9990681818181818
6565,1.0
6566,1.0
6567,0.9993589743589744
6568,0.9954853110941346
6569,1.0
6570,1.0
6571,0.9984611111111111
6572,1.0
6573,1.0
6574,1.0
6575,1.0
6576,0.9985396825396825
6577,0.9744189000541942
6578,1.0
6579,1.0
6580,1.0
6581,0.29915928094952887
6582,1.0
6583,0.9934447330447332
6584,1.0
6585,1.0
6586,1.0
6587,0.9996666666666666
6588,0.24766853273145842
6589,1.0
6590,0.14928796220119764
6591,0.9991919191919192
6592,1.0
6593,0.9984383394383394
6594,1.0
6595,1.0
6596,1.0
6597,0.9978258297258298
6598,1.0
6599,1.0
6600,0.9997142857142858
6601,0.99925
6602,0.9898251221001221
6603,1.0
6604,1.0
6605,0.9983333333333333
6606,1.0
6607,0.9022357346643726
6608,0.5287879098054793
6609,0.9992000000000001
6610,1.0
6611,1.0
6612,1.0
6613,1.0
6614,1.0
6615,0.8872452636287004
6616,1.0
6617,0.23786168831168827
6618,1.0
6619,0.9680556499056502
6620,0.9803606282606284
6621,1.0
6622,1.0
6623,0.7840691871853636
6624,1.0
6625,0.9701608474858476
6626,1.0
6627,0.9943091575091575
6628,0.9075078930701226
6629,0.9937544122544122
6630,0.999125
6631,1.0
6632,0.998202380952381
6633,0.9740608148645298
6634,0.9924796237388344
6635,0.805060718217559
6636,0.9983837495837494
6637,0.36153123967535733
6638,1.0
6639,1.0
6640,0.5560534832814247
6641,0.996904761904762
6642,0.9993333333333334
6643,1.0
6644,0.9839028680469856
6645,1.0
6646,1.0
6647,1.0
6648,1.0
6649,1.0
6650,1.0
6651,0.9877464923964926
6652,0.9984361305361307
6653,0.35327206225147395
6654,0.6743073877103294
6655,1.0
6656,1.0
6657,1.0
6658,1.0
6659,0.99975
6660,1.0
6661,1.0
6662,1.0
6663,0.9993500000000001
6664,1.0
6665,0.9983183760683761
6666,1.0
6667,0.997984126984127
6668,0.25639712097328216
6669,0.9996
6670,1.0
6671,0.9990666666666667
6672,1.0
6673,1.0
6674,0.9967606837606838
6675,1.0
6676,1.0
6677,0.9816760572760572
6678,1.0
6679,0.9751858863358865
6680,0.9993333333333334
6681,1.0
6682,1.0
6683,1.0
6684,1.0
6685,0.9505735814838755
6686,0.9906777333777333
6687,0.9993055555555556
6688,0.9912518315018315
6689,0.9985384615384616
6690,0.9860320485070483
6691,1.0
6692,0.9996666666666667
6693,1.0
6694,0.9976336996336997
6695,0.2368092851592852
6696,1.0
6697,1.0
6698,0.9811583111333111
6699,1.0
6700,1.0
6701,0.8817447578565226
6702,0.9943025419025419
6703,0.19195840280290752
6704,1.0
6705,0.9869094572094571
6706,1.0
6707,0.9984689754689755
6708,0.9937415584415585
6709,0.9968006493506494
6710,1.0
6711,0.9992727272727272
6712,0.4758546545989269
6713,0.9966336996336997
6714,0.40117591224228716
6715,1.0
6716,1.0
6717,1.0
6718,0.9982761904761905
6719,1.0
6720,1.0
6721,0.9572304945054946
6722,0.9666830132286015
6723,1.0
6724,1.0
6725,0.32300909563432795
6726,1.0
6727,0.8434271036153393
6728,1.0
6729,1.0
6730,1.0
6731,0.9997999999999999
6732,1.0
6733,1.0
6734,1.0
6735,0.998931907308378
6736,0.998617316017316
6737,1.0
6738,0.6334153560439142
6739,1.0
6740,0.9795478883861237
6741,0.9924235209235209
6742,0.9994545454545455
6743,0.7777075442531318
6744,1.0
6745,0.7399596104274122
6746,1.0
6747,0.9940965367965369
6748,1.0
6749,1.0
6750,1.0
6751,0.6748011451053252
6752,0.6622448967698964
6753,1.0
6754,1.0
6755,1.0
6756,0.9991111111111111
6757,1.0
6758,1.0
6759,0.9952917887667889
6760,0.4085522252257545
6761,1.0
6762,1.0
6763,1.0
6764,0.947420043355337
6765,0.9980051282051281
6766,0.9977404761904761
6767,1.0
6768,0.9531088320176555
6769,0.7097050762962529
6770,1.0
6771,0.9576668470418468
6772,0.7804711682280568
6773,1.0
6774,0.9790190309690311
6775,1.0
6776,1.0
6777,1.0
6778,1.0
6779,1.0
6780,1.0
6781,1.0
6782,1.0
6783,1.0
6784,1.0
6785,0.4565884868175096
6786,0.9987878787878789
6787,0.99875
6788,0.6212777002409356
6789,1.0
6790,1.0
6791,0.9996333333333334
6792,1.0
6793,0.9987309523809524
6794,0.9996
6795,0.9993333333333333
6796,0.740936019699255
6797,1.0
6798,1.0
6799,0.28133771848539374
6800,1.0
6801,1.0
6802,1.0
6803,1.0
6804,1.0
6805,0.9993142857142857
6806,0.9260104828960996
6807,0.4218431274178178
6808,0.9975833333333333
6809,1.0
6810,0.9978681818181818
6811,0.9469153181613712
6812,1.0
6813,1.0
6814,0.99975
6815,1.0
6816,1.0
6817,1.0
6818,1.0
6819,1.0
6820,0.44597267895503195
6821,0.7368563759340071
6822,0.998361111111111
6823,1.0
6824,0.967487917637918
6825,1.0
6826,1.0
6827,0.7146536240333456
6828,1.0
6829,1.0
6830,0.9910124181374182
6831,0.9995384615384616
6832,0.9996666666666666
6833,1.0
6834,1.0
6835,1.0
6836,1.0
6837,1.0
6838,1.0
6839,1.0
6840,1.0
6841,0.9372798650180227
6842,0.9546926289396879
6843,1.0
6844,0.996008658008658
6845,0.9993392857142857
6846,1.0
6847,0.480985284160284
6848,1.0
6849,0.9990467532467533
6850,1.0
6851,1.0
6852,1.0
6853,1.0
6854,1.0
6855,1.0
6856,1.0
6857,0.7519314412883294
6858,0.9939227994227994
6859,0.8536200480891657
6860,1.0
6861,1.0
6862,0.9997777777777779
6863,1.0
6864,0.024588672438672434
6865,1.0
6866,1.0
6867,0.9976373015873016
6868,0.621566903031608
6869,0.9977692307692307
6870,1.0
6871,0.9904736652236651
6872,0.7282457684128739
6873,1.0
6874,1.0
6875,0.8614458027438682
6876,1.0
6877,1.0
6878,0.9991428571428571
6879,0.9992000000000001
6880,0.9984155844155844
6881,1.0
6882,0.9986666666666667
6883,1.0
6884,0.9969238095238095
6885,0.9993333333333333
6886,1.0
6887,1.0
6888,1.0
6889,0.9988928571428571
6890,1.0
6891,1.0
6892,1.0
6893,0.9967606837606838
6894,1.0
6895,0.9970781440781442
6896,1.0
6897,0.9910692441545383
6898,1.0
6899,1.0
6900,1.0
6901,0.9987606837606837
6902,1.0
6903,1.0
6904,1.0
6905,1.0
6906,1.0
6907,0.7602078035999086
6908,1.0
6909,0.9220820376132297
6910,0.9937043345543344
6911,1.0
6912,0.9950341307814993
6913,1.0
6914,1.0
6915,0.998576911976912
6916,0.9997777777777779
6917,0.9993604395604395
6918,0.9132565646771529
6919,1.0
6920,0.984576597911892
6921,1.0
6922,0.9995
6923,1.0
6924,0.9995961538461539
6925,0.8407908951815303
6926,0.3629037392947607
6927,0.9975238095238096
6928,1.0
6929,0.9997142857142857
6930,1.0
6931,0.7249979122013176
6932,0.8410917499167501
6933,1.0
6934,1.0
6935,0.9979579831932772
6936,0.7443924162438866
6937,1.0
6938,1.0
6939,0.9979009157509156
6940,1.0
6941,0.9998181818181818
6942,1.0
6943,1.0
6944,0.961374186924187
6945,0.9998823529411764
6946,0.979332656232656
6947,1.0
6948,1.0
6949,0.9997142857142857
6950,1.0
6951,1.0
6952,1.0
6953,1.0
6954,0.9947169108669109
6955,0.9993333333333334
6956,1.0
6957,0.9920256909756909
6958,0.9995384615384616
6959,0.9911043123543125
6960,0.9996363636363637
6961,1.0
6962,1.0
6963,0.9986153846153847
6964,1.0
6965,0.9946868131868133
6966,1.0
6967,0.9986111111111112
6968,1.0
6969,1.0
6970,0.9903682976380346
6971,0.4979270595417657
6972,1.0
6973,1.0
6974,1.0
6975,0.8821955294705294
6976,1.0
6977,0.9810267732267731
6978,1.0
6979,1.0
6980,1.0
6981,1.0
6982,0.9983809523809524
6983,0.9996
6984,1.0
6985,0.20985029028419142
6986,0.9980642857142857
6987,0.298725357975358
6988,1.0
6989,1.0
6990,0.9909384615384617
6991,1.0
6992,1.0
6993,0.9304908748114633
6994,0.5024992938434114
6995,1.0
6996,1.0
6997,0.9982888888888889
6998,0.9807001803751803
6999,0.14676329926523418
7000,1.0
7001,1.0
7002,0.6156565625550915
7003,0.8434683545212953
7004,0.9990833333333333
7005,1.0
7006,0.9183034543887487
7007,1.0
7008,1.0
7009,1.0
7010,0.9961292707292706
7011,0.9896871184371188
7012,1.0
7013,0.9941694805194805
7014,0.9995
7015,1.0
7016,1.0
7017,1.0
7018,1.0
7019,0.9998947368421052
7020,0.8203486587887512
7021,0.6884017646440245
7022,1.0
7023,1.0
7024,1.0
7025,0.9995384615384616
7026,1.0
7027,1.0
7028,0.9962507936507937
7029,1.0
7030,1.0
7031,1.0
7032,1.0
7033,0.9741906857848034
7034,1.0
7035,0.982247906015553
7036,0.8515598618701563
7037,0.9911292735042736
7038,1.0
7039,0.97199319803004
7040,1.0
7041,1.0
7042,1.0
7043,1.0
7044,0.9983488095238096
7045,1.0
7046,1.0
7047,1.0
7048,1.0
7049,0.6409916126700956
7050,0.9590653725359607
7051,1.0
7052,1.0
7053,1.0
7054,0.9524626928626929
7055,0.9979166666666668
7056,0.9984452880452881
7057,0.9980273504273505
7058,1.0
7059,0.9988642857142856
7060,0.9991666666666666
7061,0.9926730158730159
7062,0.9576668470418468
7063,1.0
7064,1.0
7065,0.999638888888889
7066,0.9780958208458213
7067,1.0
7068,1.0
7069,1.0
7070,1.0
7071,0.9889239094239093
7072,1.0
7073,0.9964614774114775
7074,1.0
7075,0.9452695050047994
7076,0.9977811965811966
7077,1.0
7078,0.9991111111111111
7079,1.0
7080,0.9995555555555555
7081,1.0
7082,1.0
7083,1.0
7084,0.28665396825396827
7085,1.0
7086,1.0
7087,1.0
7088,0.8194457871334031
7089,1.0
7090,0.9615452291172881
7091,0.9991666666666666
7092,1.0
7093,0.9989333333333333
7094,1.0
7095,0.9987333333333334
7096,1.0
7097,0.9810034848794137
7098,1.0
7099,1.0
7100,1.0
7101,0.9987999999999999
7102,0.8177134381104699
7103,1.0
7104,0.9982634698634698
7105,1.0
7106,0.998377430902431
7107,1.0
7108,1.0
7109,0.999875
7110,1.0
7111,0.8080273834877679
7112,1.0
7113,0.9979396603396603
7114,1.0
7115,0.9989999999999999
7116,1.0
7117,1.0
7118,1.0
7119,0.6632139316737614
7120,0.9660885034899737
7121,0.9951753968253968
7122,0.21095912738792003
7123,0.9921181096681096
7124,1.0
7125,0.9855725024975026
7126,0.7502662177691588
7127,0.9790411302749537
7128,0.998847619047619
7129,1.0
7130,1.0
7131,1.0
7132,0.9989365079365078
7133,1.0
7134,0.9975873015873017
7135,0.9070015042147398
7136,1.0
7137,0.9892267327443797
7138,0.8916675491175489
7139,0.9655493490169964
7140,0.9868810134310133
7141,1.0
7142,0.9988181818181817
7143,1.0
7144,1.0
7145,0.028432209457209454
7146,1.0
7147,1.0
7148,1.0
7149,1.0
7150,0.9867210816960819
7151,1.0
7152,0.9996923076923078
7153,0.9972244588744589
7154,1.0
7155,1.0
7156,1.0
7157,0.9972606837606839
7158,1.0
7159,0.3377854965296144
7160,1.0
7161,0.9988928571428571
7162,0.9974833333333334
7163,1.0
7164,0.88406254888902
7165,0.9964298701298699
7166,0.9680519702519705
7167,1.0
7168,1.0
7169,1.0
7170,0.6243075606711822
7171,0.9775666140876669
7172,0.946904394951454
7173,1.0
7174,0.9764237024413494
7175,0.9879960954078599
7176,0.8790869787677063
7177,1.0
7178,1.0
7179,0.534540432013807
7180,1.0
7181,1.0
7182,1.0
7183,0.9990555555555556
7184,0.9996666666666667
7185,0.9821297258297259
7186,0.9645397130647131
7187,1.0
7188,0.9619597763347763
7189,1.0
7190,0.9996666666666666
7191,0.9381507409257409
7192,0.9988571428571429
7193,0.9847299422799424
7194,1.0
7195,0.6040254288195461
7196,1.0
7197,1.0
7198,1.0
7199,0.9988717948717948
7200,0.968596484071484
7201,1.0
7202,0.8600266701163758
7203,0.9820621822621823
7204,1.0
7205,0.9987916666666666
7206,1.0
7207,1.0
7208,1.0
7209,1.0
7210,1.0
7211,0.8042024867976878
7212,1.0
7213,0.7664275654084475
7214,1.0
7215,1.0
7216,0.4322670884670884
7217,0.9994285714285714
7218,1.0
7219,1.0
7220,0.859872494172494
7221,1.0
7222,0.6525820306112877
7223,1.0
7224,0.9991753246753247
7225,1.0
7226,0.9901050643800644
7227,0.9996644736842105
7228,0.9326457792207794
7229,0.9715560960281547
7230,1.0
7231,1.0
7232,0.9972997557997557
7233,1.0
7234,1.0
7235,0.9989333333333332
7236,1.0
7237,0.9959956709956711
7238,1.0
7239,1.0
7240,1.0
7241,1.0
7242,0.9990915032679738
7243,0.9842132395382394
7244,1.0
7245,1.0
7246,1.0
7247,1.0
7248,0.9982060606060607
7249,1.0
7250,0.9946895829316882
7251,1.0
7252,1.0
7253,1.0
7254,0.34707129434892603
7255,1.0
7256,0.9974666666666667
7257,1.0
7258,0.39297573693375604
7259,0.9996
7260,1.0
7261,0.99975
7262,0.9242552569979045
7263,1.0
7264,0.9983294117647058
7265,1.0
7266,0.9963452380952382
7267,1.0
7268,0.9997142857142858
7269,1.0
7270,1.0
7271,0.9956994505494506
7272,0.9837971195471195
7273,1.0
7274,1.0
7275,1.0
7276,1.0
7277,1.0
7278,0.8712423628658915
7279,1.0
7280,1.0
7281,0.9822132950382954
7282,1.0
7283,1.0
7284,1.0
7285,1.0
7286,1.0
7287,1.0
7288,1.0
7289,1.0
7290,0.9401718303454372
7291,1.0
7292,0.9997142857142858
7293,1.0
7294,1.0
7295,1.0
7296,1.0
7297,0.9990256410256411
7298,1.0
7299,0.592740960836549
7300,0.9789699855699855
7301,0.3084044158455923
7302,1.0
7303,1.0
7304,1.0
7305,1.0
7306,1.0
7307,1.0
7308,0.9814250971250972
7309,0.9993333333333334
7310,1.0
7311,1.0
7312,1.0
7313,0.9984484126984127
7314,1.0
7315,0.5195514600037044
7316,1.0
7317,0.9989769119769121
7318,0.9988809523809523
7319,0.5512686710692128
7320,1.0
7321,1.0
7322,0.9860610268816149
7323,0.8757022390805983
7324,0.99351105006105
7325,0.9995
7326,0.996530735930736
7327,1.0
7328,1.0
7329,1.0
7330,0.5738047661488839
7331,1.0
7332,1.0
7333,1.0
7334,0.9991785714285715
7335,1.0
7336,0.9992363636363637
7337,1.0
7338,1.0
7339,1.0
7340,0.9594930553107024
7341,1.0
7342,1.0
7343,1.0
7344,1.0
7345,0.9998461538461538
7346,1.0
7347,0.3257631099808347
7348,1.0
7349,1.0
7350,0.9949638361638362
7351,1.0
7352,0.9996666666666667
7353,0.8666334098907632
7354,1.0
7355,1.0
7356,0.997079365079365
7357,0.9994166666666667
7358,0.9157956474897654
7359,0.9985696969696971
7360,1.0
7361,1.0
7362,1.0
7363,1.0
7364,0.9995384615384616
7365,1.0
7366,0.9991666666666666
7367,1.0
7368,1.0
7369,0.5485626219325913
7370,1.0
7371,1.0
7372,1.0
7373,1.0
7374,0.9969363636363637
7375,0.9998181818181817
7376,1.0
7377,0.6051647691403881
7378,0.4488272007919838
7379,0.8904991304447191
7380,1.0
7381,0.014609962259962262
7382,1.0
7383,1.0
7384,0.9989333333333333
7385,0.9417132978132977
7386,1.0
7387,1.0
7388,1.0
7389,1.0
7390,0.6821187438378614
7391,0.9998333333333334
7392,1.0
7393,0.9896864024864025
7394,1.0
7395,0.9998181818181817
7396,1.0
7397,1.0
7398,1.0
7399,1.0
7400,1.0
7401,1.0
7402,1.0
7403,1.0
7404,0.9997142857142857
7405,0.9923609723609725
7406,1.0
7407,1.0
7408,1.0
7409,1.0
7410,0.996920634920635
7411,1.0
7412,1.0
7413,1.0
7414,0.9942951659451659
7415,1.0
7416,0.9538762626262628
7417,1.0
7418,0.9998181818181818
7419,0.9996
7420,0.9990555555555556
7421,1.0
7422,0.7781134759805037
7423,1.0
7424,1.0
7425,1.0
7426,0.9996666666666667
7427,0.9995833333333334
7428,1.0
7429,0.9996
7430,1.0
7431,1.0
7432,0.9951860805860805
7433,1.0
7434,1.0
7435,1.0
7436,0.9993142857142857
7437,1.0
7438,0.9942520757020755
7439,1.0
7440,0.9828896520146521
7441,1.0
7442,1.0
7443,1.0
7444,0.991333968078705
7445,1.0
7446,0.9968452380952381
7447,1.0
7448,1.0
7449,1.0
7450,1.0
7451,0.9996666666666666
7452,1.0
7453,1.0
7454,0.9982096320346319
7455,0.9964825396825397
7456,0.999
7457,1.0
7458,1.0
7459,1.0
7460,1.0
7461,0.9848632671250319
7462,1.0
7463,1.0
7464,0.7308364030448399
7465,1.0
7466,0.9996666666666666
7467,0.9991277777777777
7468,1.0
7469,1.0
7470,0.9965176767676767
7471,1.0
7472,1.0
7473,0.7341948734014516
7474,0.9974
7475,0.99925
7476,1.0
7477,0.9996666666666667
7478,0.4407820296061006
7479,0.9959273726273725
7480,1.0
7481,0.9991428571428571
7482,1.0
7483,0.9996
7484,1.0
7485,0.9998571428571429
7486,0.968341403041403
7487,1.0
7488,1.0
7489,1.0
7490,0.9989999999999999
7491,0.9976015151515152
7492,0.9005012179341128
7493,1.0
7494,1.0
7495,1.0
7496,0.9348099609540786
7497,1.0
7498,0.8231852460748745
7499,1.0
7500,0.6430050343791054
7501,1.0
7502,1.0
7503,1.0
7504,0.9991555555555556
7505,1.0
7506,0.99925
7507,1.0
7508,0.3767776330394751
7509,1.0
7510,1.0
7511,0.9249455678824099
7512,0.9998461538461538
7513,0.9998666666666667
7514,0.9955145191409899
7515,1.0
7516,0.9982444444444444
7517,1.0
7518,1.0
7519,1.0
7520,1.0
7521,0.45798101807892866
7522,0.9985681818181819
7523,0.976676295926296
7524,0.9867005427321218
7525,1.0
7526,1.0
7527,1.0
7528,0.9630133505383508
7529,0.968563464313464
7530,1.0
7531,0.9949376623376623
7532,1.0
7533,1.0
7534,1.0
7535,1.0
7536,1.0
7537,1.0
7538,1.0
7539,0.986841971916972
7540,0.9665347291597295
7541,0.9997142857142858
7542,0.9935960594960597
7543,1.0
7544,0.6755948622498937
7545,1.0
7546,1.0
7547,0.32657152553329033
7548,1.0
7549,0.9975952380952381
7550,1.0
7551,0.9998333333333332
7552,1.0
7553,0.9906950800833154
7554,1.0
7555,1.0
7556,0.8042867382025397
7557,0.9860610268816149
7558,1.0
7559,0.9940976190476191
7560,1.0
7561,1.0
7562,1.0
7563,1.0
7564,1.0
7565,1.0
7566,0.998576911976912
7567,1.0
7568,0.9945
7569,0.9992380952380951
7570,1.0
7571,0.999
7572,1.0
7573,1.0
7574,0.592140355275959
7575,1.0
7576,1.0
7577,1.0
7578,0.8849235685882741
7579,1.0
7580,1.0
7581,0.9996
7582,1.0
7583,1.0
7584,1.0
7585,1.0
7586,0.9714089715839712
7587,1.0
7588,0.9078744405920878
7589,0.9789259462759463
7590,1.0
7591,1.0
7592,1.0
7593,1.0
7594,1.0
7595,1.0
7596,1.0
7597,0.9988888888888889
7598,0.9173241008991014
7599,1.0
7600,1.0
7601,0.9490195797666386
7602,1.0
7603,0.9965489177489177
7604,0.2617425014527957
7605,0.995024755799756
7606,0.9995555555555555
7607,1.0
7608,1.0
7609,0.9992747252747254
7610,0.9992000000000001
7611,1.0
7612,1.0
7613,0.9954619047619049
7614,1.0
7615,1.0
7616,1.0
7617,1.0
7618,1.0
7619,1.0
7620,1.0
7621,0.9955128205128204
7622,0.9987606837606837
7623,1.0
7624,1.0
7625,1.0
7626,1.0
7627,0.9894011655011655
7628,0.9704674214674217
7629,1.0
7630,0.9997142857142858
7631,1.0
7632,0.9995
7633,0.9871343512696454
7634,0.9670916611166613
7635,1.0
7636,0.9349280714383659
7637,0.9915404040404039
7638,1.0
7639,1.0
7640,1.0
7641,1.0
7642,0.9699162864912865
7643,1.0
7644,0.9912636502386503
7645,0.9996666666666666
7646,1.0
7647,1.0
7648,0.43130373352997176
7649,0.9972055555555556
7650,0.9319726872800402
7651,1.0
7652,1.0
7653,1.0
7654,0.9918054945054946
7655,0.9976285714285715
7656,1.0
7657,1.0
7658,1.0
7659,0.9943851037851041
7660,1.0
7661,0.9967465201465201
7662,1.0
7663,1.0
7664,0.9994285714285714
7665,1.0
7666,0.9973602730602731
7667,1.0
7668,0.9998461538461538
7669,0.9654807862072565
7670,1.0
7671,0.9997142857142858
7672,0.9991428571428571
7673,0.9988333333333334
7674,0.9993102453102455
7675,1.0
7676,1.0
7677,0.9994065934065935
7678,1.0
7679,1.0
7680,1.0
7681,0.06904892460480697
7682,1.0
7683,0.9992527472527474
7684,1.0
7685,1.0
7686,1.0
7687,1.0
7688,0.6816321326849969
7689,0.9995
7690,1.0
7691,0.9964610805860807
7692,0.3018541049937336
7693,0.9892259508465392
7694,0.9996
7695,1.0
7696,1.0
7697,0.9755972416472414
7698,0.9744420058012163
7699,0.994534299034299
7700,1.0
7701,0.9994
7702,0.993624111999112
7703,0.9935645679483915
7704,0.9957523809523809
7705,1.0
7706,1.0
7707,1.0
7708,1.0
7709,1.0
7710,0.8723880397380397
7711,0.9971999999999999
7712,1.0
7713,1.0
7714,1.0
7715,1.0
7716,1.0
7717,0.9995
7718,1.0
7719,1.0
7720,1.0
7721,0.621225426388197
7722,0.9969854978354977
7723,1.0
7724,0.9985873015873016
7725,0.9953317460317462
7726,1.0
7727,0.9984273504273504
7728,1.0
7729,0.7270473170620234
7730,1.0
7731,1.0
7732,1.0
7733,1.0
7734,1.0
7735,1.0
7736,0.7460854668551262
7737,1.0
7738,1.0
7739,1.0
7740,0.9994794871794871
7741,1.0
7742,1.0
7743,0.9908314491064489
7744,0.27221462671315627
7745,1.0
7746,1.0
7747,1.0
7748,1.0
7749,0.7085981908614267
7750,1.0
7751,1.0
7752,1.0
7753,1.0
7754,1.0
7755,0.999
7756,1.0
7757,0.9510355162811043
7758,0.9995324675324674
7759,0.9982309523809523
7760,0.9986785714285714
7761,1.0
7762,0.7664351315351315
7763,0.9933323953823953
7764,0.9866385697635698
7765,0.9388329048918055
7766,1.0
7767,1.0
7768,1.0
7769,1.0
7770,1.0
7771,1.0
7772,0.4495066924647421
7773,1.0
7774,0.9982476190476189
7775,1.0
7776,0.9924685203685203
7777,1.0
7778,1.0
7779,1.0
7780,1.0
7781,1.0
7782,1.0
7783,0.11740056610056614
7784,0.9984761904761904
7785,1.0
7786,1.0
7787,1.0
7788,1.0
7789,0.9635131303079449
7790,0.9991666666666666
7791,0.9996666666666666
7792,0.9502444666444668
7793,0.9289506077256077
7794,1.0
7795,0.7813015293186347
7796,1.0
7797,1.0
7798,1.0
7799,1.0
7800,1.0
7801,0.9585603380279849
7802,0.9915196969696968
7803,0.9630866997381703
7804,0.9988333333333334
7805,0.9351710844710845
7806,1.0
7807,0.9991030303030302
7808,0.9980574229691876
7809,0.999
7810,0.7988397742780098
7811,1.0
7812,1.0
7813,0.8462617560544029
7814,0.6938916617352373
7815,0.7128851369545488
7816,1.0
7817,1.0
7818,0.9568533355533354
7819,1.0
7820,0.9547140581640582
7821,1.0
7822,0.9986181818181818
7823,0.9945101731601731
7824,1.0
7825,0.900824672712908
7826,1.0
7827,0.9530444273047213
7828,1.0
7829,1.0
7830,0.8990423937173936
7831,0.6812096341566932
7832,0.99975
7833,1.0
7834,1.0
7835,0.9360175004819734
7836,1.0
7837,1.0
7838,1.0
7839,0.9985075757575758
7840,0.9080465025170907
7841,1.0
7842,0.9991030303030302
7843,1.0
7844,0.9985333333333333
7845,0.9985714285714286
7846,0.4465928351060706
7847,1.0
7848,1.0
7849,1.0
7850,1.0
7851,1.0
7852,1.0
7853,0.961930981110393
7854,1.0
7855,0.21982830584448237
7856,0.8963619736472677
7857,1.0
7858,0.9936248251748252
7859,0.6477417827872154
7860,0.9996666666666666
7861,0.9267308702735174
7862,1.0
7863,1.0
7864,1.0
7865,1.0
7866,1.0
7867,1.0
7868,1.0
7869,1.0
7870,0.9916543706293707
7871,0.9275071994998463
7872,0.997136507936508
7873,0.9964215665053902
7874,1.0
7875,1.0
7876,0.9975174603174601
7877,0.8519161693999153
7878,0.9983638583638584
7879,1.0
7880,0.9991785714285715
7881,0.9848485165161635
7882,1.0
7883,1.0
7884,1.0
7885,0.9992000000000001
7886,1.0
7887,0.3061090821545157
7888,1.0
7889,0.7816116535425357
7890,0.9995714285714286
7891,1.0
7892,0.9852486790986792
7893,0.38972318936481526
7894,1.0
7895,0.9987880952380952
7896,1.0
7897,1.0
7898,1.0
7899,1.0
7900,0.38197230563554097
7901,1.0
7902,0.9816232989232991
7903,0.9900911976911977
7904,0.8899085636585637
7905,0.9987045454545455
7906,1.0
7907,1.0
7908,1.0
7909,0.8405630469375832
7910,0.9984
7911,1.0
7912,0.9914845704948646
7913,1.0
7914,0.9411132560078384
7915,0.9998461538461538
7916,0.8349731957241242
7917,1.0
7918,0.9995
7919,1.0
7920,0.9989365079365078
7921,0.9576973875539664
7922,0.9980039682539683
7923,1.0
7924,0.9997142857142858
7925,1.0
7926,1.0
7927,1.0
7928,0.9930078477078477
7929,1.0
7930,0.9984071428571428
7931,1.0
7932,1.0
7933,0.9965995670995671
7934,0.9944139249639251
7935,0.561205569610988
7936,0.9883337579087579
7937,1.0
7938,0.9988717948717949
7939,1.0
7940,0.9994920634920635
7941,1.0
7942,1.0
7943,1.0
7944,1.0
7945,0.9985870129870129
7946,1.0
7947,0.8730338161838159
7948,1.0
7949,1.0
7950,0.9985000000000002
7951,0.9980173160173159
7952,0.82411176552206
7953,1.0
7954,1.0
7955,0.9991785714285715
7956,1.0
7957,0.9991309523809524
7958,1.0
7959,1.0
7960,1.0
7961,1.0
7962,0.9969843711843711
7963,1.0
7964,1.0
7965,0.9813630702630703
7966,0.9935731289178658
7967,0.8571452122580911
7968,1.0
7969,0.9997142857142857
7970,1.0
7971,1.0
7972,0.9314224321430205
7973,1.0
7974,0.9447478854478857
7975,0.8165923106735026
7976,1.0
7977,1.0
7978,1.0
7979,0.9995959595959596
7980,0.9997999999999999
7981,0.9990909090909091
7982,0.9979285714285715
7983,1.0
7984,0.9934672438672438
7985,0.9025080997433942
7986,1.0
7987,0.9996666666666666
7988,0.9722848484848485
7989,1.0
7990,0.9998461538461538
7991,0.9943002757476442
7992,0.9990285714285714
7993,1.0
7994,0.9886732323232322
7995,0.9996666666666667
7996,0.9981933621933621
7997,0.9996
7998,0.9997156862745098
7999,0.9740672773734695
8000,1.0
8001,1.0
8002,1.0
8003,1.0
8004,1.0
8005,1.0
8006,1.0
8007,1.0
8008,0.9993324675324675
8009,1.0
8010,0.8377715750507851
8011,0.9993555555555556
8012,1.0
8013,1.0
8014,0.9561883755133757
8015,1.0
8016,1.0
8017,1.0
8018,0.9814241036741038
8019,1.0
8020,1.0
8021,1.0
8022,1.0
8023,1.0
8024,1.0
8025,0.9994142857142856
8026,1.0
8027,1.0
8028,0.9984253968253969
8029,1.0
8030,0.9796670701847173
8031,0.7951387474067043
8032,1.0
8033,0.9959923076923077
8034,0.9686618631368633
8035,0.9991428571428571
8036,1.0
8037,1.0
8038,0.997
8039,1.0
8040,0.9989294871794872
8041,1.0
8042,0.9975529914529915
8043,1.0
8044,0.9988045454545454
8045,1.0
8046,1.0
8047,1.0
8048,0.9996666666666666
8049,1.0
8050,1.0
8051,0.9770133477633478
8052,1.0
8053,0.18508643578643574
8054,1.0
8055,1.0
8056,0.9020224690428251
8057,1.0
8058,0.9791754967254966
8059,0.9979523809523809
8060,1.0
8061,0.9992051282051282
8062,0.9934768473356711
8063,0.9988349206349205
8064,0.9995555555555555
8065,1.0
8066,0.9929121045621045
8067,0.9993333333333333
8068,1.0
8069,1.0
8070,0.36456714294477466
8071,1.0
8072,0.8909888159226395
8073,1.0
8074,1.0
8075,1.0
8076,0.991033338883339
8077,1.0
8078,0.9135159871174575
8079,1.0
8080,0.8985856365856366
8081,0.9994141414141414
8082,1.0
8083,0.9986217948717949
8084,1.0
8085,1.0
8086,1.0
8087,1.0
8088,1.0
8089,1.0
8090,1.0
8091,0.7813524962309797
8092,0.9980772283272283
8093,1.0
8094,1.0
8095,1.0
8096,1.0
8097,0.9995828877005348
8098,0.9907776631864867
8099,1.0
8100,0.9885861610611609
8101,0.9862928404928407
8102,0.9993500000000001
8103,1.0
8104,1.0
8105,0.9995
8106,1.0
8107,1.0
8108,1.0
8109,0.9985396825396825
8110,1.0
8111,0.9996666666666666
8112,1.0
8113,0.9901939810189812
8114,1.0
8115,1.0
8116,1.0
8117,1.0
8118,1.0
8119,1.0
8120,1.0
8121,1.0
8122,1.0
8123,1.0
8124,1.0
8125,1.0
8126,1.0
8127,0.9795836274836274
8128,0.9997142857142858
8129,1.0
8130,0.9996
8131,0.993602813852814
8132,0.7882468131885316
8133,0.9821630475733416
8134,1.0
8135,0.9998181818181817
8136,1.0
8137,0.6067678468676152
8138,1.0
8139,0.9378246103569634
8140,0.9990416666666666
8141,1.0
8142,0.9830749195249197
8143,1.0
8144,1.0
8145,1.0
8146,0.9805038739038738
8147,1.0
8148,0.6576775353245641
8149,1.0
8150,0.993522943722944
8151,0.8001655307111195
8152,1.0
8153,1.0
8154,0.9992777777777778
8155,1.0
8156,0.9978849206349206
8157,1.0
8158,1.0
8159,0.9981495726495727
8160,0.9996666666666666
8161,1.0
8162,0.9975777777777777
8163,1.0
8164,0.9990952380952381
8165,1.0
8166,0.9804501276501274
8167,1.0
8168,0.9637536408036409
8169,0.8929284206333739
8170,1.0
8171,1.0
8172,1.0
8173,0.9997777777777779
8174,1.0
8175,1.0
8176,1.0
8177,1.0
8178,1.0
8179,0.9726991407715092
8180,1.0
8181,1.0
8182,1.0
8183,0.9086161722264667
8184,1.0
8185,1.0
8186,0.532297037826295
8187,1.0
8188,1.0
8189,1.0
8190,1.0
8191,1.0
8192,0.9950223443223443
8193,1.0
8194,1.0
8195,1.0
8196,1.0
8197,0.9817503323989393
8198,1.0
8199,1.0
8200,0.9871430546577605
8201,1.0
8202,0.9710707607751722
8203,0.9878041167982345
8204,1.0
8205,1.0
8206,1.0
8207,1.0
8208,1.0
8209,1.0
8210,0.8861921124970663
8211,0.9956823308270676
8212,1.0
8213,0.5944055495588001
8214,1.0
8215,1.0
8216,1.0
8217,1.0
8218,1.0
8219,1.0
8220,1.0
8221,1.0
8222,0.9995
8223,0.990335386835387
8224,1.0
8225,0.9963101179865884
8226,0.9622017469200908
8227,1.0
8228,1.0
8229,1.0
8230,0.996904761904762
8231,1.0
8232,1.0
8233,1.0
8234,0.9899333305583304
8235,1.0
8236,0.9995999999999999
8237,0.9526410145410147
8238,0.9931585695006747
8239,0.9962972582972582
8240,1.0
8241,1.0
8242,1.0
8243,0.9960054112554113
8244,1.0
8245,1.0
8246,0.9973290043290043
8247,0.9466970485396958
8248,0.9961753968253968
8249,1.0
8250,1.0
8251,1.0
8252,0.9980333333333333
8253,1.0
8254,1.0
8255,1.0
8256,0.9232555059319766
8257,0.9996363636363637
8258,0.9757071412247881
8259,1.0
8260,1.0
8261,0.989644633471104
8262,0.9996363636363637
8263,0.9992878787878787
8264,0.8828093083816766
8265,0.9746309496059496
8266,0.99885
8267,1.0
8268,1.0
8269,0.9506401376401374
8270,1.0
8271,1.0
8272,1.0
8273,1.0
8274,0.9980688311688312
8275,1.0
8276,1.0
8277,1.0
8278,1.0
8279,0.9992000000000001
8280,1.0
8281,1.0
8282,0.99925
8283,0.9686825396825399
8284,1.0
8285,1.0
8286,0.9944589743589742
8287,0.9971999999999999
8288,0.9996666666666666
8289,1.0
8290,1.0
8291,1.0
8292,0.4403578773307877
8293,0.3330421558317844
8294,1.0
8295,0.9994545454545455
8296,0.9978817460317461
8297,0.9986166666666666
8298,0.82933951869424
8299,1.0
8300,1.0
8301,1.0
8302,0.9979781257957728
8303,1.0
8304,0.9912650793650793
8305,0.5602553982738966
8306,1.0
8307,0.9996666666666666
8308,0.9988095238095237
8309,1.0
8310,0.99975
8311,0.991412148962149
8312,1.0
8313,1.0
8314,1.0
8315,1.0
8316,0.7796738796978739
8317,1.0
8318,1.0
8319,1.0
8320,0.9879108989050166
8321,0.8041789804966275
8322,1.0
8323,0.997772161172161
8324,0.9995
8325,0.9981223443223443
8326,1.0
8327,0.686613192363192
8328,1.0
8329,0.8672906120806402
8330,1.0
8331,1.0
8332,0.9969285714285714
8333,1.0
8334,0.9826657897657899
8335,0.9635591464091464
8336,1.0
8337,1.0
8338,0.9978257575757575
8339,1.0
8340,0.9340242789889852
8341,1.0
8342,0.9988717948717949
8343,1.0
8344,0.9996
8345,0.9991128205128206
8346,0.9855726828726825
8347,0.9917730436230434
8348,1.0
8349,1.0
8350,0.974481046731047
8351,1.0
8352,1.0
8353,1.0
8354,0.5401853788368496
8355,1.0
8356,0.9989920634920635
8357,0.9998333333333334
8358,1.0
8359,1.0
8360,0.9980380952380953
8361,1.0
8362,1.0
8363,1.0
8364,0.6509550809785334
8365,0.45245348392577517
8366,1.0
8367,0.9986918767507004
8368,1.0
8369,0.8791003996003992
8370,1.0
8371,1.0
8372,1.0
8373,0.6943266104810226
8374,1.0
8375,1.0
8376,0.9991809523809523
8377,1.0
8378,1.0
8379,1.0
8380,1.0
8381,1.0
8382,1.0
8383,0.9408541959674309
8384,1.0
8385,0.9865621045621048
8386,1.0
8387,0.9941529470529471
8388,0.1625758812652777
8389,0.9996
8390,0.9448108336108336
8391,0.9997142857142857
8392,1.0
8393,1.0
8394,1.0
8395,1.0
8396,0.9990940170940171
8397,1.0
8398,1.0
8399,1.0
8400,0.9466806554556554
8401,0.01619715912742228
8402,1.0
8403,1.0
8404,1.0
8405,0.9972370426958661
8406,0.9965295149295148
8407,0.9487202325452325
8408,1.0
8409,1.0
8410,0.5212088669248621
8411,1.0
8412,1.0
8413,1.0
8414,0.7957358918858918
8415,0.8935974972739674
8416,1.0
8417,1.0
8418,0.23295017205017204
8419,1.0
8420,0.503977007658664
8421,1.0
8422,1.0
8423,0.9959251803751806
8424,0.9996666666666666
8425,0.8197184277802431
8426,1.0
8427,0.9972099567099567
8428,1.0
8429,0.7093174209777153
8430,1.0
8431,1.0
8432,0.9923490917579153
8433,1.0
8434,0.9991666666666666
8435,0.8589673429511664
8436,1.0
8437,0.997134126984127
8438,1.0
8439,0.2531725953784777
8440,1.0
8441,1.0
8442,0.9994285714285714
8443,1.0
8444,0.9989491341991341
8445,0.994979797979798
8446,1.0
8447,0.9988571428571429
8448,0.9996666666666666
8449,1.0
8450,1.0
8451,1.0
8452,0.8960121933621931
8453,1.0
8454,1.0
8455,0.9997142857142858
8456,0.9996666666666667
8457,1.0
8458,1.0
8459,0.9936736652236651
8460,0.9808264929514932
8461,1.0
8462,0.9921849206349206
8463,1.0
8464,1.0
8465,0.9974614496614497
8466,1.0
8467,1.0
8468,1.0
8469,1.0
8470,0.980658472083472
8471,1.0
8472,1.0
8473,0.9981190476190477
8474,1.0
8475,1.0
8476,1.0
8477,1.0
8478,1.0
8479,1.0
8480,1.0
8481,1.0
8482,0.9667128921731863
8483,1.0
8484,1.0
8485,0.9864369019869018
8486,1.0
8487,1.0
8488,0.6881698275580629
8489,1.0
8490,0.7988571329169626
8491,1.0
8492,0.9991428571428571
8493,0.9937867521367522
8494,0.4177724157679269
8495,1.0
8496,1.0
8497,1.0
8498,1.0
8499,1.0
8500,1.0
8501,1.0
8502,1.0
8503,1.0
8504,1.0
8505,0.9985753968253969
8506,1.0
8507,1.0
8508,1.0
8509,1.0
8510,1.0
8511,0.9996923076923077
8512,1.0
8513,0.8137509048055486
8514,0.9531310653398887
8515,0.9944053502053501
8516,1.0
8517,0.9997142857142857
8518,1.0
8519,0.9965227994227995
8520,0.993322322122322
8521,0.9917473082473082
8522,1.0
8523,0.9995555555555555
8524,0.9131846260464681
8525,1.0
8526,1.0
8527,1.0
8528,0.9990555555555556
8529,1.0
8530,1.0
8531,1.0
8532,0.99975
8533,0.9994285714285714
8534,1.0
8535,0.9749967698967696
8536,0.9457561327561325
8537,1.0
8538,1.0
8539,0.9966746031746031
8540,1.0
8541,1.0
8542,0.9780805305805306
8543,1.0
8544,0.9997142857142858
8545,1.0
8546,1.0
8547,0.9988333333333334
8548,1.0
8549,1.0
8550,0.976248856698857
8551,1.0
8552,0.9864509268509268
8553,1.0
8554,0.9988809523809524
8555,1.0
8556,1.0
8557,1.0
8558,0.9663435564435562
8559,0.9624876491155901
8560,1.0
8561,0.9838695474116527
8562,1.0
8563,1.0
8564,0.9996666666666667
8565,0.9653811133311133
8566,1.0
8567,0.9992063492063492
8568,0.9997999999999999
8569,1.0
8570,0.999547619047619
8571,0.9977874125874125
8572,1.0
8573,0.9982928571428572
8574,1.0
8575,0.9938482683982683
8576,0.99975
8577,1.0
8578,1.0
8579,1.0
8580,0.8034681374964008
8581,0.9784864718614719
8582,0.3838619910619135
8583,0.997342907092907
8584,1.0
8585,0.9992420634920635
8586,1.0
8587,1.0
8588,0.9997777777777779
8589,0.9981269841269841
8590,0.9616634310134312
8591,0.9281170824273763
8592,1.0
8593,1.0
8594,1.0
8595,0.9813404928404927
8596,1.0
8597,1.0
8598,1.0
8599,0.8025526396805809
8600,1.0
8601,1.0
8602,0.5142655946822352
8603,1.0
8604,1.0
8605,1.0
8606,0.9992000000000001
8607,0.8607136448518795
8608,0.9962694805194805
8609,1.0
8610,1.0
8611,0.9935230158730158
8612,1.0
8613,1.0
8614,1.0
8615,1.0
8616,1.0
8617,1.0
8618,0.9992000000000001
8619,0.9986138583638584
8620,0.9998333333333334
8621,0.9993846153846153
8622,0.9948534188034188
8623,0.9988506493506494
8624,1.0
8625,0.9998181818181817
8626,0.994701282051282
8627,1.0
8628,0.8247541528904533
8629,1.0
8630,0.9990141414141415
8631,1.0
8632,1.0
8633,1.0
8634,1.0
8635,0.9860794628574042
8636,1.0
8637,0.9997142857142857
8638,0.9829176906426906
8639,0.9841745143745144
8640,1.0
8641,0.2842932732128555
8642,0.8283253245120888
8643,1.0
8644,1.0
8645,1.0
8646,0.9996666666666666
8647,1.0
8648,0.9992000000000001
8649,1.0
8650,1.0
8651,1.0
8652,1.0
8653,0.9973536796536796
8654,1.0
8655,1.0
8656,0.6785265771809895
8657,1.0
8658,1.0
8659,1.0
8660,1.0
8661,1.0
8662,0.9310625513375511
8663,0.9991428571428571
8664,1.0
8665,0.9569456265956265
8666,0.9997777777777779
8667,0.99975
8668,1.0
8669,0.9942101343101343
8670,0.9997777777777779
8671,1.0
8672,0.9993333333333334
8673,0.549914999706176
8674,1.0
8675,0.7476664496923785
8676,0.9967792207792208
8677,1.0
8678,0.9820625763125763
8679,1.0
8680,0.9727797147297147
8681,1.0
8682,0.9973959595959595
8683,1.0
8684,0.9995555555555555
8685,1.0
8686,1.0
8687,0.9955655622155622
8688,1.0
8689,0.9998333333333334
8690,0.9995
8691,0.9971021645021646
8692,1.0
8693,1.0
8694,1.0
8695,0.957126307026307
8696,0.9980238095238095
8697,1.0
8698,0.9988392857142857
8699,1.0
8700,0.9997999999999999
8701,1.0
8702,0.999
8703,1.0
8704,0.9280535131535135
8705,0.9996
8706,1.0
8707,0.9944520202020202
8708,0.9972399350649349
8709,1.0
8710,1.0
8711,1.0
8712,0.977135853035853
8713,0.9991688311688312
8714,0.9949154202007143
8715,1.0
8716,0.9914927905427905
8717,0.9975333333333334
8718,1.0
8719,1.0
8720,0.9588017482517489
8721,0.9738498973248971
8722,1.0
8723,1.0
8724,0.9917087301587302
8725,1.0
8726,0.9695993795420269
8727,1.0
8728,1.0
8729,0.2792137241757212
8730,1.0
8731,1.0
8732,1.0
8733,1.0
8734,0.9981912698412698
8735,1.0
8736,0.99925
8737,0.950629847929848
8738,1.0
8739,1.0
8740,0.9014539796289022
8741,0.8983654554257999
8742,1.0
8743,1.0
8744,0.9869526695526692
8745,0.9026560717833941
8746,0.9997777777777779
8747,1.0
8748,1.0
8749,1.0
8750,1.0
8751,0.9879773282273283
8752,0.9997999999999999
8753,1.0
8754,1.0
8755,1.0
8756,0.9914204452410335
8757,0.9962277472527472
8758,0.997661038961039
8759,0.9798797924297923
8760,0.7247911681455796
8761,1.0
8762,1.0
8763,1.0
8764,0.9747824952824949
8765,1.0
8766,0.9993333333333334
8767,1.0
8768,1.0
8769,1.0
8770,1.0
8771,0.9127317466846881
8772,1.0
8773,1.0
8774,0.9929135059385061
8775,0.99785
8776,0.9985179487179485
8777,1.0
8778,0.9554954767454767
8779,1.0
8780,0.6001600843600841
8781,0.9689943484619956
8782,0.9095774485748168
8783,0.9996666666666666
8784,0.9985384615384616
8785,1.0
8786,1.0
8787,1.0
8788,1.0
8789,1.0
8790,0.9964645354645356
8791,1.0
8792,0.9839114441114443
8793,1.0
8794,0.9871608734402851
8795,1.0
8796,1.0
8797,1.0
8798,0.9931153013653014
8799,1.0
8800,1.0
8801,0.566495861654685
8802,0.9694362407200642
8803,1.0
8804,1.0
8805,0.9987142857142857
8806,1.0
8807,1.0
8808,0.9790157814407816
8809,0.7067792353071769
8810,1.0
8811,0.9982536796536797
8812,1.0
8813,0.9998888888888889
8814,1.0
8815,0.9981587301587302
8816,0.9972062548562548
8817,1.0
8818,0.9205655926203143
8819,0.9991809523809524
8820,1.0
8821,0.9613251803751807
8822,1.0
8823,1.0
8824,0.9762634222502647
8825,1.0
8826,1.0
8827,1.0
8828,0.9980998060762768
8829,0.9631600843600844
8830,1.0
8831,1.0
8832,0.9996666666666666
8833,1.0
8834,1.0
8835,0.4203279812894366
8836,1.0
8837,1.0
8838,0.9980940170940171
8839,1.0
8840,0.8850793995220467
8841,0.9990909090909091
8842,1.0
8843,1.0
8844,1.0
8845,0.9994285714285714
8846,0.7125400426800589
8847,1.0
8848,1.0
8849,1.0
8850,0.9464473914973915
8851,1.0
8852,1.0
8853,0.997095238095238
8854,1.0
8855,0.691710844160999
8856,1.0
8857,0.9985696969696971
8858,0.9996666666666666
8859,0.9955956709956708
8860,1.0
8861,0.8515095456057529
8862,0.9998333333333334
8863,1.0
8864,0.9996363636363637
8865,0.9970402597402597
8866,1.0
8867,1.0
8868,1.0
8869,1.0
8870,0.9996666666666666
8871,1.0
8872,1.0
8873,1.0
8874,1.0
8875,1.0
8876,1.0
8877,1.0
8878,1.0
8879,1.0
8880,0.9900894957983191
8881,0.9996363636363637
8882,0.9998823529411764
8883,1.0
8884,0.9997142857142858
8885,1.0
8886,1.0
8887,0.999296153846154
8888,1.0
8889,0.9992545454545454
8890,0.9968385281385281
8891,1.0
8892,1.0
8893,1.0
8894,1.0
8895,0.9972136197136197
8896,1.0
8897,1.0
8898,0.9990000000000001
8899,1.0
8900,1.0
8901,0.9992857142857142
8902,0.9986666666666666
8903,1.0
8904,1.0
8905,1.0
8906,1.0
8907,0.9902797313797312
8908,0.9524556943056944
8909,1.0
8910,1.0
8911,0.999
8912,1.0
8913,1.0
8914,0.5732647079442745
8915,0.9996
8916,0.99975
8917,1.0
8918,1.0
8919,0.9991714285714286
8920,1.0
8921,0.9952230158730159
8922,1.0
8923,1.0
8924,1.0
8925,0.9975277777777778
8926,1.0
8927,0.9670668997668999
8928,1.0
8929,1.0
8930,1.0
8931,1.0
8932,1.0
8933,0.9774456321456322
8934,0.9997142857142858
8935,1.0
8936,1.0
8937,0.9986476190476192
8938,0.9998461538461538
8939,0.9597680236430237
8940,0.9813530323477692
8941,1.0
8942,1.0
8943,1.0
8944,0.9647684005536946
8945,0.8497913103236631
8946,1.0
8947,0.9515438266411952
8948,1.0
8949,1.0
8950,1.0
8951,0.9985555555555555
8952,0.9752358112475759
8953,1.0
8954,1.0
8955,1.0
8956,0.9926430402930404
8957,0.9556003484819274
8958,1.0
8959,1.0
8960,0.99975
8961,1.0
8962,1.0
8963,1.0
8964,1.0
8965,1.0
8966,0.9783192030192032
8967,0.05484269423387069
8968,0.9998461538461538
8969,0.9992824675324675
8970,0.9582807884925532
8971,0.9993809523809523
8972,1.0
8973,1.0
8974,1.0
8975,0.9987888888888888
8976,1.0
8977,1.0
8978,1.0
8979,1.0
8980,0.9980404040404041
8981,0.8165758401127599
8982,0.998334126984127
8983,1.0
8984,0.9948443171207878
8985,1.0
8986,0.5752092537751209
8987,1.0
8988,1.0
8989,1.0
8990,1.0
8991,1.0
8992,0.9924571428571429
8993,1.0
8994,0.9986666666666667
8995,1.0
8996,1.0
8997,0.9923016372516373
8998,1.0
8999,0.9983833333333334
9000,0.9988571428571429
9001,0.05789585005637637
9002,1.0
9003,1.0
9004,0.9994285714285714
9005,0.9965065934065933
9006,1.0
9007,0.9962141414141416
9008,1.0
9009,1.0
9010,1.0
9011,1.0
9012,1.0
9013,1.0
9014,1.0
9015,1.0
9016,1.0
9017,1.0
9018,1.0
9019,1.0
9020,1.0
9021,0.9969835164835164
9022,1.0
9023,1.0
9024,1.0
9025,0.9136849983349985
9026,1.0
9027,1.0
9028,1.0
9029,1.0
9030,0.9995
9031,0.9993333333333333
9032,1.0
9033,1.0
9034,0.9995384615384616
9035,0.9625207015207015
9036,1.0
9037,1.0
9038,0.9972445221445222
9039,0.999875
9040,1.0
9041,1.0
9042,0.9467696747696747
9043,1.0
9044,0.9991208791208792
9045,1.0
9046,1.0
9047,0.9970264568764567
9048,0.9672590744223094
9049,1.0
9050,0.9829630475733415
9051,0.8021207668148845
9052,1.0
9053,0.9885178044178043
9054,1.0
9055,0.18698265280471163
9056,1.0
9057,1.0
9058,0.9997777777777779
9059,1.0
9060,0.5564210013842368
9061,0.9994
9062,0.9020614676173502
9063,1.0
9064,0.9912954212454211
9065,1.0
9066,1.0
9067,1.0
9068,1.0
9069,1.0
9070,0.9995959595959596
9071,1.0
9072,1.0
9073,1.0
9074,0.9996
9075,1.0
9076,1.0
9077,1.0
9078,1.0
9079,0.9997142857142857
9080,1.0
9081,1.0
9082,1.0
9083,0.9984476190476191
9084,0.9893689088689087
9085,0.9967876623376624
9086,1.0
9087,0.9450621593318961
9088,0.729372275574443
9089,1.0
9090,1.0
9091,0.9801413488472313
9092,1.0
9093,0.9998333333333334
9094,1.0
9095,0.9997999999999999
9096,0.9491524268129531
9097,1.0
9098,1.0
9099,1.0
9100,0.9655272533022532
9101,1.0
9102,1.0
9103,0.3053967460643932
9104,1.0
9105,0.13224489698169206
9106,1.0
9107,0.9998571428571429
9108,1.0
9109,0.9954114718614718
9110,1.0
9111,1.0
9112,1.0
9113,0.9772941974691975
9114,1.0
9115,1.0
9116,0.9994285714285714
9117,1.0
9118,1.0
9119,0.9698767447464817
9120,0.9989230769230769
9121,0.9988095238095237
9122,1.0
9123,0.9973607503607503
9124,0.9428101853255104
9125,1.0
9126,1.0
9127,1.0
9128,0.9741716623246033
9129,1.0
9130,0.9997777777777779
9131,0.6883532759380283
9132,1.0
9133,0.9714561133311137
9134,1.0
9135,0.9112689091953794
9136,0.9898193500943501
9137,1.0
9138,1.0
9139,1.0
9140,0.9994
9141,1.0
9142,1.0
9143,1.0
9144,0.9802448051948051
9145,1.0
9146,1.0
9147,1.0
9148,1.0
9149,0.9681882450882451
9150,1.0
9151,0.9607578313499365
9152,0.9758247086247087
9153,1.0
9154,0.5670388577624651
9155,0.9962706349206348
9156,1.0
9157,0.47441441036603577
9158,1.0
9159,1.0
9160,1.0
9161,1.0
9162,0.9976694444444445
9163,1.0
9164,0.9692363934998612
9165,0.9951238816738815
9166,0.9924621045621043
9167,1.0
9168,1.0
9169,1.0
9170,1.0
9171,1.0
9172,0.99975
9173,0.20075224791548324
9174,1.0
9175,1.0
9176,1.0
9177,1.0
9178,0.9990530303030303
9179,1.0
9180,0.9474231657231654
9181,1.0
9182,0.9996
9183,0.9935192807192808
9184,0.9597739699842638
9185,0.9996666666666667
9186,0.6151637592799362
9187,0.9939598901098903
9188,0.23825429772326054
9189,0.9779899699715491
9190,1.0
9191,1.0
9192,1.0
9193,1.0
9194,0.9979785714285714
9195,1.0
9196,0.36180786435786433
9197,1.0
9198,1.0
9199,0.9988280701754386
9200,1.0
9201,1.0
9202,1.0
9203,0.9726100503555611
9204,1.0
9205,0.9451359640359639
9206,1.0
9207,0.9997999999999999
9208,0.8103823065823065
9209,0.7183698099319953
9210,1.0
9211,1.0
9212,0.9320735078646842
9213,1.0
9214,1.0
9215,1.0
9216,0.999
9217,0.996035336885337
9218,0.9909624034462269
9219,0.9127257085793464
9220,1.0
9221,0.9994920634920635
9222,0.9975578643578644
9223,1.0
9224,1.0
9225,1.0
9226,0.9954514430014431
9227,0.9825309990319278
9228,1.0
9229,0.9981978021978022
9230,1.0
9231,1.0
9232,0.9642271700521698
9233,0.9987272727272728
9234,1.0
9235,0.9864901875901873
9236,0.961033136308136
9237,1.0
9238,1.0
9239,0.9481919267007508
9240,1.0
9241,0.9993142857142858
9242,0.9587296630270316
9243,0.9998333333333334
9244,0.9296822176189823
9245,1.0
9246,0.9991428571428571
9247,1.0
9248,0.6504665475047834
9249,0.9941830447330448
9250,1.0
9251,0.8906168377374254
9252,1.0
9253,1.0
9254,1.0
9255,0.9996666666666666
9256,1.0
9257,0.9992051282051282
9258,1.0
9259,1.0
9260,0.9984285714285713
9261,1.0
9262,1.0
9263,0.9985959595959595
9264,1.0
9265,0.9915485018249723
9266,0.9982045454545455
9267,1.0
9268,0.9816352009102008
9269,1.0
9270,1.0
9271,0.9983055555555556
9272,0.9991428571428571
9273,0.9745390136866918
9274,1.0
9275,0.7699111493167997
9276,1.0
9277,0.9955230658230658
9278,0.9870091408591407
9279,1.0
9280,0.9988351648351648
9281,0.9206474584239293
9282,0.9963792207792207
9283,1.0
9284,0.999
9285,1.0
9286,0.9948047619047619
9287,1.0
9288,1.0
9289,0.9973474025974026
9290,1.0
9291,0.9996363636363637
9292,1.0
9293,1.0
9294,0.9776941284205991
9295,1.0
9296,1.0
9297,1.0
9298,0.4635544739574155
9299,1.0
9300,1.0
9301,0.9959181873681874
9302,1.0
9303,0.9997142857142857
9304,0.32983165670758574
9305,0.9818775401069516
9306,1.0
9307,1.0
9308,1.0
9309,1.0
9310,1.0
9311,0.9836186256553905
9312,0.5656311751973522
9313,0.9985829725829726
9314,0.9972809523809524
9315,1.0
9316,0.9991476190476191
9317,1.0
9318,1.0
9319,0.9784391885891884
9320,1.0
9321,0.9904712121212121
9322,0.9581675518925518
9323,1.0
9324,0.4128000651309476
9325,0.8210990449093386
9326,1.0
9327,1.0
9328,1.0
9329,0.9996666666666666
9330,1.0
9331,1.0
9332,1.0
9333,1.0
9334,0.9972606837606837
9335,1.0
9336,0.9998181818181817
9337,0.9977222222222223
9338,0.9997999999999999
9339,0.9966786549707602
9340,1.0
9341,1.0
9342,1.0
9343,0.7115744521818055
9344,1.0
9345,0.9766144365438483
9346,1.0
9347,0.8397460566866916
9348,1.0
9349,1.0
9350,1.0
9351,0.9996666666666666
9352,1.0
9353,1.0
9354,0.9993181818181819
9355,1.0
9356,1.0
9357,1.0
9358,0.9970531746031747
9359,0.9990952380952381
9360,1.0
9361,1.0
9362,0.9979649267399266
9363,0.9987272727272728
9364,0.9752102751823339
9365,1.0
9366,0.9990423076923077
9367,0.9995128205128205
9368,1.0
9369,1.0
9370,0.9989015151515152
9371,1.0
9372,0.6414906589196837
9373,1.0
9374,1.0
9375,1.0
9376,0.8279404032242265
9377,1.0
9378,1.0
9379,0.9758284837969048
9380,0.9810179986679988
9381,0.7408835974912598
9382,1.0
9383,1.0
9384,0.9478581376140199
9385,1.0
9386,0.9581605952870662
9387,0.9998823529411764
9388,1.0
9389,1.0
9390,1.0
9391,0.9558316176179311
9392,1.0
9393,1.0
9394,1.0
9395,1.0
9396,1.0
9397,1.0
9398,1.0
9399,1.0
9400,1.0
9401,0.7291959717784797
9402,1.0
9403,0.9949150793650793
9404,0.9973666666666666
9405,1.0
9406,1.0
9407,1.0
9408,1.0
9409,1.0
9410,1.0
9411,0.9681741258741257
9412,0.6036399533730803
9413,1.0
9414,1.0
9415,0.84115957784046
9416,1.0
9417,0.9997142857142857
9418,1.0
9419,1.0
9420,1.0
9421,1.0
9422,0.9958726551226551
9423,1.0
9424,1.0
9425,1.0
9426,0.44145539722575367
9427,0.9717885836385838
9428,1.0
9429,1.0
9430,0.855565125234243
9431,0.9902761793761795
9432,1.0
9433,1.0
9434,0.9577774739192698
9435,0.9984452380952381
9436,0.9987777777777779
9437,1.0
9438,0.9996
9439,0.8466354813487167
9440,1.0
9441,0.9995000000000002
9442,1.0
9443,1.0
9444,1.0
9445,1.0
9446,1.0
9447,1.0
9448,0.8529334588785823
9449,1.0
9450,0.9879294927294929
9451,0.9993333333333334
9452,0.9964024087024086
9453,1.0
9454,1.0
9455,0.9988333333333332
9456,0.9988717948717949
9457,1.0
9458,0.9963554112554113
9459,1.0
9460,1.0
9461,1.0
9462,0.9976571428571428
9463,0.8031594864286041
9464,1.0
9465,1.0
9466,1.0
9467,1.0
9468,0.5646866088074284
9469,1.0
9470,1.0
9471,1.0
9472,0.9971265151515152
9473,0.9977878787878788
9474,0.985352215431627
9475,0.998124531024531
9476,1.0
9477,0.9994545454545455
9478,1.0
9479,1.0
9480,1.0
9481,1.0
9482,0.4013124782682056
9483,0.9998461538461538
9484,1.0
9485,0.9925745587745588
9486,1.0
9487,0.5202772353463528
9488,0.9994
9489,0.8868417347788093
9490,1.0
9491,0.9936866300366298
9492,1.0
9493,1.0
9494,0.8888238134414604
9495,1.0
9496,1.0
9497,0.9996666666666666
9498,0.9959324675324677
9499,0.9998823529411764
9500,0.9962809301809303
9501,0.922159288346672
9502,0.998920634920635
9503,0.9997142857142858
9504,0.23951236508589452
9505,0.7821667590579361
9506,1.0
9507,0.9944510378510379
9508,0.996937012987013
9509,1.0
9510,1.0
9511,0.998371794871795
9512,1.0
9513,0.9964666666666667
9514,1.0
9515,0.9979027056277056
9516,0.999325396825397
9517,0.9995999999999999
9518,1.0
9519,1.0
9520,1.0
9521,0.9647416370437268
9522,1.0
9523,1.0
9524,1.0
9525,1.0
9526,1.0
9527,1.0
9528,1.0
9529,0.99975
9530,0.9939349206349207
9531,1.0
9532,0.9903599816849817
9533,1.0
9534,0.9985873015873016
9535,0.6567647635044693
9536,0.9889016969958148
9537,0.8548393807173222
9538,1.0
9539,1.0
9540,0.9897633314054366
9541,1.0
9542,0.9953275974025974
9543,0.9988831168831169
9544,0.9985833333333333
9545,0.9988666666666667
9546,1.0
9547,0.9871529914529914
9548,1.0
9549,0.9666473554223555
9550,1.0
9551,1.0
9552,1.0
9553,1.0
9554,1.0
9555,0.9985465506715506
9556,0.9973849206349205
9557,0.6618590471190317
9558,1.0
9559,1.0
9560,1.0
9561,0.8806648204736437
9562,0.9434871587562763
9563,0.9996666666666666
9564,1.0
9565,1.0
9566,0.9996
9567,1.0
9568,1.0
9569,1.0
9570,0.9996
9571,1.0
9572,0.9972760572760573
9573,1.0
9574,1.0
9575,1.0
9576,1.0
9577,1.0
9578,1.0
9579,0.9994181818181819
9580,1.0
9581,0.9991428571428571
9582,1.0
9583,1.0
9584,0.9853116501145912
9585,0.9511205709323355
9586,0.8667409697028118
9587,1.0
9588,0.99975
9589,1.0
9590,0.9998571428571429
9591,1.0
9592,0.3871318211630132
9593,1.0
9594,0.9998333333333332
9595,0.9858999131587366
9596,0.9872941081794021
9597,1.0
9598,0.9753347618068208
9599,0.9960742063492064
9600,1.0
9601,1.0
9602,0.997120879120879
9603,1.0
9604,1.0
9605,0.9994545454545455
9606,1.0
9607,0.7158216495922383
9608,0.9980500000000001
9609,0.9762589854589853
9610,0.99925
9611,0.9579945704622176
9612,1.0
9613,1.0
9614,1.0
9615,0.7388367756426583
9616,0.9889016969958148
9617,1.0
9618,1.0
9619,0.41593939592399304
9620,1.0
9621,1.0
9622,0.9780490505376079
9623,1.0
9624,0.7287415175811458
9625,0.8183819074802046
9626,0.9996
9627,1.0
9628,1.0
9629,1.0
9630,1.0
9631,1.0
9632,0.9964005050505051
9633,1.0
9634,0.9775699124405006
9635,0.9997142857142857
9636,0.9350504766475357
9637,0.6370216559841949
9638,1.0
9639,0.9982561327561329
9640,0.9398737543502249
9641,0.9942119047619048
9642,1.0
9643,1.0
9644,1.0
9645,1.0
9646,1.0
9647,0.9797649861576331
9648,0.9986920634920635
9649,0.9998823529411764
9650,0.9993809523809524
9651,0.9997142857142857
9652,0.9973238095238094
9653,1.0
9654,1.0
9655,0.9989166666666667
9656,1.0
9657,0.9935982759070995
9658,1.0
9659,0.794322403164431
9660,1.0
9661,0.9404476745476748
9662,1.0
9663,0.9751936749524985
9664,0.6734594775748507
9665,0.9685228105228106
9666,0.9943665298753537
9667,0.9607126318126317
9668,0.9993333333333333
9669,1.0
9670,1.0
9671,0.9970601731601731
9672,1.0
9673,0.9895068542568544
9674,0.6610614951182291
9675,1.0
9676,0.9968851010101011
9677,0.5053145024909733
9678,0.007348484848484849
9679,1.0
9680,1.0
9681,1.0
9682,0.9609469357439945
9683,1.0
9684,1.0
9685,1.0
9686,0.9997142857142858
9687,0.6319531317667534
9688,1.0
9689,1.0
9690,1.0
9691,0.9687443024295965
9692,1.0
9693,0.9996666666666667
9694,0.9979807692307692
9695,0.6875010610304727
9696,0.9993777777777777
9697,0.9976238095238097
9698,1.0
9699,1.0
9700,0.9300448220222519
9701,1.0
9702,0.9988888888888889
9703,0.969424753050527
9704,1.0
9705,1.0
9706,0.9717401820401819
9707,1.0
9708,1.0
9709,0.9129828787225845
9710,1.0
9711,1.0
9712,1.0
9713,0.99975
9714,0.995823665223665
9715,0.9991142857142856
9716,0.9987606837606837
9717,0.9788468949780871
9718,1.0
9719,0.9992857142857142
9720,1.0
9721,1.0
9722,1.0
9723,1.0
9724,1.0
9725,0.9932748973248975
9726,0.9967230769230768
9727,0.9762026973026973
9728,0.9393267828576652
9729,0.746517645667027
9730,0.902168672993673
9731,0.9493790653790654
9732,1.0
9733,1.0
9734,1.0
9735,0.9998461538461538
9736,1.0
9737,0.9936972222222223
9738,0.8990697388868444
9739,0.9997142857142858
9740,1.0
9741,1.0
9742,1.0
9743,1.0
9744,1.0
9745,0.9877929625929627
9746,1.0
9747,1.0
9748,1.0
9749,1.0
9750,0.9983111111111111
9751,1.0
9752,0.9985333333333334
9753,1.0
9754,0.9493802383890623
9755,1.0
9756,1.0
9757,1.0
9758,1.0
9759,1.0
9760,1.0
9761,1.0
9762,1.0
9763,1.0
9764,0.9841262776439247
9765,1.0
9766,1.0
9767,0.9996071428571429
9768,0.9984333333333334
9769,0.798063705386461
9770,1.0
9771,1.0
9772,1.0
9773,1.0
9774,1.0
9775,1.0
9776,0.9762333333333336
9777,0.9990909090909091
9778,0.9808664133252372
9779,1.0
9780,0.9996666666666667
9781,1.0
9782,0.9970492063492064
9783,1.0
9784,1.0
9785,0.9978545454545454
9786,0.8599623648023811
9787,1.0
9788,1.0
9789,1.0
9790,0.9996666666666666
9791,1.0
9792,1.0
9793,1.0
9794,1.0
9795,0.9964227272727273
9796,1.0
9797,0.9992698412698412
9798,1.0
9799,0.2887395031439151
9800,0.9910249874308699
9801,1.0
9802,1.0
9803,1.0
9804,0.9998095238095238
9805,1.0
9806,0.9978681818181818
9807,0.9997777777777779
9808,1.0
9809,0.9964007215007215
9810,0.9261397133911841
9811,1.0
9812,1.0
9813,0.9948426406926406
9814,0.996527731092437
9815,1.0
9816,1.0
9817,0.6714123305830737
9818,1.0
9819,1.0
9820,0.9998461538461538
9821,1.0
9822,0.9807637000254648
9823,1.0
9824,1.0
9825,0.9828791874791877
9826,1.0
9827,1.0
9828,0.9941323232323233
9829,0.9958476190476191
9830,0.9989999999999999
9831,0.9981
9832,1.0
9833,1.0
9834,0.9934030303030301
9835,0.7454270841387716
9836,0.9857305694305695
9837,1.0
9838,1.0
9839,1.0
9840,1.0
9841,1.0
9842,0.8859338150411682
9843,1.0
9844,0.992922091797092
9845,0.990654933954934
9846,0.9982628205128206
9847,0.9993333333333333
9848,1.0
9849,1.0
9850,1.0
9851,1.0
9852,1.0
9853,1.0
9854,1.0
9855,1.0
9856,0.6448120935909636
9857,0.8633204169325679
9858,1.0
9859,0.9996
9860,0.9744932567432568
9861,1.0
9862,0.9931380619380621
9863,1.0
9864,1.0
9865,1.0
9866,0.9975709290709291
9867,1.0
9868,0.9993333333333334
9869,0.8707564289511652
9870,1.0
9871,1.0
9872,0.9979642857142857
9873,0.9979453601953602
9874,0.9993506493506493
9875,1.0
9876,0.9929323953823953
9877,1.0
9878,0.9945850427350429
9879,0.99925
9880,0.845612124024478
9881,1.0
9882,1.0
9883,0.9770784548784548
9884,0.32960255800271265
9885,0.9959419913419915
9886,1.0
9887,1.0
9888,0.12826127206127205
9889,1.0
9890,0.99925
9891,1.0
9892,0.999371794871795
9893,0.9997777777777779
9894,0.9807332750582748
9895,1.0
9896,0.9930780719280718
9897,1.0
9898,0.9988878787878788
9899,0.9836926024268132
9900,1.0
9901,1.0
9902,0.9343472955407168
9903,1.0
9904,0.9496178520825584
9905,0.6112856795165621
9906,1.0
9907,1.0
9908,1.0
9909,1.0
9910,1.0
9911,1.0
9912,0.9987777777777779
9913,0.9658187111134483
9914,0.9995499999999999
9915,0.9928211011211011
9916,1.0
9917,1.0
9918,0.05442440030729506
9919,1.0
9920,1.0
9921,1.0
9922,1.0
9923,1.0
9924,0.9997777777777779
9925,1.0
9926,1.0
9927,0.9958559218559219
9928,1.0
9929,0.9441525590422651
9930,0.9779148333692451
9931,1.0
9932,1.0
9933,0.9988571428571429
9934,0.9849430208680208
9935,1.0
9936,1.0
9937,0.9993030303030304
9938,1.0
9939,0.9954101731601732
9940,1.0
9941,1.0
9942,1.0
9943,0.9968278388278389
9944,0.9923396991896992
9945,1.0
9946,0.9954640692640693
9947,0.9989333333333333
9948,0.4319026491396463
9949,1.0
9950,0.9736455817058758
9951,1.0
9952,1.0
9953,0.8558598225304105
9954,1.0
9955,0.9982285714285712
9956,0.9996666666666666
9957,1.0
9958,0.997202380952381
9959,0.9774533422459891
9960,1.0
9961,1.0
9962,1.0
9963,1.0
9964,1.0
9965,1.0
9966,1.0
9967,1.0
9968,1.0
9969,0.9990940170940171
9970,1.0
9971,0.9951515873015873
9972,0.9986785714285714
9973,0.9938346653346655
9974,1.0
9975,0.9892189754689756
9976,0.9861224358974359
9977,0.9996666666666666
9978,0.9967878787878789
9979,0.9861704050851108
9980,0.9919195804195806
9981,0.9698929237429239
9982,1.0
9983,0.9992916666666666
9984,1.0
9985,1.0
9986,0.9973942279942279
9987,1.0
9988,1.0
9989,0.9998333333333334
9990,1.0
9991,1.0
9992,1.0
9993,1.0
9994,1.0
9995,1.0
9996,0.9986688311688312
9997,1.0
9998,0.999875
9999,0.9994700854700855
10000,1.0
10001,0.9925297313797316
10002,1.0
10003,0.5038794160722931
10004,0.8972405063748415
10005,1.0
10006,0.19238711288711288
10007,0.9996
10008,1.0
10009,1.0
10010,0.9471217205996617
10011,0.34260753610854244
10012,0.9404350233100235
10013,1.0
10014,1.0
10015,1.0
10016,0.9893412380103557
10017,1.0
10018,1.0
10019,1.0
10020,1.0
10021,1.0
10022,0.9974081807081808
10023,0.99975
10024,0.9826534965034966
10025,1.0
10026,0.9957863636363636
10027,1.0
10028,1.0
10029,0.9756333694083696
10030,1.0
10031,1.0
10032,0.9994444444444445
10033,0.9080461225908593
10034,1.0
10035,1.0
10036,0.3859496407187584
10037,1.0
10038,1.0
10039,1.0
10040,0.9993777777777777
10041,0.6628275287148349
10042,1.0
10043,1.0
10044,1.0
10045,0.2023761821511821
10046,1.0
10047,0.9956327838827838
10048,0.8844991054696941
10049,0.9998181818181818
10050,1.0
10051,0.9938350427350428
10052,1.0
10053,0.9956290598290598
10054,0.9972487373737374
10055,1.0
10056,1.0
10057,1.0
10058,0.9510492979242979
10059,0.9995999999999999
10060,1.0
10061,0.9895849483849486
10062,0.9998181818181818
10063,1.0
10064,0.973285864135864
10065,1.0
10066,1.0
10067,1.0
10068,1.0
10069,0.9996666666666667
10070,0.9959333333333332
10071,0.9566527994107714
10072,1.0
10073,0.9997142857142858
10074,0.994359668109668
10075,1.0
10076,0.9994166666666666
10077,0.9996
10078,0.9992000000000001
10079,0.9958446275946274
10080,0.9991666666666668
10081,1.0
10082,1.0
10083,0.9986666666666666
10084,1.0
10085,1.0
10086,0.9349465229215228
10087,0.9933165298753535
10088,0.9996666666666666
10089,1.0
10090,1.0
10091,0.9943511183261183
10092,1.0
10093,1.0
10094,1.0
10095,1.0
10096,0.9997777777777779
10097,1.0
10098,0.9711792596292598
10099,1.0
10100,0.99975
10101,1.0
10102,1.0
10103,1.0
10104,1.0
10105,1.0
10106,0.9985333333333333
10107,1.0
10108,1.0
10109,0.789660960444784
10110,0.6819529319046967
10111,0.49982510514081707
10112,1.0
10113,0.9992604895104896
10114,1.0
10115,1.0
10116,1.0
10117,0.9685841824841823
10118,0.334628488504959
10119,0.7759286876436259
10120,1.0
10121,0.9954770618270617
10122,1.0
10123,0.9859114274614275
10124,0.9944838522588523
10125,0.998859943977591
10126,0.6239532040638206
10127,0.9992920634920635
10128,1.0
10129,0.7659873200329077
10130,1.0
10131,1.0
10132,1.0
10133,0.9996794871794872
10134,0.6551995827358054
10135,0.468000302681495
10136,0.9989999999999999
10137,0.998547619047619
10138,0.9815840326340328
10139,0.9998181818181818
10140,0.9802957264957265
10141,0.5446184941735255
10142,1.0
10143,0.9996447368421052
10144,1.0
10145,1.0
10146,1.0
10147,0.965443287268287
10148,1.0
10149,0.9984263403263404
10150,0.9988571428571429
10151,1.0
10152,1.0
10153,1.0
10154,1.0
10155,0.8269169192262844
10156,1.0
10157,0.9933790764790764
10158,0.9950126262626263
10159,1.0
10160,0.9646666400592869
10161,1.0
10162,1.0
10163,1.0
10164,1.0
10165,0.6718331236874583
10166,0.8939362889862114
10167,1.0
10168,0.2879026215614451
10169,0.9546448424124898
10170,0.9984472416472416
10171,0.6430489436174416
10172,1.0
10173,1.0
10174,0.9971777777777778
10175,0.9979333333333333
10176,0.9978928571428571
10177,0.9993333333333334
10178,1.0
10179,1.0
10180,0.9939544011544011
10181,1.0
10182,1.0
10183,1.0
10184,0.9973309523809524
10185,1.0
10186,1.0
10187,1.0
10188,1.0
10189,0.9960360500610502
10190,1.0
10191,1.0
10192,1.0
10193,0.9986940170940171
10194,0.9950339937839938
10195,0.9930160894660895
10196,0.4427309215294511
10197,1.0
10198,0.6652645883528234
10199,1.0
10200,1.0
10201,1.0
10202,0.9657596119566708
10203,0.9997999999999999
10204,1.0
10205,0.9911849594849594
10206,0.9997777777777779
10207,0.9981709273182956
10208,1.0
10209,0.941997926583221
10210,1.0
10211,0.8105560867237334
10212,1.0
10213,0.9990065934065936
10214,0.9996666666666666
10215,1.0
10216,0.9768962148962149
10217,1.0
10218,1.0
10219,1.0
10220,1.0
10221,0.999095238095238
10222,1.0
10223,1.0
10224,1.0
10225,0.769659512383042
10226,0.999
10227,1.0
10228,1.0
10229,0.9998461538461538
10230,1.0
10231,0.9882216450216451
10232,1.0
10233,0.9961507936507935
10234,0.9782278443778448
10235,0.9479405537273182
10236,1.0
10237,0.9990828877005347
10238,1.0
10239,1.0
10240,0.47272152675326057
10241,1.0
10242,0.9993333333333334
10243,0.4831810651766531
10244,1.0
10245,0.9940444444444444
10246,1.0
10247,1.0
10248,0.9997999999999999
10249,1.0
10250,0.9918825396825397
10251,1.0
10252,1.0
10253,0.9285871040723981
10254,1.0
10255,0.983917316017316
10256,1.0
10257,1.0
10258,0.9968584249084249
10259,0.9962206349206348
10260,0.3735090714926629
10261,0.9906636197136196
10262,0.9816141471531563
10263,0.9961594072594073
10264,0.9617666333666336
10265,1.0
10266,1.0
10267,1.0
10268,1.0
10269,1.0
10270,1.0
10271,0.9994285714285714
10272,1.0
10273,1.0
10274,0.9909520535020535
10275,1.0
10276,1.0
10277,0.9978356496444731
10278,0.9861045010545013
10279,0.6040213468248302
10280,1.0
10281,1.0
10282,1.0
10283,1.0
10284,0.9765065153800447
10285,1.0
10286,1.0
10287,1.0
10288,1.0
10289,1.0
10290,0.9997777777777779
10291,0.7922579079417313
10292,0.9948593795093794
10293,0.8830466592660869
10294,0.9527450660450666
10295,1.0
10296,1.0
10297,1.0
10298,0.9996666666666666
10299,1.0
10300,1.0
10301,0.9993324675324676
10302,0.8709628509003897
10303,1.0
10304,0.9177401764901767
10305,0.8509044950147893
10306,0.9959583083583083
10307,1.0
10308,1.0
10309,0.9997777777777779
10310,0.9997999999999999
10311,1.0
10312,1.0
10313,1.0
10314,1.0
10315,0.9995555555555555
10316,0.9956787878787878
10317,1.0
10318,0.9547172281966397
10319,1.0
10320,0.9983896103896104
10321,1.0
10322,0.7294469388454684
10323,1.0
10324,0.997131746031746
10325,0.8903839700298801
10326,1.0
10327,1.0
10328,1.0
10329,0.9735628270422388
10330,1.0
10331,1.0
10332,1.0
10333,0.47357153971759264
10334,1.0
10335,1.0
10336,0.9979404761904762
10337,1.0
10338,1.0
10339,1.0
10340,0.99975
10341,1.0
10342,1.0
10343,0.8149978193375255
10344,0.9986777777777778
10345,0.9894715829921712
10346,0.42813091228516925
10347,0.9984761904761905
10348,0.9997999999999999
10349,1.0
10350,0.9145178321678321
10351,1.0
10352,0.9879465700965703
10353,1.0
10354,1.0
10355,0.99925
10356,0.9734329921368621
10357,0.9996666666666666
10358,0.9920567099567099
10359,1.0
10360,0.9266195992432059
10361,1.0
10362,1.0
10363,0.99975
10364,1.0
10365,0.9997999999999999
10366,1.0
10367,1.0
10368,1.0
10369,1.0
10370,0.45825015344132963
10371,1.0
10372,0.9986666666666667
10373,1.0
10374,0.9995
10375,0.9826009454597688
10376,1.0
10377,1.0
10378,1.0
10379,0.9001248666366317
10380,0.9125867975162099
10381,0.23042738773094817
10382,1.0
10383,0.9994285714285714
10384,1.0
10385,1.0
10386,0.99925
10387,0.9985714285714286
10388,0.9980666666666668
10389,1.0
10390,1.0
10391,1.0
10392,0.9958940836940837
10393,1.0
10394,1.0
10395,1.0
10396,0.9981999999999999
10397,1.0
10398,0.9994545454545455
10399,0.9997777777777779
10400,0.998734126984127
10401,0.8253591780768254
10402,1.0
10403,1.0
10404,1.0
10405,0.9998461538461538
10406,0.9785802666373875
10407,0.9868806998556998
10408,1.0
10409,0.9997142857142857
10410,0.9994642857142857
10411,0.9894181096681096
10412,0.9986611111111111
10413,1.0
10414,0.09536658374305435
10415,0.9997142857142858
10416,0.9703861943611943
10417,1.0
10418,0.9889943778443777
10419,1.0
10420,0.9703536685536686
10421,1.0
10422,0.9866849206349207
10423,0.98556443001443
10424,1.0
10425,0.988831823731824
10426,1.0
10427,0.9997142857142858
10428,1.0
10429,0.9754008181361121
10430,1.0
10431,0.9988809523809524
10432,1.0
10433,1.0
10434,0.7860549341181696
10435,0.9997142857142858
10436,0.9996
10437,1.0
10438,0.9993015873015875
10439,1.0
10440,0.9917661172161173
10441,0.9889758130758132
10442,0.964053991759874
10443,1.0
10444,0.5114492367883235
10445,0.9719387418137418
10446,0.9997777777777779
10447,1.0
10448,0.99925
10449,1.0
10450,1.0
10451,0.9875908286158286
10452,0.9688277918160273
10453,1.0
10454,1.0
10455,0.9777879564879565
10456,0.99975
10457,0.9996
10458,0.9040351648351647
10459,1.0
10460,1.0
10461,1.0
10462,1.0
10463,0.7165382481755247
10464,1.0
10465,0.9875301587301586
10466,1.0
10467,0.9993777777777778
10468,0.9997142857142858
10469,1.0
10470,0.9992000000000001
10471,1.0
10472,1.0
10473,0.9368135368759208
10474,0.9328567328096743
10475,1.0
10476,1.0
10477,1.0
10478,1.0
10479,1.0
10480,1.0
10481,1.0
10482,1.0
10483,0.9927344877344876
10484,1.0
10485,1.0
10486,1.0
10487,0.9993333333333333
10488,0.9985476190476191
10489,0.998371794871795
10490,1.0
10491,1.0
10492,0.9982896825396825
10493,0.9973777056277057
10494,0.855597821261985
10495,0.9960729853479854
10496,0.9971309523809523
10497,0.9338939939145823
10498,1.0
10499,0.9996666666666667
10500,1.0
10501,0.9967204481792717
10502,0.452607155116985
10503,1.0
10504,1.0
10505,1.0
10506,0.9199846565199505
10507,0.9740937812187811
10508,1.0
10509,1.0
10510,1.0
10511,1.0
10512,0.9954389027639029
10513,1.0
10514,1.0
10515,0.9980404040404041
10516,0.9993333333333334
10517,1.0
10518,1.0
10519,0.3440981240981241
10520,1.0
10521,0.9979095238095239
10522,0.8611348997407823
10523,0.9466570207570206
10524,1.0
10525,1.0
10526,0.12087481701305237
10527,1.0
10528,0.9103097115302997
10529,0.9998333333333334
10530,0.9668395881895882
10531,1.0
10532,1.0
10533,1.0
10534,1.0
10535,1.0
10536,1.0
10537,0.4555395795381092
10538,0.3802573306466498
10539,0.9989142857142858
10540,1.0
10541,1.0
10542,1.0
10543,1.0
10544,1.0
10545,0.2253985246779368
10546,1.0
10547,1.0
10548,0.6633394187941406
10549,1.0
10550,0.9951868686868687
10551,1.0
10552,1.0
10553,0.999095238095238
10554,0.9922398101898104
10555,0.6469161149308209
10556,0.9991555555555556
10557,1.0
10558,1.0
10559,0.9802645077145078
10560,0.6911296178967237
10561,1.0
10562,0.9919126595626597
10563,0.9930054540231013
10564,1.0
10565,0.9944766233766232
10566,1.0
10567,0.9946267676767677
10568,1.0
10569,1.0
10570,1.0
10571,1.0
10572,0.9412055437252809
10573,0.9034409814042166
10574,1.0
10575,0.999
10576,1.0
10577,1.0
10578,1.0
10579,1.0
10580,1.0
10581,0.9268930365386245
10582,0.9532259684759685
10583,0.9781135196502845
10584,1.0
10585,1.0
10586,1.0
10587,0.34674833806544325
10588,1.0
10589,1.0
10590,0.883948090248245
10591,1.0
10592,1.0
10593,0.9991515151515151
10594,1.0
10595,1.0
10596,1.0
10597,0.9997142857142858
10598,1.0
10599,1.0
10600,0.9996666666666666
10601,1.0
10602,0.998984126984127
10603,0.9821609085359084
10604,0.996418253968254
10605,1.0
10606,0.9763921898363077
10607,1.0
10608,0.48863386016288496
10609,1.0
10610,1.0
10611,1.0
10612,0.6378523616046838
10613,1.0
10614,1.0
10615,0.9419785448211924
10616,1.0
10617,0.9971213076139548
10618,0.9956376623376623
10619,0.9954809523809525
10620,0.9540861390243744
10621,0.9958021942110177
10622,0.7388247854484693
10623,0.9996
10624,0.9083327228327225
10625,0.9940771062271063
10626,1.0
10627,1.0
10628,1.0
10629,0.5268736149505062
10630,0.9817082293523469
10631,1.0
10632,1.0
10633,0.3328023809523809
10634,1.0
10635,1.0
10636,0.5278281694431054
10637,0.9996666666666667
10638,0.9995
10639,1.0
10640,0.9990666666666668
10641,0.9998181818181818
10642,1.0
10643,1.0
10644,1.0
10645,1.0
10646,0.8687550895183253
10647,0.9996571428571428
10648,0.9982083333333333
10649,1.0
10650,1.0
10651,0.9904075757575759
10652,1.0
10653,0.990709018759019
10654,0.9134458259404855
10655,1.0
10656,1.0
10657,1.0
10658,0.9996666666666667
10659,1.0
10660,0.06585173160173159
10661,0.9980681818181819
10662,1.0
10663,1.0
10664,0.9985575757575758
10665,1.0
10666,1.0
10667,0.9968313686313687
10668,1.0
10669,1.0
10670,0.9997777777777779
10671,1.0
10672,0.9912371101121101
10673,0.9996
10674,1.0
10675,0.7934585442936839
10676,1.0
10677,1.0
10678,1.0
10679,1.0
10680,1.0
10681,0.9976380952380952
10682,1.0
10683,1.0
10684,0.9985111111111111
10685,0.9976515873015872
10686,1.0
10687,1.0
10688,0.8626706711846807
10689,0.06251897228158836
10690,0.980786075036075
10691,1.0
10692,1.0
10693,0.9965666666666667
10694,1.0
10695,0.9967738095238095
10696,0.9491949605949612
10697,0.9990285714285715
10698,1.0
10699,0.4944590782952856
10700,1.0
10701,1.0
10702,1.0
10703,1.0
10704,1.0
10705,0.9995555555555555
10706,1.0
10707,0.9994
10708,1.0
10709,1.0
10710,0.99975
10711,1.0
10712,1.0
10713,0.9983513986013985
10714,0.9101131029788931
10715,1.0
10716,0.878762780683369
10717,0.9981785714285715
10718,0.998142857142857
10719,1.0
10720,0.9980833333333333
10721,1.0
10722,0.9985833333333333
10723,1.0
10724,0.9994642857142858
10725,1.0
10726,1.0
10727,0.9958108946608947
10728,1.0
10729,1.0
10730,1.0
10731,1.0
10732,1.0
10733,1.0
10734,1.0
10735,1.0
10736,0.99975
10737,1.0
10738,1.0
10739,0.9926426406926405
10740,1.0
10741,1.0
10742,1.0
10743,0.9688235014985017
10744,1.0
10745,1.0
10746,0.7452972014913191
10747,0.9987393939393939
10748,0.9850024780774782
10749,1.0
10750,1.0
10751,0.999297619047619
10752,1.0
10753,1.0
10754,0.9010975380828327
10755,1.0
10756,1.0
10757,0.9593384133840017
10758,1.0
10759,0.9987888888888888
10760,0.9963166666666666
10761,1.0
10762,0.4876278466631405
10763,1.0
10764,0.998987012987013
10765,0.993919696969697
10766,0.9579927249221369
10767,1.0
10768,0.9635111055611055
10769,1.0
10770,1.0
10771,0.9973183006535946
10772,1.0
10773,0.9989563492063491
10774,0.9069240732435777
10775,1.0
10776,1.0
10777,1.0
10778,1.0
10779,0.5837779104796137
10780,1.0
10781,0.9997142857142858
10782,0.9965999999999999
10783,0.99975
10784,1.0
10785,0.9969004329004328
10786,0.9192308741911681
10787,0.9996666666666666
10788,1.0
10789,0.1981359598777556
10790,1.0
10791,0.9993737373737374
10792,0.9967460317460316
10793,1.0
10794,1.0
10795,0.9990909090909091
10796,1.0
10797,0.936329594914889
10798,0.12554869545659014
10799,1.0
10800,1.0
10801,1.0
10802,1.0
10803,0.993170720945721
10804,1.0
10805,1.0
10806,0.8326516150516156
10807,0.9983500000000001
10808,0.9961031746031745
10809,1.0
10810,1.0
10811,0.8843198080643122
10812,1.0
10813,1.0
10814,1.0
10815,0.9783846787199727
10816,1.0
10817,1.0
10818,0.9559592345562938
10819,1.0
10820,0.9996
10821,0.932453709362533
10822,0.9990681818181819
10823,1.0
10824,1.0
10825,0.9972753968253969
10826,0.9782950923259749
10827,1.0
10828,1.0
10829,0.9982714785214785
10830,0.9997777777777779
10831,0.9574997641247642
10832,1.0
10833,1.0
10834,0.9984642857142857
10835,0.9852603452103452
10836,1.0
10837,0.8372688831206639
10838,0.9830554612054613
10839,1.0
10840,0.99975
10841,1.0
10842,0.980804723054723
10843,1.0
10844,1.0
10845,1.0
10846,1.0
10847,1.0
10848,1.0
10849,1.0
10850,0.9919683434212849
10851,0.7777480232701592
10852,1.0
10853,0.9081228832485033
10854,1.0
10855,1.0
10856,1.0
10857,0.9018356802554168
10858,0.999325396825397
10859,1.0
10860,0.9850927405927404
10861,0.9997142857142858
10862,1.0
10863,1.0
10864,1.0
10865,1.0
10866,1.0
10867,0.9994920634920635
10868,0.9996
10869,0.8177607779475423
10870,0.9994444444444445
10871,1.0
10872,0.9972301587301587
10873,1.0
10874,0.9997142857142858
10875,1.0
10876,1.0
10877,0.9817033577533576
10878,1.0
10879,0.9717800865800864
10880,1.0
10881,0.6890943245007485
10882,0.9931626040626041
10883,0.9981166666666667
10884,0.9994333333333334
10885,0.9439509232597468
10886,1.0
10887,0.9997142857142857
10888,0.6636787590892078
10889,1.0
10890,1.0
10891,1.0
10892,1.0
10893,1.0
10894,0.9993333333333334
10895,0.8797374248214811
10896,0.7316824605677542
10897,0.9988571428571429
10898,1.0
10899,1.0
10900,1.0
10901,0.9997142857142858
10902,1.0
10903,0.9940451336675021
10904,1.0
10905,0.9993333333333334
10906,0.7699253928819716
10907,1.0
10908,1.0
10909,1.0
10910,0.8274743312243309
10911,1.0
10912,0.8414747104747101
10913,1.0
10914,1.0
10915,0.9989285714285715
10916,1.0
10917,0.9912545343545343
10918,1.0
10919,1.0
10920,1.0
10921,1.0
10922,0.669199255122243
10923,1.0
10924,0.9986642857142857
10925,1.0
10926,1.0
10927,0.9994
10928,0.9954770618270617
10929,0.9559127682774743
10930,1.0
10931,1.0
10932,1.0
10933,0.9952500525618171
10934,1.0
10935,0.9986285714285715
10936,1.0
10937,0.9997999999999999
10938,0.9965093406593407
10939,0.9809752567693744
10940,1.0
10941,1.0
10942,1.0
10943,1.0
10944,1.0
10945,0.9709190530058176
10946,1.0
10947,1.0
10948,0.9997142857142858
10949,1.0
10950,1.0
10951,1.0
10952,1.0
10953,1.0
10954,1.0
10955,1.0
10956,0.9588272560772564
10957,0.9944922161172163
10958,1.0
10959,1.0
10960,1.0
10961,0.4810206073338426
10962,1.0
10963,0.9975119047619047
10964,0.9777172763511
10965,1.0
10966,1.0
10967,1.0
10968,0.9933915362415363
10969,1.0
10970,1.0
10971,0.9994545454545455
10972,1.0
10973,0.9871486346986347
10974,0.9993333333333334
10975,1.0
10976,1.0
10977,1.0
10978,0.998
10979,0.7478073354320262
10980,1.0
10981,0.9977103174603175
10982,0.9955924242424241
10983,0.9920766788766787
10984,0.999
10985,1.0
10986,1.0
10987,0.9925253968253968
10988,0.9928230158730158
10989,0.9989642857142856
10990,0.9980696545284781
10991,0.9981428571428571
10992,1.0
10993,1.0
10994,0.9835282800532802
10995,1.0
10996,0.34080084685696144
10997,0.9992727272727272
10998,0.4890102804058687
10999,0.9975452380952381
11000,1.0
11001,0.8599585137085137
11002,1.0
11003,0.34048347567465215
11004,0.9994
11005,1.0
11006,0.9955542624042625
11007,1.0
11008,0.9682793428793428
11009,1.0
11010,1.0
11011,0.8808605175869884
11012,0.9948850427350429
11013,1.0
11014,1.0
11015,1.0
11016,0.9991785714285715
11017,0.26466439475557135
11018,0.9910884615384614
11019,1.0
11020,0.9958714285714285
11021,0.99625
11022,1.0
11023,0.9994
11024,0.3541629149831938
11025,1.0
11026,1.0
11027,0.9998461538461538
11028,0.9877450577200578
11029,1.0
11030,0.9994
11031,1.0
11032,0.9990833333333332
11033,1.0
11034,1.0
11035,1.0
11036,0.4147031993720075
11037,0.9997999999999999
11038,1.0
11039,0.993919696969697
11040,0.9950231660496367
11041,1.0
11042,0.976366366966367
11043,1.0
11044,0.9956213564213564
11045,1.0
11046,1.0
11047,0.2119865010806188
11048,1.0
11049,1.0
11050,1.0
11051,0.27406031746031745
11052,0.9990476190476192
11053,1.0
11054,1.0
11055,1.0
11056,0.9142683847456293
11057,0.990419658119658
11058,0.9900112554112553
11059,1.0
11060,1.0
11061,0.993522943722944
11062,0.99975
11063,0.9963003663003663
11064,0.9975474747474747
11065,1.0
11066,1.0
11067,0.9976085137085139
11068,1.0
11069,0.5118974124087131
11070,1.0
11071,0.9976386946386947
11072,1.0
11073,0.9977285714285714
11074,1.0
11075,1.0
11076,0.9992000000000001
11077,0.7622198473525099
11078,0.9996666666666666
11079,0.4585837038176825
11080,0.9986060606060606
11081,1.0
11082,1.0
11083,0.9977587301587302
11084,0.9995384615384616
11085,0.9995555555555555
11086,1.0
11087,1.0
11088,0.9997142857142857
11089,0.9991
11090,1.0
11091,1.0
11092,0.9972444444444444
11093,0.9688776354364591
11094,1.0
11095,0.7659316973875793
11096,1.0
11097,1.0
11098,0.999547619047619
11099,0.9462699890494782
11100,0.998065800865801
11101,1.0
11102,0.9996363636363637
11103,1.0
11104,0.9997142857142858
11105,0.9997777777777779
11106,1.0
11107,1.0
11108,1.0
11109,0.9940854978354978
11110,1.0
11111,1.0
11112,0.9634697578565222
11113,1.0
11114,0.4534897099546481
11115,1.0
11116,0.4499513523628073
11117,1.0
11118,1.0
11119,0.9998333333333334
11120,0.9964857142857144
11121,0.999
11122,1.0
11123,0.9992142857142856
11124,0.9992142857142856
11125,1.0
11126,1.0
11127,0.7120255355153965
11128,0.9708371318224258
11129,0.9997142857142858
11130,0.9450269841269843
11131,0.9975
11132,1.0
11133,0.9988051282051282
11134,1.0
11135,1.0
11136,0.02264951797714955
11137,1.0
11138,0.9084711677125767
11139,0.03954223276723277
11140,0.974815229868171
11141,1.0
11142,0.9873822566322568
11143,1.0
11144,1.0
11145,0.9387129654659067
11146,1.0
11147,1.0
11148,1.0
11149,1.0
11150,0.9843971114283036
11151,0.9563683261183261
11152,0.7849089778436968
11153,1.0
11154,0.9997142857142858
11155,0.9871463314463316
11156,0.8312698423781246
11157,0.4757559274918411
11158,1.0
11159,0.5094336813513283
11160,0.8744906910083377
11161,0.9564063161984212
11162,0.14387515507368448
11163,0.990440381840382
11164,0.998131746031746
11165,0.9869649334325804
11166,0.9985892857142857
11167,1.0
11168,0.9716684149184152
11169,0.9953736652236652
11170,1.0
11171,1.0
11172,1.0
11173,0.5886209882308953
11174,0.9660301087801088
11175,0.9972642857142857
11176,1.0
11177,1.0
11178,0.9996
11179,1.0
11180,1.0
11181,0.999
11182,1.0
11183,1.0
11184,1.0
11185,1.0
11186,1.0
11187,0.995574337916985
11188,1.0
11189,0.9982750000000001
11190,1.0
11191,0.9230770637858875
11192,0.9997777777777779
11193,1.0
11194,0.06546630493689315
11195,1.0
11196,0.9986545454545456
11197,0.9743052529170178
11198,1.0
11199,1.0
11200,1.0
11201,0.9809159693247927
11202,1.0
11203,1.0
11204,0.7815255778535191
11205,1.0
11206,1.0
11207,1.0
11208,1.0
11209,1.0
11210,0.9809247432306254
11211,1.0
11212,1.0
11213,1.0
11214,0.9901886002886003
11215,0.9870884837384838
11216,1.0
11217,0.9921871184371186
11218,0.6105447023564667
11219,1.0
11220,0.9945238095238095
11221,1.0
11222,0.9379893361368594
11223,1.0
11224,0.9988
11225,0.8734532800962367
11226,1.0
11227,1.0
11228,0.9960439754689755
11229,1.0
11230,1.0
11231,1.0
11232,1.0
11233,0.9964689033189033
11234,1.0
11235,1.0
11236,1.0
11237,1.0
11238,0.9994000000000001
11239,0.9544686589554235
11240,1.0
11241,1.0
11242,1.0
11243,0.9215999023851966
11244,1.0
11245,0.9637210296239713
11246,0.9981896825396827
11247,0.9760895271395271
11248,1.0
11249,0.9996666666666666
11250,1.0
11251,1.0
11252,1.0
11253,0.9662438672438675
11254,1.0
11255,0.8652986110294932
11256,1.0
11257,0.8533950671877143
11258,0.9026568687160791
11259,0.9966928571428572
11260,1.0
11261,0.9994920634920635
11262,1.0
11263,1.0
11264,1.0
11265,0.9724254023754023
11266,1.0
11267,1.0
11268,0.9845881843302895
11269,1.0
11270,1.0
11271,1.0
11272,1.0
11273,1.0
11274,1.0
11275,0.6007321552630374
11276,1.0
11277,0.9995476190476191
11278,0.10932248829601775
11279,1.0
11280,0.9231841888503654
11281,0.9800093684093686
11282,1.0
11283,0.996378354978355
11284,0.9966873015873016
11285,0.9991142857142856
11286,1.0
11287,1.0
11288,0.9995
11289,1.0
11290,0.9590333083583084
11291,1.0
11292,0.9851969169719167
11293,0.9996
11294,0.9610251774369418
11295,1.0
11296,0.9985666666666667
11297,1.0
11298,0.3383265237600379
11299,0.9945045815295814
11300,0.9993333333333333
11301,1.0
11302,0.9711365634365633
11303,1.0
11304,0.9935003385503386
11305,1.0
11306,1.0
11307,0.9995384615384616
11308,0.9984273504273503
11309,1.0
11310,0.8376056507218274
11311,1.0
11312,1.0
11313,1.0
11314,0.9997142857142857
11315,0.9806619103119104
11316,0.9663466946795897
11317,0.9965123376623377
11318,1.0
11319,0.9995555555555555
11320,0.9944618936618936
11321,0.9950365546218486
11322,0.9974285714285712
11323,0.9276249204901376
11324,1.0
11325,0.9984444444444445
11326,0.3916937341430946
11327,1.0
11328,1.0
11329,0.9955490196078431
11330,1.0
11331,1.0
11332,0.9971892551892553
11333,1.0
11334,1.0
11335,0.9986571428571428
11336,0.9995959595959596
11337,0.9944917582417583
11338,1.0
11339,0.9868988455988459
11340,1.0
11341,0.6982282487808027
11342,1.0
11343,1.0
11344,1.0
11345,1.0
11346,0.9996666666666666
11347,1.0
11348,0.9974373015873016
11349,1.0
11350,1.0
11351,0.9993506493506493
11352,1.0
11353,0.9946634920634919
11354,0.8526336407056995
11355,0.9962831168831168
11356,1.0
11357,1.0
11358,1.0
11359,1.0
11360,1.0
11361,0.9919885281385282
11362,1.0
11363,1.0
11364,1.0
11365,1.0
11366,0.9996666666666667
11367,1.0
11368,1.0
11369,1.0
11370,1.0
11371,0.9995384615384616
11372,0.7778012640953815
11373,1.0
11374,1.0
11375,1.0
11376,0.8006577187518364
11377,0.9881010822510823
11378,0.9989666666666667
11379,1.0
11380,1.0
11381,0.9063564957917903
11382,1.0
11383,1.0
11384,0.4334533907784681
11385,1.0
11386,0.6738142866507423
11387,0.7227338388219965
11388,1.0
11389,0.8876443001443005
11390,1.0
11391,1.0
11392,0.7470191013664707
11393,0.9997142857142858
11394,0.9993555555555557
11395,1.0
11396,0.9984761904761904
11397,1.0
11398,1.0
11399,1.0
11400,1.0
11401,0.9588994505494509
11402,1.0
11403,1.0
11404,1.0
11405,1.0
11406,1.0
11407,1.0
11408,1.0
11409,0.48259749583921385
11410,1.0
11411,0.9850043290043289
11412,0.9997999999999999
11413,1.0
11414,0.996345093795094
11415,0.9992000000000001
11416,1.0
11417,0.9989388888888889
11418,0.9997142857142858
11419,0.9770100912159738
11420,0.9993809523809524
11421,0.9975833333333333
11422,0.995455366855367
11423,1.0
11424,1.0
11425,0.9928740981240983
11426,0.9993333333333333
11427,0.9980452380952382
11428,0.9340345725911516
11429,0.9981944444444445
11430,0.9992000000000001
11431,1.0
11432,0.8403710589633964
11433,0.9869342780026991
11434,0.715420633537429
11435,0.9666927043544691
11436,0.8479292001600051
11437,1.0
11438,1.0
11439,1.0
11440,1.0
11441,1.0
11442,1.0
11443,1.0
11444,0.9996666666666666
11445,1.0
11446,0.9268419785933845
11447,0.9977714285714285
11448,1.0
11449,1.0
11450,0.9991428571428571
11451,1.0
11452,0.9985238095238094
11453,0.9654966686907864
11454,1.0
11455,0.6899320190559356
11456,0.24100948251095314
11457,1.0
11458,1.0
11459,1.0
11460,0.9993277777777778
11461,0.99975
11462,0.9164843643027085
11463,0.9986031746031745
11464,1.0
11465,0.9980876623376624
11466,0.9992271062271063
11467,0.9968782828282828
11468,1.0
11469,1.0
11470,1.0
11471,0.9919973137973137
11472,0.9994920634920635
11473,1.0
11474,0.9996
11475,1.0
11476,1.0
11477,0.9652288234641175
11478,1.0
11479,0.9993142857142857
11480,0.991130624930625
11481,1.0
11482,1.0
11483,1.0
11484,1.0
11485,0.7262012351597492
11486,1.0
11487,1.0
11488,0.9997999999999999
11489,1.0
11490,0.8072610833610834
11491,0.844907783066607
11492,1.0
11493,0.994413000888001
11494,1.0
11495,0.9912530192030191
11496,0.9744582611832613
11497,1.0
11498,0.991298644819233
11499,1.0
11500,0.9958481028775147
11501,0.5889570967646047
11502,0.6634154760186496
11503,1.0
11504,1.0
11505,0.9935709124209123
11506,1.0
11507,0.946789812148636
11508,0.9996111111111112
11509,0.9978102453102453
11510,0.44482079047543477
11511,1.0
11512,1.0
11513,0.9963306415806416
11514,1.0
11515,0.9984054834054834
11516,1.0
11517,0.640735088277735
11518,0.9572554834054835
11519,0.9989863636363636
11520,1.0
11521,0.99975
11522,1.0
11523,0.8151171774733691
11524,0.990420815295815
11525,1.0
11526,0.7893859668109666
11527,1.0
11528,1.0
11529,1.0
11530,0.984545980816569
11531,1.0
11532,1.0
11533,1.0
11534,1.0
11535,0.9996
11536,1.0
11537,0.9990285714285715
11538,0.9975424603174603
11539,1.0
11540,0.9885412590677298
11541,1.0
11542,1.0
11543,0.9995
11544,1.0
11545,0.9792126179376182
11546,0.9467096237096234
11547,1.0
11548,1.0
11549,1.0
11550,0.9096761460761459
11551,1.0
11552,0.9993777777777778
11553,1.0
11554,1.0
11555,0.9933050338550339
11556,0.9996333333333334
11557,1.0
11558,0.9914485569985569
11559,1.0
11560,1.0
11561,0.9025286943190968
11562,1.0
11563,1.0
11564,1.0
11565,1.0
11566,0.9984908424908425
11567,0.9994666666666667
11568,1.0
11569,1.0
11570,1.0
11571,0.9995555555555555
11572,0.9998461538461538
11573,1.0
11574,0.9967917582417583
11575,0.9888288600288601
11576,1.0
11577,1.0
11578,0.9996
11579,1.0
11580,0.9995384615384616
11581,0.9823235731588674
11582,0.9949652014652015
11583,1.0
11584,0.994734632034632
11585,1.0
11586,0.9996363636363637
11587,0.9950666722166722
11588,0.9997999999999999
11589,0.9970027777777777
11590,1.0
11591,0.9123948210286447
11592,1.0
11593,1.0
11594,0.9659007575757577
11595,0.9953722222222221
11596,1.0
11597,0.9993333333333334
11598,0.9998181818181817
11599,0.9726412531912534
11600,1.0
11601,0.9443069023082179
11602,0.924451564122152
11603,1.0
11604,1.0
11605,1.0
11606,1.0
11607,1.0
11608,1.0
11609,1.0
11610,0.9130218332407186
11611,0.9611928349428347
11612,1.0
11613,1.0
11614,1.0
11615,1.0
11616,1.0
11617,0.6556194968172517
11618,0.9874931457431457
11619,1.0
11620,0.952555127552186
11621,0.9992051282051282
11622,1.0
11623,0.9944678210678211
11624,0.9996
11625,1.0
11626,1.0
11627,0.9996666666666666
11628,0.9785870684870683
11629,1.0
11630,1.0
11631,0.9878792707292708
11632,1.0
11633,0.9971849705849707
11634,1.0
11635,1.0
11636,0.25804230332790706
11637,0.9998181818181817
11638,0.9880183538683538
11639,0.27808731350348986
11640,0.963479292929293
11641,1.0
11642,1.0
11643,1.0
11644,1.0
11645,1.0
11646,0.968090621470033
11647,1.0
11648,1.0
11649,0.9988409090909092
11650,1.0
11651,0.7713998051398211
11652,0.9876027583527582
11653,1.0
11654,0.9990545454545454
11655,1.0
11656,1.0
11657,1.0
11658,1.0
11659,1.0
11660,1.0
11661,0.9973106083459025
11662,0.9933675213675214
11663,1.0
11664,0.990127775002775
11665,1.0
11666,0.9700930892636774
11667,1.0
11668,1.0
11669,0.7084412927715559
11670,1.0
11671,1.0
11672,1.0
11673,1.0
11674,0.9323873436505017
11675,0.9998947368421052
11676,1.0
11677,0.9910107142857144
11678,1.0
11679,0.9984444444444445
11680,0.9053424918133122
11681,1.0
11682,1.0
11683,0.9983102453102454
11684,1.0
11685,0.6584825331101645
11686,0.975151086495204
11687,0.5802869930722875
11688,1.0
11689,0.9989737373737374
11690,0.9988888888888889
11691,1.0
11692,1.0
11693,0.999
11694,1.0
11695,1.0
11696,0.9998181818181818
11697,0.588002100831745
11698,0.9941684981684982
11699,0.9988717948717949
11700,0.9996239316239316
11701,1.0
11702,0.9874100621600624
11703,1.0
11704,0.9908935175935176
11705,1.0
11706,0.5461940170940172
11707,1.0
11708,0.9986940170940171
11709,0.9755974329591975
11710,1.0
11711,1.0
11712,1.0
11713,0.996904761904762
11714,1.0
11715,1.0
11716,1.0
11717,1.0
11718,0.999095238095238
11719,0.706741930532488
11720,0.9983111111111113
11721,1.0
11722,0.9953126984126984
11723,0.9997142857142858
11724,0.995725335775336
11725,0.9977166666666666
11726,0.9601154451757392
11727,0.9996
11728,0.9996
11729,1.0
11730,0.9934
11731,1.0
11732,1.0
11733,0.9992000000000001
11734,1.0
11735,0.8350213176744135
11736,0.9884099178599177
11737,1.0
11738,1.0
11739,0.9996
11740,0.9919571428571429
11741,1.0
11742,0.9959555555555555
11743,0.6478177795630575
11744,0.6385285187035187
11745,0.9230276946909297
11746,1.0
11747,1.0
11748,1.0
11749,1.0
11750,0.9514764277867724
11751,0.9964645354645356
11752,0.9997777777777779
11753,1.0
11754,0.9987142857142857
11755,0.999
11756,0.9934708846708845
11757,0.9957742063492063
11758,0.8313661108499352
11759,1.0
11760,0.9988559523809524
11761,1.0
11762,1.0
11763,1.0
11764,0.2377230993894307
11765,1.0
11766,0.990127775002775
11767,0.9994126984126984
11768,0.9987809523809524
11769,0.9596455102087452
11770,1.0
11771,1.0
11772,0.9760584684922919
11773,1.0
11774,1.0
11775,0.8468031297220152
11776,0.9996
11777,0.9967097680097682
11778,1.0
11779,1.0
11780,1.0
11781,1.0
11782,0.9997777777777779
11783,0.924658409864989
11784,0.22146139876635243
11785,1.0
11786,0.9985837495837495
11787,0.759852056277056
11788,0.9656466644466645
11789,1.0
11790,0.9662511738261735
11791,0.14126680264180258
11792,0.9995324675324675
11793,1.0
11794,1.0
11795,0.9989722222222222
11796,1.0
11797,1.0
11798,0.7177257595861313
11799,1.0
11800,0.4149695227492414
11801,0.9014345092815679
11802,1.0
11803,1.0
11804,1.0
11805,1.0
11806,1.0
11807,1.0
11808,0.9798046567467618
11809,1.0
11810,1.0
11811,1.0
11812,0.9987899012751955
11813,0.9997777777777779
11814,0.6004885294391462
11815,0.6788502357119999
11816,1.0
11817,0.9994285714285714
11818,1.0
11819,0.9962984126984127
11820,1.0
11821,0.9966423076923077
11822,1.0
11823,1.0
11824,1.0
11825,0.999095238095238
11826,1.0
11827,0.9867670995670995
11828,1.0
11829,1.0
11830,0.9983928571428571
11831,0.9811610223110224
11832,0.9996666666666666
11833,0.9668956987456989
11834,1.0
11835,1.0
11836,0.9991
11837,1.0
11838,1.0
11839,1.0
11840,1.0
11841,0.9988611111111111
11842,0.29915460317116677
11843,0.45778338562022775
11844,1.0
11845,1.0
11846,1.0
11847,0.9903681818181819
11848,0.9979162393162394
11849,1.0
11850,0.38705719666470434
11851,1.0
11852,1.0
11853,1.0
11854,0.9987619047619047
11855,1.0
11856,1.0
11857,0.9994920634920635
11858,1.0
11859,0.9997999999999999
11860,0.1992942442748172
11861,0.9992051282051282
11862,1.0
11863,0.9986181818181818
11864,1.0
11865,1.0
11866,1.0
11867,1.0
11868,1.0
11869,0.9997142857142857
11870,0.9900764346764345
11871,0.987511333111333
11872,0.9994545454545455
11873,0.999297619047619
11874,0.7999236733854381
11875,1.0
11876,1.0
11877,1.0
11878,1.0
11879,1.0
11880,1.0
11881,0.9983166666666666
11882,0.9841419191919191
11883,1.0
11884,0.9989555555555555
11885,1.0
11886,1.0
11887,1.0
11888,0.9994666666666667
11889,1.0
11890,0.8664440441911032
11891,0.9979142857142858
11892,1.0
11893,0.9995142857142856
11894,1.0
11895,1.0
11896,0.9395998843176085
11897,0.9994666666666667
11898,1.0
11899,1.0
11900,1.0
11901,0.9957306415806414
11902,0.9993333333333333
11903,0.49826472449119524
11904,0.998911088911089
11905,1.0
11906,1.0
11907,1.0
11908,1.0
11909,1.0
11910,1.0
11911,0.9976666666666666
11912,0.9644804489370279
11913,0.19082930402930398
11914,0.9997777777777779
11915,1.0
11916,1.0
11917,1.0
11918,1.0
11919,1.0
11920,0.9993777777777777
11921,0.7978021671998449
11922,0.23493298489436265
11923,1.0
11924,1.0
11925,0.9989230769230769
11926,1.0
11927,0.9560431758300183
11928,1.0
11929,0.9997142857142858
11930,0.9998461538461538
11931,0.9904380720586603
11932,1.0
11933,0.9989769119769121
11934,1.0
11935,1.0
11936,0.9936126595626595
11937,1.0
11938,1.0
11939,1.0
11940,0.9867699106449105
11941,0.9994642857142857
11942,0.9795706404706405
11943,0.997334498834499
11944,0.9982285714285715
11945,0.9983102453102454
11946,1.0
11947,0.9998461538461538
11948,1.0
11949,0.9983993783993784
11950,0.9785291042291042
11951,0.9804007936507935
11952,0.9998333333333334
11953,1.0
11954,1.0
11955,1.0
11956,1.0
11957,0.9991111111111111
11958,1.0
11959,0.9995384615384616
11960,0.9993823529411764
11961,0.9998333333333334
11962,1.0
11963,1.0
11964,0.09834041824188888
11965,0.9287988576782693
11966,0.42284276437356966
11967,0.9973499278499278
11968,0.9976428571428572
11969,0.999095238095238
11970,1.0
11971,0.9996333333333334
11972,0.967605560091783
11973,0.9995384615384616
11974,0.9627925296925296
11975,1.0
11976,1.0
11977,1.0
11978,0.9980285714285714
11979,1.0
11980,1.0
11981,1.0
11982,0.9992976190476192
11983,1.0
11984,1.0
11985,0.9962412698412698
11986,1.0
11987,1.0
11988,0.9987408963585435
11989,1.0
11990,1.0
11991,1.0
11992,1.0
11993,0.9981
11994,1.0
11995,0.9989545454545455
11996,1.0
11997,1.0
11998,0.9987506493506493
11999,1.0
12000,0.6124330001697643
12001,1.0
12002,1.0
12003,0.99975
12004,0.998661111111111
12005,1.0
12006,1.0
12007,0.99975
12008,1.0
12009,1.0
12010,1.0
12011,1.0
12012,1.0
12013,1.0
12014,0.37304056189768264
12015,1.0
12016,1.0
12017,1.0
12018,1.0
12019,1.0
12020,0.9997777777777779
12021,1.0
12022,0.9966126984126984
12023,0.9995892857142857
12024,1.0
12025,0.9978833333333333
12026,1.0
12027,1.0
12028,1.0
12029,1.0
12030,1.0
12031,1.0
12032,1.0
12033,1.0
12034,1.0
12035,0.7713046979164626
12036,0.8885738630650393
12037,1.0
12038,0.9984419191919192
12039,1.0
12040,1.0
12041,1.0
12042,0.904999603174603
12043,1.0
12044,1.0
12045,0.9378550588300587
12046,1.0
12047,1.0
12048,1.0
12049,1.0
12050,0.9997777777777779
12051,0.9951910644910644
12052,1.0
12053,1.0
12054,0.998595238095238
12055,1.0
12056,1.0
12057,1.0
12058,0.9897393939393939
12059,0.9988461538461538
12060,1.0
12061,1.0
12062,1.0
12063,0.9552577200577206
12064,1.0
12065,1.0
12066,1.0
12067,0.9869429240693949
12068,1.0
12069,1.0
12070,1.0
12071,1.0
12072,1.0
12073,0.9693492646242649
12074,0.9149354788664122
12075,0.9993102453102455
12076,0.9976046176046176
12077,0.9997142857142858
12078,0.958095066045066
12079,1.0
12080,0.9753253135753134
12081,1.0
12082,1.0
12083,0.9992181818181819
12084,0.09768978847949433
12085,1.0
12086,1.0
12087,1.0
12088,0.40760561660561667
12089,0.8594136575842453
12090,0.8962998413493297
12091,1.0
12092,1.0
12093,1.0
12094,0.5240281401690843
12095,0.736975748563442
12096,0.9994642857142857
12097,1.0
12098,1.0
12099,1.0
12100,0.3036239642710231
12101,1.0
12102,0.9988162393162394
12103,1.0
12104,0.9986940170940171
12105,0.8620853348577804
12106,0.7929461693964787
12107,0.8412951987554924
12108,0.9944930846930847
12109,0.9988277777777778
12110,0.9996363636363637
12111,1.0
12112,1.0
12113,1.0
12114,0.9825504884004881
12115,0.9994285714285714
12116,0.9995
12117,1.0
12118,1.0
12119,0.4425615986009175
12120,1.0
12121,0.2917148237383533
12122,1.0
12123,1.0
12124,0.4276125199877524
12125,1.0
12126,0.9845746031746031
12127,0.9988253968253967
12128,1.0
12129,0.9959746031746031
12130,1.0
12131,1.0
12132,0.9876123376623376
12133,0.9993333333333334
12134,0.9193107098783568
12135,0.9991384615384615
12136,0.9864439948939948
12137,1.0
12138,1.0
12139,0.9981666666666668
12140,0.9996666666666667
12141,0.9377956520603584
12142,1.0
12143,1.0
12144,1.0
12145,0.974979730563554
12146,1.0
12147,0.9994545454545455
12148,1.0
12149,1.0
12150,1.0
12151,1.0
12152,0.7467250487224298
12153,1.0
12154,0.7456566361399177
12155,1.0
12156,1.0
12157,1.0
12158,1.0
12159,0.8876150230488473
12160,1.0
12161,0.9902704434454436
12162,1.0
12163,0.9031955395061563
12164,0.9937769841269842
12165,0.9468899988899988
12166,1.0
12167,1.0
12168,1.0
12169,1.0
12170,0.928726651126651
12171,0.9984912587412588
12172,1.0
12173,1.0
12174,1.0
12175,0.9987999999999999
12176,1.0
12177,0.9995
12178,0.9997999999999999
12179,1.0
12180,1.0
12181,0.9994141414141414
12182,1.0
12183,0.994124297924298
12184,0.9992000000000001
12185,0.9921724386724387
12186,0.99975
12187,0.9990375939849624
12188,0.40336220886429586
12189,1.0
12190,1.0
12191,0.9993809523809524
12192,1.0
12193,0.9672996614496618
12194,1.0
12195,0.8686457264957267
12196,0.5378762180200262
12197,1.0
12198,1.0
12199,0.9980539682539683
12200,0.8823016490045903
12201,0.9996
12202,1.0
12203,0.9969804084804086
12204,0.07451368011073893
12205,1.0
12206,0.9988888888888889
12207,1.0
12208,1.0
12209,1.0
12210,0.8505322559793146
12211,1.0
12212,1.0
12213,1.0
12214,1.0
12215,0.9997142857142857
12216,0.9976611111111111
12217,1.0
12218,0.998787012987013
12219,1.0
12220,1.0
12221,0.8079391351338722
12222,0.9973766233766234
12223,1.0
12224,1.0
12225,0.9959148629148629
12226,0.6889631783077604
12227,0.9993333333333333
12228,1.0
12229,0.2856510171201348
12230,0.7436461559682152
12231,1.0
12232,0.9996
12233,0.026017799185678432
12234,1.0
12235,1.0
12236,1.0
12237,0.9996349206349207
12238,1.0
12239,0.1031555416805417
12240,0.9991785714285715
12241,1.0
12242,0.9993333333333333
12243,0.9960448412698413
12244,1.0
12245,1.0
12246,1.0
12247,1.0
12248,0.9804222514070037
12249,1.0
12250,0.9747700110347169
12251,1.0
12252,0.7386813357007636
12253,0.9997999999999999
12254,1.0
12255,0.9980746531246532
12256,1.0
12257,1.0
12258,0.99925
12259,1.0
12260,0.9958270840270841
12261,1.0
12262,0.6604135324771545
12263,0.21717546669017265
12264,1.0
12265,1.0
12266,1.0
12267,1.0
12268,0.9928904761904763
12269,1.0
12270,1.0
12271,1.0
12272,1.0
12273,0.9988666666666666
12274,0.9990277777777778
12275,1.0
12276,0.9996
12277,0.9287589486279115
12278,1.0
12279,1.0
12280,1.0
12281,1.0
12282,1.0
12283,1.0
12284,0.9943817460317459
12285,0.8784503124412567
12286,1.0
12287,0.9968408424908425
12288,1.0
12289,1.0
12290,1.0
12291,1.0
12292,0.9998333333333332
12293,1.0
12294,0.9997999999999999
12295,0.5209116755935171
12296,0.9827425685425684
12297,1.0
12298,1.0
12299,0.9985229512317747
12300,0.9997777777777779
12301,0.9991428571428571
12302,1.0
12303,0.8216164239527243
12304,0.9994848484848485
12305,1.0
12306,0.9996
12307,1.0
12308,1.0
12309,0.9984404761904763
12310,0.9994285714285713
12311,1.0
12312,0.9996666666666667
12313,1.0
12314,0.9903307137307138
12315,1.0
12316,0.9976474747474748
12317,0.9955667411020352
12318,1.0
12319,0.9987688311688312
12320,1.0
12321,1.0
12322,1.0
12323,0.9880138583638582
12324,1.0
12325,1.0
12326,0.9994545454545455
12327,0.9139523801362037
12328,1.0
12329,0.9989030303030303
12330,1.0
12331,1.0
12332,0.99975
12333,1.0
12334,0.46354290815823357
12335,1.0
12336,1.0
12337,1.0
12338,1.0
12339,1.0
12340,1.0
12341,0.8022216925231643
12342,0.9851136113886118
12343,0.9892568542568544
12344,0.9998181818181818
12345,1.0
12346,0.9899532883782884
12347,1.0
12348,1.0
12349,1.0
12350,1.0
12351,1.0
12352,1.0
12353,1.0
12354,1.0
12355,1.0
12356,1.0
12357,1.0
12358,0.698995194640241
12359,0.9977777777777779
12360,0.9996666666666666
12361,0.9995555555555555
12362,1.0
12363,0.9997142857142858
12364,1.0
12365,0.9928753968253968
12366,0.9920006493506491
12367,0.5160080406607498
12368,0.8223653695977227
12369,0.9878150710400708
12370,0.9884077478077479
12371,1.0
12372,0.9946720057720057
12373,1.0
12374,0.4682352981985338
12375,1.0
12376,0.9824319467971641
12377,1.0
12378,1.0
12379,1.0
12380,1.0
12381,1.0
12382,1.0
12383,0.9753286955734326
12384,1.0
12385,0.9981507936507936
12386,0.9997999999999999
12387,1.0
12388,1.0
12389,1.0
12390,1.0
12391,1.0
12392,1.0
12393,1.0
12394,0.999
12395,0.9879324187250658
12396,0.9977777777777779
12397,1.0
12398,0.996247619047619
12399,0.9040378538128537
12400,1.0
12401,0.982586324786325
12402,1.0
12403,1.0
12404,1.0
12405,1.0
12406,0.9705192505989846
12407,1.0
12408,0.3215265134676126
12409,1.0
12410,0.9083468596762712
12411,1.0
12412,0.9947273726273725
12413,1.0
12414,0.9599541791541792
12415,1.0
12416,0.9326211122211124
12417,0.9973564102564103
12418,1.0
12419,0.9864359584859586
12420,0.4033402543792634
12421,0.8206873298270355
12422,1.0
12423,1.0
12424,0.999375
12425,0.9444874145891947
12426,0.4252849693306351
12427,1.0
12428,0.9986111111111112
12429,1.0
12430,0.7691487229746518
12431,0.8963931615769857
12432,1.0
12433,1.0
12434,0.9993809523809524
12435,0.7533964846814685
12436,0.195018765058471
12437,1.0
12438,0.8486214324890795
12439,1.0
12440,0.656037962037962
12441,1.0
12442,1.0
12443,1.0
12444,0.7783121720986276
12445,1.0
12446,1.0
12447,0.9945993284493285
12448,1.0
12449,1.0
12450,0.7876472470855602
12451,0.9451821689748159
12452,1.0
12453,1.0
12454,1.0
12455,1.0
12456,0.9889879564879566
12457,1.0
12458,1.0
12459,1.0
12460,1.0
12461,1.0
12462,1.0
12463,0.9984785714285713
12464,1.0
12465,0.9903610667110668
12466,0.9993777777777778
12467,0.9996447368421052
12468,1.0
12469,1.0
12470,1.0
12471,0.5161112276612272
12472,1.0
12473,1.0
12474,1.0
12475,1.0
12476,0.9989642857142857
12477,0.7508831340228391
12478,1.0
12479,1.0
12480,0.3908389365364598
12481,1.0
12482,0.9935861971361973
12483,1.0
12484,1.0
12485,0.9861183760683758
12486,0.9962858363858365
12487,1.0
12488,0.9983030303030302
12489,1.0
12490,0.99925
12491,1.0
12492,1.0
12493,1.0
12494,0.9981269841269841
12495,1.0
12496,1.0
12497,0.9975333333333333
12498,1.0
12499,1.0
12500,0.9950666666666667
12501,1.0
12502,1.0
12503,1.0
12504,0.9855857864357865
12505,0.993979292929293
12506,0.4951865162185595
12507,0.9997999999999999
12508,0.9982991841491842
12509,0.9483298639784707
12510,0.999371794871795
12511,1.0
12512,0.17654045000407229
12513,0.9965852813852814
12514,0.9997142857142858
12515,1.0
12516,1.0
12517,1.0
12518,1.0
12519,0.8819414938862302
12520,1.0
12521,1.0
12522,0.9617047206061913
12523,1.0
12524,0.9998181818181817
12525,1.0
12526,1.0
12527,1.0
12528,0.8491031076142562
12529,1.0
12530,1.0
12531,0.8530926230632111
12532,0.9967943722943724
12533,0.9974867521367522
12534,1.0
12535,0.9946814185814187
12536,0.9139257407625059
12537,0.9996666666666666
12538,1.0
12539,0.9970539682539684
12540,0.8163489309709894
12541,0.9570918667933375
12542,0.9995555555555555
12543,1.0
12544,1.0
12545,1.0
12546,1.0
12547,0.9932756909756911
12548,0.9734755355755357
12549,0.6129634927851648
12550,1.0
12551,0.9980006493506492
12552,1.0
12553,1.0
12554,1.0
12555,1.0
12556,0.9942322344322342
12557,0.9996333333333334
12558,1.0
12559,1.0
12560,1.0
12561,1.0
12562,1.0
12563,1.0
12564,1.0
12565,1.0
12566,0.060793361866891264
12567,1.0
12568,0.9954885281385282
12569,0.9942669608169611
12570,1.0
12571,0.9363469370498785
12572,0.9957071484071485
12573,0.7869613110831377
12574,0.9994285714285714
12575,1.0
12576,0.9965330447330447
12577,0.9932498556998556
12578,1.0
12579,1.0
12580,1.0
12581,0.9995499999999999
12582,1.0
12583,1.0
12584,1.0
12585,1.0
12586,1.0
12587,1.0
12588,1.0
12589,0.9976274170274171
12590,1.0
12591,1.0
12592,1.0
12593,1.0
12594,1.0
12595,1.0
12596,0.9915786102786103
12597,1.0
12598,1.0
12599,0.9984444444444445
12600,0.9994545454545455
12601,1.0
12602,1.0
12603,0.9985920634920636
12604,0.9997142857142858
12605,0.9894613636363636
12606,0.9996666666666667
12607,0.7581356148323636
12608,1.0
12609,0.8482051721154663
12610,1.0
12611,0.9863234487734487
12612,1.0
12613,0.9885123918565093
12614,0.9992747252747253
12615,1.0
12616,1.0
12617,1.0
12618,1.0
12619,1.0
12620,1.0
12621,1.0
12622,0.8467114574280206
12623,1.0
12624,1.0
12625,1.0
12626,1.0
12627,1.0
12628,1.0
12629,0.8947756655109599
12630,1.0
12631,1.0
12632,0.9296690990382167
12633,0.9681490120990117
12634,0.9992857142857142
12635,1.0
12636,0.37806389015181563
12637,0.9993333333333333
12638,1.0
12639,0.999095238095238
12640,1.0
12641,1.0
12642,0.9988452380952381
12643,0.9515572538572536
12644,1.0
12645,1.0
12646,0.9806041264291264
12647,0.9827771561771562
12648,1.0
12649,1.0
12650,1.0
12651,1.0
12652,0.18259039914334035
12653,0.9940261904761905
12654,1.0
12655,1.0
12656,0.9956393710091077
12657,0.9984285714285714
12658,1.0
12659,1.0
12660,1.0
12661,0.5951698262521793
12662,0.9974273504273504
12663,0.9988095238095238
12664,1.0
12665,1.0
12666,0.3441437630996453
12667,0.9980904040404043
12668,1.0
12669,1.0
12670,0.998947619047619
12671,0.8851153503359385
12672,1.0
12673,0.999371794871795
12674,0.9923015873015871
12675,0.6815417501057591
12676,0.930062538278715
12677,1.0
12678,0.4734824104086485
12679,1.0
12680,0.99875
12681,0.9908446248196249
12682,1.0
12683,0.9998181818181818
12684,0.9838468253968254
12685,0.8844333972099454
12686,1.0
12687,1.0
12688,0.9943857281607282
12689,1.0
12690,1.0
12691,1.0
12692,0.9400527942903328
12693,0.7522720689097627
12694,0.22600230856735443
12695,0.9991428571428571
12696,1.0
12697,0.983743306693307
12698,1.0
12699,1.0
12700,1.0
12701,1.0
12702,0.9993333333333334
12703,1.0
12704,0.9313622266622268
12705,0.9996
12706,1.0
12707,0.9996666666666666
12708,0.9987272727272728
12709,1.0
12710,0.9528076564388487
12711,1.0
12712,0.9977295454545455
12713,0.9965666666666667
12714,1.0
12715,1.0
12716,1.0
12717,1.0
12718,0.9987761904761905
12719,0.9988809523809523
12720,1.0
12721,0.9970153235653236
12722,1.0
12723,1.0
12724,1.0
12725,1.0
12726,1.0
12727,0.9943578643578644
12728,0.9954625541125541
12729,1.0
12730,0.9834232323232323
12731,1.0
12732,1.0
12733,1.0
12734,0.5156100139884197
12735,0.9654635198135196
12736,1.0
12737,1.0
12738,0.9652737706737707
12739,0.9984444444444445
12740,1.0
12741,0.9995892857142857
12742,0.9995
12743,0.9596091036414568
12744,0.9893608558108555
12745,1.0
12746,0.9989142857142859
12747,1.0
12748,0.9988005050505051
12749,1.0
12750,0.9205019813519812
12751,1.0
12752,1.0
12753,0.9984126984126984
12754,1.0
12755,1.0
12756,1.0
12757,1.0
12758,0.6266737373737371
12759,1.0
12760,0.6029908991335463
12761,1.0
12762,1.0
12763,0.9721202713952712
12764,0.9988888888888889
12765,0.9964607503607503
12766,1.0
12767,1.0
12768,0.9992666666666667
12769,1.0
12770,1.0
12771,0.717824143769887
12772,0.9106481386260797
12773,1.0
12774,1.0
12775,0.9871625541125543
12776,1.0
12777,0.9996
12778,1.0
12779,1.0
12780,1.0
12781,0.48322717817098615
12782,1.0
12783,0.9991111111111111
12784,0.9996666666666667
12785,1.0
12786,0.9979285714285715
12787,1.0
12788,0.21608904978750196
12789,1.0
12790,1.0
12791,1.0
12792,1.0
12793,0.9986
12794,1.0
12795,0.9870249278499279
12796,1.0
12797,1.0
12798,0.9974718614718614
12799,0.9684099768652399
12800,1.0
12801,1.0
12802,0.9995384615384616
12803,0.9985555555555555
12804,1.0
12805,1.0
12806,1.0
12807,0.9991142857142857
12808,1.0
12809,0.9947306193806192
12810,1.0
12811,0.8888846236246514
12812,1.0
12813,1.0
12814,0.9991363636363636
12815,0.9769832500832499
12816,0.9283234277160748
12817,1.0
12818,0.9107240179411228
12819,0.9991333333333333
12820,1.0
12821,1.0
12822,1.0
12823,1.0
12824,1.0
12825,1.0
12826,0.9360523199023197
12827,1.0
12828,1.0
12829,1.0
12830,1.0
12831,1.0
12832,1.0
12833,0.9890360750360752
12834,0.9952288211788213
12835,1.0
12836,1.0
12837,0.9997999999999999
12838,1.0
12839,0.9967765567765567
12840,1.0
12841,1.0
12842,0.30600859892601356
12843,1.0
12844,1.0
12845,1.0
12846,1.0
12847,1.0
12848,1.0
12849,1.0
12850,1.0
12851,0.9993333333333333
12852,0.982134276834277
12853,1.0
12854,1.0
12855,1.0
12856,1.0
12857,0.9992777777777778
12858,0.16271329144711505
12859,1.0
12860,0.2829066252031423
12861,0.9917730436230434
12862,0.8482693588746999
12863,0.9975381507381508
12864,0.9740706238206236
12865,1.0
12866,1.0
12867,0.9994
12868,1.0
12869,0.9991384615384615
12870,0.9989214285714286
12871,0.99925
12872,1.0
12873,1.0
12874,1.0
12875,0.9891198788139964
12876,0.5131292478763072
12877,1.0
12878,1.0
12879,0.5920856929620084
12880,1.0
12881,1.0
12882,0.8754289297304002
12883,0.9908780098985981
12884,1.0
12885,0.9866107503607502
12886,1.0
12887,1.0
12888,1.0
12889,1.0
12890,1.0
12891,1.0
12892,0.9977774725274724
12893,0.9998823529411764
12894,1.0
12895,0.9996666666666667
12896,1.0
12897,0.9891800838050839
12898,0.9991428571428571
12899,1.0
12900,1.0
12901,1.0
12902,0.9996571428571428
12903,0.99975
12904,1.0
12905,0.9964590909090909
12906,1.0
12907,1.0
12908,0.9987142857142857
12909,1.0
12910,0.04234797716902979
12911,0.99975
12912,1.0
12913,0.9933776085026085
12914,0.9524526857645278
12915,0.9529855172605173
12916,0.7280750716203974
12917,0.06588081363081362
12918,1.0
12919,1.0
12920,0.9586486666590115
12921,0.9970822510822511
12922,1.0
12923,0.9953844710844711
12924,0.40221870935222365
12925,1.0
12926,1.0
12927,0.9989999999999999
12928,1.0
12929,0.9576497113825287
12930,1.0
12931,1.0
12932,1.0
12933,0.9961852147852148
12934,0.9973984126984127
12935,0.9956814185814186
12936,0.9973942279942279
12937,1.0
12938,0.9855820263070264
12939,0.9480537684537684
12940,1.0
12941,1.0
12942,1.0
12943,1.0
12944,0.9969854978354977
12945,1.0
12946,0.9905829365079367
12947,0.16248410935469768
12948,1.0
12949,0.9766924394319131
12950,0.17014315548572517
12951,1.0
12952,0.9987586580086579
12953,0.9927691697191696
12954,1.0
12955,1.0
12956,1.0
12957,1.0
12958,1.0
12959,1.0
12960,0.9963305250305249
12961,1.0
12962,1.0
12963,0.9844174436674438
12964,1.0
12965,0.9984273504273504
12966,1.0
12967,1.0
12968,0.9984689754689755
12969,1.0
12970,0.9979309523809523
12971,0.9997142857142857
12972,0.5410870351956263
12973,1.0
12974,1.0
12975,0.9996666666666666
12976,0.9928464535464535
12977,1.0
12978,1.0
12979,1.0
12980,1.0
12981,0.9628180985680985
12982,1.0
12983,0.9995555555555555
12984,0.9888001803751804
12985,1.0
12986,1.0
12987,0.8750844508862311
12988,1.0
12989,1.0
12990,1.0
12991,0.9996
12992,0.9705651302945422
12993,0.9651655483405484
12994,0.5543611273401519
12995,0.9994285714285714
12996,0.9994666666666667
12997,0.7507119929572381
12998,0.9837282828282827
12999,1.0
13000,1.0
13001,1.0
13002,1.0
13003,0.9954885281385282
13004,0.9982833333333334
13005,1.0
13006,0.9537743166190534
13007,0.5286389887288496
13008,1.0
13009,0.9993500000000001
13010,0.8753146813970345
13011,1.0
13012,1.0
13013,1.0
13014,1.0
13015,0.9146400762636052
13016,0.9986175824175825
13017,1.0
13018,0.998929292929293
13019,0.99975
13020,0.9976984126984128
13021,0.9280970611088258
13022,1.0
13023,1.0
13024,1.0
13025,1.0
13026,1.0
13027,0.9878095016095015
13028,1.0
13029,0.6849485571617925
13030,0.9996
13031,1.0
13032,1.0
13033,0.9880930735930734
13034,0.9356442570501395
13035,0.37988133451515815
13036,0.9994065934065934
13037,1.0
13038,0.9992000000000001
13039,0.8584060434061983
13040,1.0
13041,1.0
13042,0.9887546453546455
13043,0.9978701298701299
13044,0.9479325300516478
13045,0.9935878066378067
13046,0.999
13047,1.0
13048,1.0
13049,0.7200368798440309
13050,1.0
13051,1.0
13052,0.9728814433932084
13053,0.9996666666666667
13054,1.0
13055,1.0
13056,0.9961141414141413
13057,0.9948991417079651
13058,1.0
13059,1.0
13060,0.9940404817404819
13061,1.0
13062,1.0
13063,1.0
13064,1.0
13065,1.0
13066,1.0
13067,1.0
13068,1.0
13069,1.0
13070,1.0
13071,0.9996666666666666
13072,1.0
13073,0.9996666666666667
13074,1.0
13075,0.9254434543268905
13076,0.9983619047619047
13077,0.9981904761904762
13078,0.9933290986790987
13079,0.9995
13080,0.9319208846708847
13081,0.5042942621104385
13082,1.0
13083,1.0
13084,1.0
13085,0.990684299034299
13086,0.8475715008856773
13087,1.0
13088,0.9955039682539681
13089,0.9997142857142858
13090,0.9851900654900657
13091,1.0
13092,1.0
13093,0.9734043456543457
13094,1.0
13095,0.9996
13096,0.1748135199767554
13097,0.9994285714285714
13098,0.9981095238095237
13099,0.9998181818181817
13100,0.9991111111111111
13101,1.0
13102,1.0
13103,1.0
13104,1.0
13105,0.9993333333333334
13106,1.0
13107,0.997847619047619
13108,1.0
13109,1.0
13110,1.0
13111,1.0
13112,1.0
13113,0.9833897269397273
13114,0.9997777777777779
13115,1.0
13116,1.0
13117,1.0
13118,1.0
13119,1.0
13120,0.9995959595959596
13121,1.0
13122,0.9991587301587301
13123,1.0
13124,0.9980649350649351
13125,1.0
13126,0.9950325396825397
13127,1.0
13128,0.9863841637121048
13129,1.0
13130,1.0
13131,0.9998333333333334
13132,0.9996
13133,1.0
13134,1.0
13135,1.0
13136,1.0
13137,0.9324450520068166
13138,0.9997142857142858
13139,0.026165984015984006
13140,1.0
13141,0.9693038765156412
13142,0.9815472222222222
13143,1.0
13144,1.0
13145,1.0
13146,0.996025
13147,1.0
13148,0.9955666666666667
13149,1.0
13150,1.0
13151,0.9670948589422278
13152,1.0
13153,0.994949358974359
13154,1.0
13155,1.0
13156,0.9988333333333332
13157,1.0
13158,0.9978444444444444
13159,0.9494564380064378
13160,0.9996666666666666
13161,1.0
13162,0.9995
13163,1.0
13164,0.9997777777777779
13165,0.8434193944943938
13166,0.950369513819514
13167,0.9506277777777777
13168,1.0
13169,1.0
13170,0.9994285714285714
13171,0.99975
13172,0.5301529202050097
13173,1.0
13174,1.0
13175,0.9987111111111111
13176,0.9544411405587877
13177,0.9997999999999999
13178,1.0
13179,1.0
13180,0.9978666666666667
13181,0.9989333333333332
13182,1.0
13183,1.0
13184,1.0
13185,1.0
13186,1.0
13187,1.0
13188,0.9995499999999999
13189,0.7725655864946885
13190,0.46728709002555724
13191,1.0
13192,0.7073450053214762
13193,0.9969190476190477
13194,0.9972721500721501
13195,0.6014640365654299
13196,1.0
13197,0.9647323343323344
13198,0.6565095167560341
13199,0.9291969780219779
13200,1.0
13201,1.0
13202,1.0
13203,1.0
13204,1.0
13205,1.0
13206,1.0
13207,1.0
13208,0.9994
13209,1.0
13210,1.0
13211,1.0
13212,1.0
13213,1.0
13214,0.8900487233354877
13215,0.9753416194916195
13216,1.0
13217,1.0
13218,1.0
13219,1.0
13220,1.0
13221,0.9996666666666666
13222,1.0
13223,0.992771212121212
13224,0.9994285714285714
13225,1.0
13226,0.9901692640692639
13227,0.6596803023865452
13228,0.9635319989951571
13229,0.9226320124320126
13230,1.0
13231,1.0
13232,0.99616341991342
13233,0.9997777777777779
13234,1.0
13235,1.0
13236,1.0
13237,0.9981810744810746
13238,0.999
13239,1.0
13240,1.0
13241,1.0
13242,1.0
13243,1.0
13244,1.0
13245,0.9972166666666669
13246,0.9865254773004775
13247,0.2649804056968145
13248,0.9986909090909092
13249,1.0
13250,0.11177411640646942
13251,1.0
13252,1.0
13253,0.9987912087912088
13254,0.9690770006137649
13255,1.0
13256,0.99975
13257,0.9864457251898427
13258,0.9781272684831509
13259,1.0
13260,1.0
13261,0.8142591411426557
13262,0.9982404040404039
13263,1.0
13264,1.0
13265,0.9977047397047397
13266,1.0
13267,0.6100540516672873
13268,0.5502680233343277
13269,1.0
13270,1.0
13271,0.9991666666666666
13272,0.9976263736263736
13273,1.0
13274,0.9990119047619048
13275,1.0
13276,1.0
13277,1.0
13278,0.9976595238095238
13279,0.9983333333333333
13280,1.0
13281,0.9979841269841269
13282,0.9972575396825399
13283,1.0
13284,0.9886442916560563
13285,1.0
13286,0.9588232434232435
13287,1.0
13288,1.0
13289,0.9986730769230769
13290,0.9481731392790217
13291,0.9996666666666666
13292,0.9993142857142857
13293,1.0
13294,1.0
13295,1.0
13296,1.0
13297,0.8884286623507214
13298,0.9998333333333332
13299,0.9945706349206349
13300,0.44408628822158225
13301,0.9993333333333334
13302,0.993624111999112
13303,1.0
13304,0.9984666666666667
13305,0.9984587301587301
13306,1.0
13307,0.979323482073482
13308,0.9991111111111111
13309,0.9971999999999999
13310,1.0
13311,0.9991809523809524
13312,0.9995555555555555
13313,0.9978
13314,0.9901066433566433
13315,1.0
13316,0.99925
13317,0.9193529299132241
13318,0.9951399267399267
13319,0.9991031746031747
13320,0.9938082548170782
13321,1.0
13322,1.0
13323,0.9821137418137417
13324,0.9828217896482601
13325,0.99925
13326,0.99925
13327,0.8651288370556178
13328,1.0
13329,0.3249174603174603
13330,1.0
13331,0.9996363636363637
13332,1.0
13333,1.0
13334,1.0
13335,0.9992333333333333
13336,1.0
13337,0.9897334267040149
13338,0.9053412894295244
13339,1.0
13340,0.9669313640607757
13341,0.9943944444444445
13342,1.0
13343,1.0
13344,1.0
13345,1.0
13346,1.0
13347,1.0
13348,1.0
13349,1.0
13350,1.0
13351,0.7080208645538849
13352,1.0
13353,1.0
13354,1.0
13355,1.0
13356,1.0
13357,1.0
13358,0.9964431818181819
13359,0.9535917360417357
13360,1.0
13361,1.0
13362,1.0
13363,0.9913637085137084
13364,1.0
13365,1.0
13366,0.5891481684723945
13367,1.0
13368,1.0
13369,1.0
13370,1.0
13371,1.0
13372,1.0
13373,1.0
13374,1.0
13375,0.9928338217338215
13376,0.9851761294261292
13377,0.9996666666666666
13378,1.0
13379,0.9774167332667332
13380,0.9998181818181817
13381,1.0
13382,1.0
13383,0.989247236097236
13384,0.68264302977724
13385,1.0
13386,0.9957871572871573
13387,0.9937611971361973
13388,1.0
13389,0.9972136335886336
13390,0.7917343899564488
13391,0.9982536796536797
13392,0.8537049200111891
13393,0.9995476190476191
13394,0.9979273504273505
13395,1.0
13396,0.9972354978354978
13397,0.498723636159163
13398,0.9877584859584858
13399,1.0
13400,0.9696397648103532
13401,1.0
13402,1.0
13403,1.0
13404,0.5761441351132525
13405,0.9801999888999888
13406,1.0
13407,1.0
13408,0.9837840326340327
13409,0.949426977649114
13410,0.9984611111111112
13411,1.0
13412,1.0
13413,1.0
13414,1.0
13415,0.9997777777777779
13416,1.0
13417,1.0
13418,1.0
13419,1.0
13420,0.9747328261865409
13421,1.0
13422,0.99925
13423,1.0
13424,0.8181927983179538
13425,0.9997142857142858
13426,1.0
13427,1.0
13428,0.9762204281013106
13429,0.9996333333333334
13430,1.0
13431,0.9982031746031746
13432,0.9972978632478631
13433,1.0
13434,1.0
13435,0.9495643450117137
13436,1.0
13437,1.0
13438,1.0
13439,0.9825026029526029
13440,0.99975
13441,1.0
13442,1.0
13443,1.0
13444,0.9971742424242424
13445,0.9605720050417419
13446,0.999004761904762
13447,0.9537691062205768
13448,0.9750542411836531
13449,1.0
13450,0.99975
13451,0.11054102564102568
13452,1.0
13453,1.0
13454,1.0
13455,1.0
13456,1.0
13457,1.0
13458,1.0
13459,0.9932466366966367
13460,1.0
13461,1.0
13462,1.0
13463,1.0
13464,0.9964809523809524
13465,0.3270126984126985
13466,1.0
13467,0.9976984126984128
13468,1.0
13469,1.0
13470,0.9457385725385725
13471,1.0
13472,1.0
13473,1.0
13474,1.0
13475,0.9988253968253967
13476,1.0
13477,1.0
13478,0.9995128205128204
13479,1.0
13480,1.0
13481,1.0
13482,1.0
13483,1.0
13484,0.612839435521479
13485,0.6966431073828129
13486,0.9992051282051282
13487,1.0
13488,1.0
13489,1.0
13490,0.9841888249005897
13491,0.8506252942074455
13492,1.0
13493,1.0
13494,0.9131378045157459
13495,0.9916543706293707
13496,0.9991774042950513
13497,0.9990848484848484
13498,1.0
13499,1.0
13500,0.9996923076923078
13501,0.9973333333333334
13502,1.0
13503,1.0
13504,1.0
13505,0.9987604395604396
13506,0.975504725829726
13507,1.0
13508,0.4964814419842284
13509,0.9816895077145076
13510,1.0
13511,1.0
13512,0.9996
13513,0.99975
13514,0.9594595127095128
13515,1.0
13516,1.0
13517,0.9539963436889903
13518,0.9972000000000001
13519,0.9054407873172582
13520,1.0
13521,0.8635960101989514
13522,1.0
13523,0.9997777777777779
13524,1.0
13525,0.5520064268205135
13526,1.0
13527,0.9794498132586368
13528,0.9696033403730773
13529,1.0
13530,0.9301487318237316
13531,0.690540594939976
13532,0.9995555555555555
13533,1.0
13534,1.0
13535,0.9586639799742744
13536,0.7282677610744949
13537,1.0
13538,1.0
13539,1.0
13540,1.0
13541,0.9978452380952381
13542,0.7685099104799566
13543,0.9998461538461538
13544,1.0
13545,1.0
13546,0.9823971778221781
13547,1.0
13548,1.0
13549,1.0
13550,1.0
13551,1.0
13552,1.0
13553,1.0
13554,1.0
13555,1.0
13556,1.0
13557,0.6401099844599846
13558,1.0
13559,1.0
13560,0.94365226995227
13561,1.0
13562,1.0
13563,0.9933420634920636
13564,1.0
13565,0.8441581088845802
13566,1.0
13567,1.0
13568,0.99975
13569,0.42469459570357443
13570,1.0
13571,0.9960225885225885
13572,0.9429596348096346
13573,0.9339420079920083
13574,0.9995714285714286
13575,0.9464483914778035
13576,1.0
13577,1.0
13578,0.9974920634920635
13579,0.9998571428571429
13580,0.3341852105410931
13581,1.0
13582,1.0
13583,0.9992307692307693
13584,0.9830690476190476
13585,0.9995555555555555
13586,1.0
13587,1.0
13588,1.0
13589,0.476552733059854
13590,0.9964825396825397
13591,1.0
13592,1.0
13593,0.9962428571428571
13594,1.0
13595,0.9956088522588524
13596,0.8966723263664438
13597,0.9911331196581198
13598,1.0
13599,1.0
13600,0.9802664141414141
13601,1.0
13602,1.0
13603,0.9592201021201021
13604,1.0
13605,1.0
13606,0.9987309523809523
13607,0.99925
13608,0.9734509435009437
13609,1.0
13610,0.9997142857142857
13611,1.0
13612,0.9782000915750915
13613,1.0
13614,0.9306770285270285
13615,0.9856911976911976
13616,0.9982666666666667
13617,1.0
13618,1.0
13619,0.13292697596521127
13620,1.0
13621,0.9988571428571429
13622,1.0
13623,1.0
13624,0.9994545454545455
13625,1.0
13626,1.0
13627,0.9994333333333334
13628,0.9401096597846594
13629,1.0
13630,0.9996
13631,1.0
13632,0.9992000000000001
13633,1.0
13634,0.9483781912531916
13635,1.0
13636,0.9993333333333334
13637,1.0
13638,1.0
13639,1.0
13640,1.0
13641,1.0
13642,1.0
13643,1.0
13644,0.9900310911310912
13645,1.0
13646,0.9698151949357834
13647,1.0
13648,0.8184381164445107
13649,1.0
13650,1.0
13651,1.0
13652,1.0
13653,1.0
13654,0.9945375457875458
13655,0.9832447748158276
13656,1.0
13657,0.997047619047619
13658,1.0
13659,0.9964547619047619
13660,1.0
13661,0.22421838096543983
13662,0.9941278055278056
13663,0.9995999999999999
13664,1.0
13665,1.0
13666,0.8042511067020359
13667,1.0
13668,0.9426434620934625
13669,0.9964363636363636
13670,0.03177166167166168
13671,1.0
13672,1.0
13673,0.037080380730380724
13674,0.9768006382506385
13675,1.0
13676,1.0
13677,1.0
13678,1.0
13679,1.0
13680,1.0
13681,1.0
13682,0.9993128205128204
13683,0.999095238095238
13684,1.0
13685,1.0
13686,1.0
13687,1.0
13688,0.9921622655122655
13689,0.9998181818181818
13690,1.0
13691,0.8938469551690142
13692,0.8660276840468523
13693,0.9103886484860167
13694,0.9643262737262736
13695,0.964615431790432
13696,0.9808046110751995
13697,0.9962209956709955
13698,1.0
13699,1.0
13700,1.0
13701,0.1264503388768095
13702,1.0
13703,0.9380787503346328
13704,1.0
13705,1.0
13706,1.0
13707,0.9974428571428571
13708,0.9994285714285714
13709,0.9892703463203464
13710,1.0
13711,1.0
13712,1.0
13713,0.9984761904761905
13714,0.9197642052392048
13715,0.999095238095238
13716,0.6887479621170017
13717,0.9893353610441847
13718,1.0
13719,0.7738087823683029
13720,1.0
13721,0.1504229850215144
13722,1.0
13723,0.9964142857142857
13724,0.8904759377103808
13725,0.99975
13726,1.0
13727,0.5780556471392383
13728,1.0
13729,1.0
13730,1.0
13731,0.9538482234741522
13732,0.8283917453461567
13733,0.9981046897546897
13734,0.9887845174433408
13735,1.0
13736,1.0
13737,1.0
13738,0.6417458316193609
13739,0.9987272727272728
13740,0.808107957556719
13741,1.0
13742,0.9181678140486962
13743,1.0
13744,1.0
13745,0.9974030303030302
13746,1.0
13747,0.9934151942828414
13748,1.0
13749,1.0
13750,1.0
13751,0.9959521223874164
13752,1.0
13753,1.0
13754,0.6316683818675303
13755,1.0
13756,0.9993809523809523
13757,1.0
13758,0.9695983627483625
13759,1.0
13760,0.5944866264454499
13761,0.9935782106782106
13762,1.0
13763,1.0
13764,1.0
13765,1.0
13766,0.9181513431013429
13767,1.0
13768,1.0
13769,0.9995
13770,0.9860361658809027
13771,0.9997142857142857
13772,0.9994
13773,0.9817620333914454
13774,1.0
13775,0.99925
13776,1.0
13777,0.7987699586361353
13778,0.9708575024390818
13779,1.0
13780,0.9996666666666666
13781,0.9948810300810302
13782,0.9982539682539682
13783,0.7159502471599688
13784,0.21716522741963942
13785,0.8945924506865683
13786,1.0
13787,1.0
13788,0.9723859501609502
13789,1.0
13790,0.9313200468863782
13791,0.8777902482880041
13792,0.997616339869281
13793,1.0
13794,1.0
13795,0.4032667931741461
13796,1.0
13797,0.9958857142857144
13798,1.0
13799,1.0
13800,1.0
13801,1.0
13802,1.0
13803,0.8694351857550775
13804,1.0
13805,1.0
13806,1.0
13807,0.9986555555555555
13808,1.0
13809,0.9989769119769121
13810,1.0
13811,0.9865375957375958
13812,0.5039754594047164
13813,0.9905569264069263
13814,1.0
13815,1.0
13816,1.0
13817,1.0
13818,1.0
13819,1.0
13820,0.6925561425502601
13821,1.0
13822,0.9996
13823,0.9995
13824,0.8123954204034701
13825,0.9996
13826,1.0
13827,0.9987619047619049
13828,0.7955974848680731
13829,1.0
13830,1.0
13831,0.9911992313242314
13832,1.0
13833,0.99975
13834,1.0
13835,0.9947511377511378
13836,0.9996666666666667
13837,0.998969696969697
13838,1.0
13839,1.0
13840,1.0
13841,1.0
13842,0.9959428571428571
13843,1.0
13844,0.7181043392881626
13845,1.0
13846,1.0
13847,0.9988357642357643
13848,1.0
13849,0.4266802571181828
13850,0.9932727272727275
13851,0.9307659742218567
13852,0.17182786788375023
13853,1.0
13854,1.0
13855,1.0
13856,0.9985384615384615
13857,1.0
13858,0.938265037087096
13859,1.0
13860,0.999
13861,0.9997777777777779
13862,0.9978452380952381
13863,1.0
13864,0.9945031746031747
13865,0.9932348484848487
13866,0.9990444444444444
13867,1.0
13868,1.0
13869,1.0
13870,0.9838805305805308
13871,1.0
13872,1.0
13873,1.0
13874,1.0
13875,0.9996363636363637
13876,0.9881784770784771
13877,1.0
13878,1.0
13879,1.0
13880,0.9994285714285714
13881,0.9993846153846153
13882,1.0
13883,1.0
13884,0.9971253302253305
13885,0.9988214285714285
13886,1.0
13887,1.0
13888,1.0
13889,0.9933515873015875
13890,0.9771421189921191
13891,0.8614906044935452
13892,1.0
13893,0.9991111111111111
13894,1.0
13895,1.0
13896,1.0
13897,1.0
13898,1.0
13899,1.0
13900,0.9875301587301586
13901,0.99975
13902,1.0
13903,0.3822265628764077
13904,1.0
13905,0.9992000000000001
13906,1.0
13907,1.0
13908,0.9965225885225886
13909,0.949594372294372
13910,0.13083379153526223
13911,1.0
13912,1.0
13913,1.0
13914,0.9940826617826617
13915,1.0
13916,0.991961324786325
13917,1.0
13918,1.0
13919,1.0
13920,0.99895
13921,1.0
13922,1.0
13923,1.0
13924,0.3351364892417524
13925,1.0
13926,1.0
13927,1.0
13928,1.0
13929,0.968990155269567
13930,1.0
13931,0.9986810744810745
13932,1.0
13933,0.9751825319417425
13934,0.9994285714285714
13935,1.0
13936,1.0
13937,1.0
13938,1.0
13939,1.0
13940,1.0
13941,1.0
13942,1.0
13943,0.9732385078973312
13944,1.0
13945,0.8338033285771673
13946,1.0
13947,0.9972253968253968
13948,1.0
13949,0.9813743284493286
13950,1.0
13951,0.9994065934065935
13952,0.9861447385947385
13953,1.0
13954,1.0
13955,1.0
13956,1.0
13957,1.0
13958,1.0
13959,0.9992527472527474
13960,1.0
13961,1.0
13962,1.0
13963,1.0
13964,1.0
13965,0.9921085858585857
13966,0.9982273504273504
13967,0.9907434676434678
13968,1.0
13969,1.0
13970,1.0
13971,1.0
13972,0.9235585997336002
13973,1.0
13974,0.990440381840382
13975,0.9995777777777778
13976,0.9976730181583123
13977,1.0
13978,1.0
13979,0.8984811915208976
13980,1.0
13981,1.0
13982,0.9908506493506494
13983,0.7838124111268846
13984,0.9989166666666667
13985,0.9617069978267349
13986,1.0
13987,1.0
13988,1.0
13989,0.99117417027417
13990,0.9978656565656566
13991,0.9979761904761905
13992,1.0
13993,0.8422498427011578
13994,0.9985555555555555
13995,0.99905
13996,0.9941379176379177
13997,0.1069122576769636
13998,0.9884446380416971
13999,0.9991428571428571
14000,1.0
14001,0.9861434455894983
14002,1.0
14003,1.0
14004,1.0
14005,0.9997999999999999
14006,0.8945962206094563
14007,1.0
14008,1.0
14009,0.9739845376845375
14010,0.9993566433566433
14011,1.0
14012,1.0
14013,1.0
14014,0.051211722427898884
14015,1.0
14016,0.9214048590298591
14017,0.9997999999999999
14018,1.0
14019,1.0
14020,1.0
14021,1.0
14022,1.0
14023,0.9765003163503163
14024,1.0
14025,1.0
14026,1.0
14027,0.9839111111111113
14028,1.0
14029,0.9936665834165834
14030,0.8047710717387186
14031,1.0
14032,0.8192927547942254
14033,1.0
14034,1.0
14035,1.0
14036,0.975938987809576
14037,1.0
14038,1.0
14039,1.0
14040,0.9993
14041,0.1633331082316377
14042,1.0
14043,0.9861088134088134
14044,0.9731897733845104
14045,0.9834317752165275
14046,1.0
14047,0.9814523094552505
14048,1.0
14049,1.0
14050,0.9966666666666666
14051,1.0
14052,0.9978916666666667
14053,0.9934971861471862
14054,0.9991087301587301
14055,0.9969572510822511
14056,1.0
14057,1.0
14058,0.9992222222222221
14059,0.9997777777777779
14060,0.9964706349206349
14061,1.0
14062,0.9990940170940171
14063,0.9282449356199357
14064,1.0
14065,1.0
14066,1.0
14067,1.0
14068,1.0
14069,0.9995
14070,0.5386919025762674
14071,0.9950492340992342
14072,1.0
14073,0.996825396825397
14074,0.9889167277167278
14075,0.9935878066378067
14076,1.0
14077,1.0
14078,1.0
14079,1.0
14080,1.0
14081,1.0
14082,1.0
14083,1.0
14084,1.0
14085,1.0
14086,1.0
14087,1.0
14088,0.9060414527079391
14089,1.0
14090,1.0
14091,1.0
14092,0.9995
14093,1.0
14094,0.9972952380952381
14095,0.6475874891448423
14096,0.5324880042729884
14097,1.0
14098,0.99905
14099,0.8446199703890876
14100,1.0
14101,1.0
14102,0.9871529914529914
14103,1.0
14104,1.0
14105,1.0
14106,0.6186094225090354
14107,0.512532424068879
14108,1.0
14109,0.9875458541458542
14110,1.0
14111,1.0
14112,0.998511111111111
14113,0.9885515151515151
14114,0.7712530858555747
14115,1.0
14116,0.9997777777777779
14117,1.0
14118,1.0
14119,1.0
14120,0.9958440836940837
14121,1.0
14122,0.998967032967033
14123,1.0
14124,0.9991309523809524
14125,0.8524750610672434
14126,1.0
14127,1.0
14128,0.9813224469974473
14129,1.0
14130,1.0
14131,0.9970492063492064
14132,0.24627603670838957
14133,1.0
14134,1.0
14135,0.9185189554425622
14136,0.9895154234654235
14137,1.0
14138,1.0
14139,1.0
14140,0.8072231548293467
14141,1.0
14142,1.0
14143,1.0
14144,0.9991208791208791
14145,1.0
14146,1.0
14147,1.0
14148,0.15194201762289994
14149,0.9980555555555556
14150,0.9988051948051948
14151,0.9615430082988907
14152,1.0
14153,1.0
14154,1.0
14155,0.9990681818181819
14156,1.0
14157,1.0
14158,1.0
14159,0.9996923076923077
14160,0.9974484126984127
14161,0.9998461538461538
14162,0.8736987066854718
14163,1.0
14164,1.0
14165,0.9996
14166,0.9977528138528139
14167,1.0
14168,0.9980746531246532
14169,0.9407604269053962
14170,0.9990285714285715
14171,1.0
14172,0.9998181818181817
14173,1.0
14174,0.9962831168831168
14175,0.736147126076538
14176,0.6642286478227655
14177,1.0
14178,0.9997142857142858
14179,1.0
14180,1.0
14181,0.8816219141969138
14182,1.0
14183,1.0
14184,1.0
14185,1.0
14186,1.0
14187,1.0
14188,1.0
14189,0.9994285714285714
14190,0.9582438727938729
14191,0.9778690126866597
14192,0.4479226479451513
14193,1.0
14194,0.9798960317460318
14195,1.0
14196,0.26292072078248546
14197,0.9994920634920637
14198,0.9985936285936287
14199,0.9374834332334334
14200,1.0
14201,0.9992000000000001
14202,0.9994017094017094
14203,0.14736833444333453
14204,0.9955784992784994
14205,1.0
14206,1.0
14207,0.9855958747135215
14208,1.0
14209,1.0
14210,0.9997999999999999
14211,1.0
14212,1.0
14213,0.7956153498376408
14214,1.0
14215,1.0
14216,0.9956222222222222
14217,1.0
14218,0.998294017094017
14219,1.0
14220,1.0
14221,1.0
14222,1.0
14223,1.0
14224,0.9997999999999999
14225,1.0
14226,0.9754898601398604
14227,0.928624947274947
14228,0.9986991452991454
14229,1.0
14230,1.0
14231,0.9977273504273504
14232,0.8442985617323853
14233,0.3481184371184371
14234,1.0
14235,0.9990539682539683
14236,1.0
14237,0.9992857142857143
14238,0.9790039630304337
14239,1.0
14240,0.25855829191448393
14241,1.0
14242,1.0
14243,0.38139731020613415
14244,0.9981944444444446
14245,0.9912649961149962
14246,0.9947753968253968
14247,1.0
14248,0.9984444444444445
14249,1.0
14250,0.9919208291708291
14251,1.0
14252,0.4360621389338141
14253,0.9802094559035734
14254,1.0
14255,1.0
14256,1.0
14257,1.0
14258,1.0
14259,0.9998181818181818
14260,1.0
14261,1.0
14262,0.5868008751482434
14263,0.9993333333333334
14264,1.0
14265,0.3639410959955078
14266,0.9990952380952381
14267,0.7767354063892767
14268,1.0
14269,0.9996333333333334
14270,1.0
14271,1.0
14272,1.0
14273,0.968465578865579
14274,0.9905555333555333
14275,1.0
14276,0.9992727272727272
14277,0.8005018294656829
14278,1.0
14279,1.0
14280,1.0
14281,0.9961129509379512
14282,0.6172116344439877
14283,1.0
14284,1.0
14285,0.6370898666520964
14286,1.0
14287,0.898438647188725
14288,0.9938045815295815
14289,1.0
14290,1.0
14291,1.0
14292,1.0
14293,0.9963879426129425
14294,0.9866385697635698
14295,1.0
14296,1.0
14297,1.0
14298,1.0
14299,1.0
14300,0.9950546176046177
14301,1.0
14302,1.0
14303,0.9984095238095236
14304,0.9983452380952381
14305,1.0
14306,0.9983384615384615
14307,1.0
14308,1.0
14309,1.0
14310,1.0
14311,0.179314630398841
14312,0.9974126984126983
14313,1.0
14314,1.0
14315,0.9997777777777779
14316,1.0
14317,1.0
14318,1.0
14319,0.9951489177489178
14320,1.0
14321,1.0
14322,1.0
14323,0.4561253404747989
14324,0.9751086829836828
14325,1.0
14326,1.0
14327,1.0
14328,0.9363786324786324
14329,1.0
14330,1.0
14331,1.0
14332,0.9768566592763964
14333,0.9875915861915863
14334,1.0
14335,1.0
14336,0.9276164936370818
14337,0.44160997140973945
14338,1.0
14339,0.9987394957983193
14340,0.9891420912420913
14341,0.9996666666666666
14342,1.0
14343,1.0
14344,0.968990155269567
14345,0.9867114774114775
14346,1.0
14347,1.0
14348,1.0
14349,0.9669814296814299
14350,0.9858803258145364
14351,1.0
14352,0.9975873015873016
14353,1.0
14354,1.0
14355,0.9996
14356,0.8939143545996493
14357,0.9996666666666667
14358,0.9503508769008767
14359,0.9994285714285714
14360,1.0
14361,1.0
14362,1.0
14363,1.0
14364,1.0
14365,1.0
14366,0.9985700854700855
14367,0.9984452380952381
14368,0.9949230658230658
14369,1.0
14370,0.232634451822687
14371,1.0
14372,1.0
14373,1.0
14374,0.7925075785583529
14375,1.0
14376,1.0
14377,1.0
14378,1.0
14379,1.0
14380,1.0
14381,1.0
14382,0.994081240981241
14383,0.9990141414141414
14384,1.0
14385,0.9909350100879515
14386,1.0
14387,1.0
14388,0.9838087301587298
14389,0.9992142857142856
14390,0.9974012903762903
14391,0.9981556776556777
14392,1.0
14393,1.0
14394,0.9350390322096203
14395,0.999
14396,0.9998461538461538
14397,0.9979162393162393
14398,1.0
14399,1.0
14400,1.0
14401,0.9897465756465756
14402,1.0
14403,0.6224284715766574
14404,1.0
14405,1.0
14406,1.0
14407,1.0
14408,0.9987142857142858
14409,0.274818833943834
14410,0.697405070926665
14411,1.0
14412,0.9687162257676963
14413,1.0
14414,1.0
14415,1.0
14416,1.0
14417,1.0
14418,1.0
14419,0.9981031746031747
14420,1.0
14421,1.0
14422,0.9447453206923796
14423,1.0
14424,0.9996
14425,0.9930415750915752
14426,1.0
14427,1.0
14428,0.9471765456765455
14429,0.3452227106227107
14430,0.9979761904761905
14431,1.0
14432,0.9966501720501719
14433,1.0
14434,1.0
14435,1.0
14436,1.0
14437,1.0
14438,0.2740240355533698
14439,1.0
14440,0.9949222943722943
14441,0.93460650117856
14442,0.9997142857142857
14443,1.0
14444,1.0
14445,0.820276760391311
14446,0.9951230935730936
14447,1.0
14448,1.0
14449,0.9687750935339171
14450,1.0
14451,0.7158481311116458
14452,1.0
14453,1.0
14454,1.0
14455,0.9817731049652101
14456,0.9987999999999999
14457,1.0
14458,1.0
14459,1.0
14460,0.9975333333333334
14461,1.0
14462,0.9740680097680098
14463,0.9752408036408036
14464,1.0
14465,0.9992142857142856
14466,0.9884398962148963
14467,0.9931878676878678
14468,0.7289612174061565
14469,1.0
14470,0.9901224556489262
14471,1.0
14472,1.0
14473,1.0
14474,0.9995555555555555
14475,0.9735204906204905
14476,1.0
14477,0.9998333333333334
14478,0.9997142857142858
14479,1.0
14480,1.0
14481,1.0
14482,1.0
14483,1.0
14484,0.9997142857142858
14485,1.0
14486,1.0
14487,0.8787504554269258
14488,1.0
14489,1.0
14490,0.9979095238095238
14491,0.9950325396825397
14492,1.0
14493,1.0
14494,0.7698211952229881
14495,0.5236130053469062
14496,1.0
14497,1.0
14498,0.9968214285714285
14499,0.9993333333333334
14500,1.0
14501,1.0
14502,0.796606697877286
14503,1.0
14504,1.0
14505,1.0
14506,1.0
14507,1.0
14508,1.0
14509,0.9810246625923097
14510,0.9892339438339437
14511,0.9998181818181817
14512,1.0
14513,0.9996
14514,0.995995670995671
14515,0.9996
14516,1.0
14517,0.9877614052614054
14518,1.0
14519,0.9992051282051282
14520,1.0
14521,1.0
14522,1.0
14523,0.9992833333333333
14524,0.9956380952380952
14525,1.0
14526,1.0
14527,1.0
14528,1.0
14529,1.0
14530,1.0
14531,1.0
14532,0.9632308547661488
14533,0.7054593574725923
14534,0.3444440249293191
14535,1.0
14536,1.0
14537,0.9996923076923077
14538,0.9991833333333334
14539,1.0
14540,1.0
14541,1.0
14542,0.9977737373737374
14543,1.0
14544,0.9979285714285715
14545,1.0
14546,0.9823838217338214
14547,0.9001518312879895
14548,1.0
14549,1.0
14550,1.0
14551,0.9979753968253968
14552,1.0
14553,0.9811775308025308
14554,0.988366206016206
14555,1.0
14556,0.9996666666666666
14557,1.0
14558,1.0
14559,0.663685647909023
14560,0.9996923076923078
14561,1.0
14562,1.0
14563,0.8248381862547501
14564,1.0
14565,1.0
14566,1.0
14567,1.0
14568,1.0
14569,0.9983104395604395
14570,0.47979481518653333
14571,1.0
14572,1.0
14573,1.0
14574,1.0
14575,1.0
14576,1.0
14577,0.9989999999999999
14578,1.0
14579,1.0
14580,0.9835997893059815
14581,0.9997142857142858
14582,1.0
14583,1.0
14584,1.0
14585,0.7160135274082644
14586,1.0
14587,0.9228026862026861
14588,1.0
14589,1.0
14590,0.9909031746031747
14591,1.0
14592,1.0
14593,0.8987577172827173
14594,0.9862313630813628
14595,1.0
14596,0.9969333333333334
14597,0.6982337155190871
14598,0.08463788874524168
14599,1.0
14600,0.8928082301685238
14601,0.303408852748559
14602,0.9132409368667108
14603,0.993945670995671
14604,0.9982777777777778
14605,1.0
14606,0.9989747252747254
14607,1.0
14608,0.93371733707469
14609,1.0
14610,0.5219444402003228
14611,1.0
14612,1.0
14613,1.0
14614,0.9985833333333333
14615,0.8983661301661301
14616,1.0
14617,1.0
14618,0.4421967605870831
14619,1.0
14620,0.9992923076923078
14621,1.0
14622,1.0
14623,1.0
14624,0.9997142857142857
14625,0.9968949494949495
14626,0.8759649233377562
14627,1.0
14628,0.9971892551892553
14629,0.9992363636363637
14630,0.9905555333555333
14631,1.0
14632,0.9969656641604008
14633,1.0
14634,0.8125058069982997
14635,1.0
14636,0.9129403344419597
14637,1.0
14638,0.9997777777777779
14639,1.0
14640,1.0
14641,0.9984493284493283
14642,0.5031684991393198
14643,0.9817033189033189
14644,1.0
14645,1.0
14646,1.0
14647,0.9879108989050166
14648,1.0
14649,1.0
14650,1.0
14651,0.9979470695970696
14652,1.0
14653,0.9995
14654,0.5839891412938624
14655,0.9995
14656,1.0
14657,1.0
14658,1.0
14659,0.9994285714285714
14660,1.0
14661,1.0
14662,1.0
14663,0.8234479665415424
14664,1.0
14665,1.0
14666,0.581446451261157
14667,0.9719164224664224
14668,0.9640261995400542
14669,0.99975
14670,0.9996
14671,1.0
14672,1.0
14673,1.0
14674,0.918397900955254
14675,1.0
14676,1.0
14677,1.0
14678,1.0
14679,0.99975
14680,0.9988
14681,1.0
14682,1.0
14683,1.0
14684,0.9505563214563215
14685,1.0
14686,1.0
14687,0.9632144928600809
14688,1.0
14689,1.0
14690,1.0
14691,1.0
14692,1.0
14693,0.9984166666666667
14694,0.9996
14695,1.0
14696,1.0
14697,0.8407138609326691
14698,0.9825605255855254
14699,0.9893237180432226
14700,1.0
14701,1.0
14702,0.8667556164595634
14703,1.0
14704,0.9974285714285714
14705,1.0
14706,0.99925
14707,1.0
14708,1.0
14709,0.993130796980797
14710,0.9992051282051282
14711,0.365803734155422
14712,0.9977307692307693
14713,0.9960868686868687
14714,1.0
14715,1.0
14716,1.0
14717,0.41412010905331353
14718,0.9765001803751802
14719,0.9845869602619602
14720,1.0
14721,0.7397681608152201
14722,0.9982092352092352
14723,1.0
14724,1.0
14725,1.0
14726,1.0
14727,0.9935324675324675
14728,0.5297838373185122
14729,1.0
14730,1.0
14731,1.0
14732,0.9730508269508275
14733,1.0
14734,0.14615871315646867
14735,0.6947850326831749
14736,0.9845876323396919
14737,1.0
14738,1.0
14739,1.0
14740,0.3975279785573902
14741,1.0
14742,1.0
14743,0.994413000888001
14744,0.922842238755397
14745,1.0
14746,1.0
14747,1.0
14748,1.0
14749,1.0
14750,1.0
14751,0.5765404389298354
14752,1.0
14753,1.0
14754,1.0
14755,0.9996363636363637
14756,0.9412662491103668
14757,1.0
14758,1.0
14759,1.0
14760,0.9989388888888889
14761,1.0
14762,1.0
14763,1.0
14764,1.0
14765,1.0
14766,1.0
14767,0.9552928924017162
14768,1.0
14769,1.0
14770,1.0
14771,0.9998181818181818
14772,1.0
14773,0.9977222222222223
14774,1.0
14775,0.9914554168054169
14776,0.38945790669598723
14777,1.0
14778,0.9925507270507271
14779,1.0
14780,1.0
14781,1.0
14782,1.0
14783,1.0
14784,0.9994285714285714
14785,0.8177756362660386
14786,0.9993809523809523
14787,0.997534632034632
14788,1.0
14789,0.8955093618799502
14790,1.0
14791,1.0
14792,1.0
14793,0.993908166833167
14794,1.0
14795,0.9018177193721307
14796,1.0
14797,0.9976185481185481
14798,1.0
14799,0.998057142857143
14800,1.0
14801,0.36594879706636707
14802,0.8962045860152026
14803,0.9990285714285715
14804,1.0
14805,0.9975940170940171
14806,1.0
14807,1.0
14808,0.9997142857142858
14809,1.0
14810,0.9960311965811965
14811,1.0
14812,0.9984460784313725
14813,1.0
14814,0.15950881096028158
14815,1.0
14816,1.0
14817,1.0
14818,1.0
14819,0.9997142857142857
14820,1.0
14821,1.0
14822,0.9772756632256633
14823,1.0
14824,0.5475692321266626
14825,1.0
14826,0.9680305483989695
14827,0.3944617320501997
14828,1.0
14829,1.0
14830,1.0
14831,1.0
14832,1.0
14833,0.6678461555128736
14834,0.4428520986323618
14835,1.0
14836,0.999
14837,0.9910162726162725
14838,0.9960828643578645
14839,1.0
14840,1.0
14841,1.0
14842,1.0
14843,1.0
14844,1.0
14845,1.0
14846,1.0
14847,1.0
14848,0.9873451451798974
14849,0.9647219505984215
14850,1.0
14851,1.0
14852,0.9992747252747253
14853,1.0
14854,0.994611038961039
14855,1.0
14856,0.9534322421043011
14857,0.5163559312290738
14858,1.0
14859,1.0
14860,0.9655700271950276
14861,0.9386563936063935
14862,1.0
14863,0.6827765092148995
14864,1.0
14865,0.9847991214667686
14866,1.0
14867,1.0
14868,1.0
14869,1.0
14870,1.0
14871,0.9977581085581085
14872,1.0
14873,1.0
14874,1.0
14875,1.0
14876,0.9998461538461538
14877,0.9792752794591031
14878,1.0
14879,0.9922669996669996
14880,0.8854708965441164
14881,1.0
14882,0.9659095848595849
14883,0.99915
14884,0.9497602163917959
14885,1.0
14886,0.7542395134277484
14887,0.5031434159665583
14888,0.9859960317460317
14889,0.9996
14890,1.0
14891,1.0
14892,0.2703236696739794
14893,1.0
14894,0.9992628205128206
14895,0.998
14896,1.0
14897,0.7547589273901194
14898,0.8900762773690016
14899,0.9370611999111997
14900,1.0
14901,0.9883164048369931
14902,0.9961834415584415
14903,1.0
14904,0.9977460317460317
14905,0.9557610809125513
14906,1.0
14907,1.0
14908,1.0
14909,0.5453960543756208
14910,1.0
14911,0.9922231049995756
14912,1.0
14913,1.0
14914,0.9998333333333334
14915,1.0
14916,0.9994074675324677
14917,0.9984194139194138
14918,1.0
14919,0.991650616050616
14920,1.0
14921,0.6603352941123808
14922,0.633504815351487
14923,1.0
14924,0.9221727060521181
14925,1.0
14926,0.9600174110203524
14927,0.9996666666666666
14928,1.0
14929,0.1452584488610805
14930,0.9605191891441889
14931,0.980197186147186
14932,1.0
14933,0.9911236652236651
14934,0.9986095238095238
14935,1.0
14936,1.0
14937,1.0
14938,0.9981161172161174
14939,0.9987142857142858
14940,0.6614388677627833
14941,1.0
14942,1.0
14943,1.0
14944,1.0
14945,1.0
14946,0.9997777777777779
14947,1.0
14948,0.9987999999999999
14949,1.0
14950,0.9811651085498609
14951,1.0
14952,1.0
14953,0.9994285714285714
14954,1.0
14955,1.0
14956,0.9987899012751955
14957,0.6491530059809466
14958,0.8672320094937742
14959,0.9923487012987012
14960,1.0
14961,1.0
14962,0.9997777777777779
14963,1.0
14964,1.0
14965,1.0
14966,0.09704752163041637
14967,1.0
14968,0.9868877809325178
14969,0.779757113474761
14970,0.9961355699855698
14971,0.9996666666666666
14972,0.7401711543788175
14973,1.0
14974,1.0
14975,0.9991846153846153
14976,0.994277344877345
14977,1.0
14978,1.0
14979,1.0
14980,0.925404641763465
14981,0.9965126262626263
14982,1.0
14983,1.0
14984,0.9861874098124099
14985,0.6464732458631841
14986,0.9988333333333334
14987,0.957334738627386
14988,1.0
14989,0.9957805194805195
14990,1.0
14991,1.0
14992,0.9991111111111111
14993,1.0
14994,1.0
14995,0.07441780066338889
14996,0.978665329115329
14997,0.9745703490953491
14998,1.0
14999,0.99925
15000,0.9997142857142857
15001,1.0
15002,1.0
15003,1.0
15004,0.9828799866799867
15005,0.991912284937285
15006,1.0
15007,1.0
15008,1.0
15009,0.9993461538461538
15010,1.0
15011,0.9866487734487736
15012,1.0
15013,1.0
15014,0.9804016641854878
15015,0.9724047175047174
15016,0.9761612909965851
15017,1.0
15018,1.0
15019,0.9810222166722166
15020,1.0
15021,1.0
15022,1.0
15023,0.9989111111111111
15024,1.0
15025,0.9994
15026,0.9977083333333334
15027,0.28133771848539374
15028,1.0
15029,0.9991666666666668
15030,1.0
15031,1.0
15032,0.9949350427350427
15033,1.0
15034,0.9900750249750249
15035,1.0
15036,1.0
15037,0.9996666666666666
15038,1.0
15039,0.99925
15040,1.0
15041,1.0
15042,0.9888235307176484
15043,1.0
15044,1.0
15045,0.9400069548958094
15046,0.9334499634352574
15047,1.0
15048,1.0
15049,1.0
15050,0.9980822344322345
15051,0.8834694901331896
15052,1.0
15053,1.0
15054,1.0
15055,1.0
15056,0.8928112108479752
15057,1.0
15058,1.0
15059,1.0
15060,0.9750942501942502
15061,1.0
15062,1.0
15063,1.0
15064,1.0
15065,0.9966930291930294
15066,1.0
15067,0.9017417943167946
15068,0.9908329420579424
15069,0.9659856421356422
15070,0.5999765071959341
15071,1.0
15072,1.0
15073,0.7227316332360447
15074,1.0
15075,0.9977070707070707
15076,0.3433493303136492
15077,1.0
15078,1.0
15079,1.0
15080,0.9992727272727272
15081,0.9988095238095237
15082,0.09890997123791241
15083,1.0
15084,0.9996
15085,1.0
15086,0.9657010902839851
15087,1.0
15088,0.9997999999999999
15089,0.9995490196078431
15090,1.0
15091,0.8285284507975685
15092,0.7621184233035629
15093,1.0
15094,0.9916709595959597
15095,0.9057762902130548
15096,1.0
15097,1.0
15098,1.0
15099,1.0
15100,0.9982717532467533
15101,1.0
15102,0.996426984126984
15103,0.9991428571428571
15104,1.0
15105,1.0
15106,1.0
15107,1.0
15108,1.0
15109,0.9765196303696305
15110,0.9304077792005037
15111,0.8255872839578723
15112,0.9961922077922079
15113,1.0
15114,1.0
15115,1.0
15116,1.0
15117,0.998987012987013
15118,1.0
15119,1.0
15120,1.0
15121,0.9008412454418653
15122,1.0
15123,1.0
15124,1.0
15125,1.0
15126,0.9912584712672948
15127,1.0
15128,1.0
15129,0.9222274576730461
15130,1.0
15131,0.05352734536705123
15132,1.0
15133,0.973776506826507
15134,0.9855220021808258
15135,0.2400029984978904
15136,0.9945492063492062
15137,1.0
15138,1.0
15139,1.0
15140,1.0
15141,0.9937859668109669
15142,1.0
15143,0.9997142857142858
15144,1.0
15145,0.9931984626484627
15146,0.9997999999999999
15147,1.0
15148,1.0
15149,0.5901590375445436
15150,0.9810759371347609
15151,0.9982920634920636
15152,1.0
15153,1.0
15154,1.0
15155,1.0
15156,1.0
15157,1.0
15158,0.913656907634849
15159,1.0
15160,1.0
15161,1.0
15162,1.0
15163,0.8685164316076083
15164,1.0
15165,1.0
15166,0.9861715062715065
15167,0.9998181818181818
15168,0.9929098235098237
15169,0.6410046603379425
15170,0.9991428571428571
15171,1.0
15172,0.8933926681591535
15173,1.0
15174,1.0
15175,0.6603061194653296
15176,1.0
15177,1.0
15178,1.0
15179,0.99975
15180,0.9993333333333334
15181,1.0
15182,1.0
15183,0.9828531912531914
15184,1.0
15185,1.0
15186,1.0
15187,1.0
15188,1.0
15189,1.0
15190,1.0
15191,0.9984928571428572
15192,0.995978021978022
15193,1.0
15194,0.9968001998002
15195,1.0
15196,1.0
15197,1.0
15198,1.0
15199,0.8797391809171218
15200,1.0
15201,1.0
15202,0.9986333333333334
15203,0.37984113737140035
15204,0.9304819458319455
15205,1.0
15206,0.9981984126984128
15207,1.0
15208,1.0
15209,0.9350810973340388
15210,0.9960122230710466
15211,1.0
15212,1.0
15213,1.0
15214,1.0
15215,1.0
15216,0.6848866336020362
15217,1.0
15218,1.0
15219,1.0
15220,0.9990808080808081
15221,1.0
15222,0.9476843489843491
15223,1.0
15224,1.0
15225,0.9925479409479406
15226,1.0
15227,0.8657904282078428
15228,0.8941248241954123
15229,0.9996515151515152
15230,1.0
15231,1.0
15232,0.99975
15233,1.0
15234,0.98874883286648
15235,0.9960441558441557
15236,1.0
15237,1.0
15238,1.0
15239,1.0
15240,1.0
15241,0.9992000000000001
15242,0.9624441169941171
15243,1.0
15244,1.0
15245,0.9423053717524305
15246,1.0
15247,0.9939956709956711
15248,1.0
15249,1.0
15250,0.7411764464637538
15251,1.0
15252,1.0
15253,0.7024063818534408
15254,1.0
15255,0.9997142857142857
15256,1.0
15257,0.9918827228327229
15258,0.9988928571428571
15259,1.0
15260,0.9632410783660782
15261,1.0
15262,0.9032753346069143
15263,0.9983452380952381
15264,0.9992000000000001
15265,0.9302220025072963
15266,1.0
15267,1.0
15268,1.0
15269,1.0
15270,0.8808604457633874
15271,1.0
15272,1.0
15273,0.5968703692334494
15274,1.0
15275,1.0
15276,1.0
15277,1.0
15278,0.9994285714285714
15279,1.0
15280,1.0
15281,0.9520765282103518
15282,1.0
15283,1.0
15284,1.0
15285,0.9997999999999999
15286,1.0
15287,0.6704256023388373
15288,1.0
15289,0.9981388888888889
15290,0.9984689754689755
15291,0.5185208908738317
15292,1.0
15293,1.0
15294,1.0
15295,1.0
15296,1.0
15297,1.0
15298,1.0
15299,1.0
15300,0.9996
15301,0.998498656898657
15302,1.0
15303,0.9983627450980391
15304,1.0
15305,1.0
15306,0.9179021227138877
15307,0.9995
15308,1.0
15309,1.0
15310,0.9986285714285715
15311,0.987664935064935
15312,0.7994339297097812
15313,1.0
15314,1.0
15315,0.6442370885048905
15316,0.6290299752449134
15317,0.681519766522196
15318,0.9989166666666667
15319,0.9898423605805958
15320,1.0
15321,0.9930854332801702
15322,1.0
15323,1.0
15324,0.9842473637473637
15325,0.998375641025641
15326,1.0
15327,0.9997777777777779
15328,0.9992727272727272
15329,1.0
15330,0.9936027777777777
15331,0.9924355996944231
15332,0.9961751803751804
15333,0.39293426384417074
15334,1.0
15335,1.0
15336,1.0
15337,0.9498456598956598
15338,1.0
15339,0.7818605269085919
15340,0.9990909090909091
15341,0.46583398679064336
15342,0.997576911976912
15343,1.0
15344,0.9996643356643357
15345,1.0
15346,0.9975752136752136
15347,0.9938793040293041
15348,0.9989285714285715
15349,0.8886400088473618
15350,0.9793106969054337
15351,0.9961860805860805
15352,1.0
15353,1.0
15354,1.0
15355,1.0
15356,1.0
15357,1.0
15358,0.9516670468420465
15359,0.9997142857142858
15360,1.0
15361,0.5404531773867687
15362,0.9998181818181818
15363,1.0
15364,1.0
15365,1.0
15366,1.0
15367,0.9997142857142857
15368,1.0
15369,1.0
15370,0.9975069985569985
15371,0.9501423021423019
15372,1.0
15373,1.0
15374,0.9936598162071847
15375,1.0
15376,1.0
15377,0.99711452991453
15378,0.2369864316540014
15379,0.9992051282051282
15380,1.0
15381,1.0
15382,0.6863915750915747
15383,0.9978021978021978
15384,0.9970967532467532
15385,0.9939677527151214
15386,0.9990444444444445
15387,0.9967833333333334
15388,0.8756151871004816
15389,1.0
15390,0.7647621988778328
15391,1.0
15392,1.0
15393,1.0
15394,0.6599346630493689
15395,1.0
15396,1.0
15397,1.0
15398,1.0
15399,1.0
15400,1.0
15401,1.0
15402,1.0
15403,1.0
15404,1.0
15405,1.0
15406,0.9959214285714287
15407,0.2174153960848235
15408,0.8867923558467681
15409,1.0
15410,1.0
15411,1.0
15412,0.7521416736857914
15413,0.9959035714285714
15414,0.9334926277828451
15415,1.0
15416,1.0
15417,1.0
15418,0.9993333333333333
15419,1.0
15420,1.0
15421,1.0
15422,1.0
15423,0.9984273504273503
15424,0.9322331696081695
15425,1.0
15426,1.0
15427,1.0
15428,0.9979792929292929
15429,1.0
15430,1.0
15431,0.9982388167388168
15432,1.0
15433,1.0
15434,1.0
15435,1.0
15436,0.9996
15437,0.1481719346013464
15438,1.0
15439,0.9991333333333333
15440,1.0
15441,0.9993777777777778
15442,1.0
15443,1.0
15444,1.0
15445,0.9984476190476191
15446,0.9986373626373627
15447,0.9894805194805195
15448,1.0
15449,0.9975389610389611
15450,1.0
15451,0.7200498577789601
15452,0.9283356476856477
15453,0.9995
15454,0.846868066662851
15455,0.9998333333333334
15456,1.0
15457,0.1157050859271448
15458,0.9968885281385282
15459,1.0
15460,1.0
15461,0.9789993728493731
15462,1.0
15463,1.0
15464,0.9912419267007504
15465,0.9158067280758458
15466,1.0
15467,1.0
15468,1.0
15469,0.987098568098568
15470,0.9978420634920634
15471,0.25998809523809524
15472,1.0
15473,0.9995384615384616
15474,1.0
15475,1.0
15476,1.0
15477,1.0
15478,1.0
15479,0.9986253968253967
15480,1.0
15481,0.9993333333333334
15482,1.0
15483,0.9381402143608029
15484,0.7974135655194471
15485,1.0
15486,1.0
15487,0.9902864774114776
15488,0.99975
15489,0.9575330253080253
15490,0.9536949494949496
15491,1.0
15492,1.0
15493,1.0
15494,0.9638670650986443
15495,0.9924048618048618
15496,0.8619138366535423
15497,1.0
15498,0.9998333333333332
15499,1.0
15500,1.0
15501,1.0
15502,1.0
15503,1.0
15504,0.9927114774114774
15505,1.0
15506,0.9874573704073706
15507,1.0
15508,0.9998333333333334
15509,1.0
15510,1.0
15511,1.0
15512,0.934530720715473
15513,1.0
15514,0.9992727272727272
15515,1.0
15516,0.019721256521256517
15517,0.9975844155844157
15518,0.2934756883896977
15519,0.9970454545454545
15520,1.0
15521,0.9995476190476191
15522,0.973874056335821
15523,1.0
15524,0.9962811965811966
15525,1.0
15526,0.9973285714285713
15527,1.0
15528,0.9982000000000001
15529,1.0
15530,1.0
15531,1.0
15532,0.9946811244311246
15533,0.9998333333333334
15534,0.941163589506469
15535,0.589255820899087
15536,1.0
15537,0.8680035614024778
15538,1.0
15539,1.0
15540,1.0
15541,0.46238542486924866
15542,0.9899584464555053
15543,0.9994545454545455
15544,0.9997333333333334
15545,1.0
15546,1.0
15547,1.0
15548,0.9953515873015872
15549,0.9985757575757576
15550,0.8720125648087724
15551,0.9991428571428571
15552,1.0
15553,0.9543641306406014
15554,1.0
15555,1.0
15556,1.0
15557,1.0
15558,1.0
15559,0.9952919952596424
15560,0.9857954961704963
15561,1.0
15562,1.0
15563,1.0
15564,0.9894142031171441
15565,1.0
15566,0.6189007117065946
15567,0.9998181818181817
15568,1.0
15569,0.8588571406501092
15570,0.9998181818181818
15571,0.9337036760624993
15572,1.0
15573,1.0
15574,0.9612441156882338
15575,0.8762294992589111
15576,1.0
15577,1.0
15578,1.0
15579,1.0
15580,0.9994461538461539
15581,1.0
15582,0.9986309523809523
15583,1.0
15584,1.0
15585,1.0
15586,1.0
15587,1.0
15588,0.9995
15589,1.0
15590,0.5711236018883075
15591,0.9981961538461538
15592,0.99925
15593,0.9970142857142857
15594,0.27346600158527395
15595,0.9981209150326799
15596,1.0
15597,1.0
15598,1.0
15599,0.9806241341991343
15600,0.999
15601,0.9733033035591858
15602,0.9457834573922808
15603,1.0
15604,1.0
15605,1.0
15606,0.9986587301587301
15607,0.9998823529411764
15608,0.8217702815158695
15609,0.9977737373737374
15610,1.0
15611,1.0
15612,1.0
15613,0.9991428571428571
15614,1.0
15615,1.0
15616,0.989695238095238
15617,1.0
15618,1.0
15619,1.0
15620,1.0
15621,0.9996666666666666
15622,0.8530242591859463
15623,1.0
15624,1.0
15625,0.9988747252747253
15626,0.9965055555555555
15627,1.0
15628,1.0
15629,0.9939070707070708
15630,0.9952199633699632
15631,0.9925744866244866
15632,0.5226841532994008
15633,1.0
15634,0.8703595624705531
15635,1.0
15636,1.0
15637,0.9731697663447664
15638,0.988880645378014
15639,0.9371868464868462
15640,1.0
15641,0.9493057235248412
15642,0.9943129925629924
15643,0.9649265772239456
15644,0.9964478021978022
15645,1.0
15646,0.9992857142857142
15647,1.0
15648,1.0
15649,1.0
15650,0.07388347534818124
15651,0.9501836219336218
15652,0.008072878755231695
15653,1.0
15654,1.0
15655,1.0
15656,0.9623359255123961
15657,1.0
15658,1.0
15659,1.0
15660,0.9971030303030303
15661,1.0
15662,1.0
15663,0.9922199633699633
15664,0.9834996281496282
15665,1.0
15666,1.0
15667,0.9951489177489178
15668,1.0
15669,0.9909545751633986
15670,0.9996666666666666
15671,1.0
15672,1.0
15673,0.926534881295175
15674,0.2922464233135287
15675,1.0
15676,0.99975
15677,0.7818586960425199
15678,1.0
15679,1.0
15680,0.8383223466076405
15681,1.0
15682,1.0
15683,0.9707586733527912
15684,1.0
15685,1.0
15686,0.9997142857142858
15687,1.0
15688,1.0
15689,1.0
15690,0.9986666666666666
15691,1.0
15692,0.9997142857142857
15693,1.0
15694,0.998071794871795
15695,1.0
15696,0.9491860861360862
15697,1.0
15698,0.9982619047619047
15699,1.0
15700,0.9985700854700855
15701,1.0
15702,1.0
15703,0.9693863247863248
15704,0.9994444444444445
15705,1.0
15706,0.9995
15707,0.9983286713286712
15708,1.0
15709,1.0
15710,0.9972808080808081
15711,1.0
15712,1.0
15713,1.0
15714,0.9086935518471896
15715,1.0
15716,1.0
15717,0.9985026143790849
15718,1.0
15719,1.0
15720,1.0
15721,0.9932177045177047
15722,0.923834211866565
15723,1.0
15724,1.0
15725,0.9939244200244199
15726,1.0
15727,0.9086499222999226
15728,0.9995324675324675
15729,0.4380338054102759
15730,1.0
15731,1.0
15732,0.8814591403694346
15733,1.0
15734,0.9701374125874127
15735,1.0
15736,1.0
15737,0.9997777777777779
15738,1.0
15739,0.9994920634920635
15740,1.0
15741,0.9997999999999999
15742,1.0
15743,1.0
15744,1.0
15745,0.998813725490196
15746,1.0
15747,1.0
15748,0.6800071402453752
15749,1.0
15750,0.9985555555555555
15751,1.0
15752,0.9988571428571429
15753,1.0
15754,0.9996666666666666
15755,0.997969696969697
15756,1.0
15757,1.0
15758,1.0
15759,0.9845820901320901
15760,0.992852380952381
15761,1.0
15762,0.9978916666666666
15763,1.0
15764,0.6199122136893034
15765,0.9582348956598956
15766,0.9998181818181818
15767,1.0
15768,1.0
15769,1.0
15770,1.0
15771,1.0
15772,1.0
15773,1.0
15774,0.4931502459099206
15775,1.0
15776,0.9729140782420195
15777,1.0
15778,0.8536390158087523
15779,0.9629351370851371
15780,0.9449235914412386
15781,0.9995384615384616
15782,0.9871529914529914
15783,0.9992467532467533
15784,0.9879322399822403
15785,0.9995384615384616
15786,1.0
15787,0.9996666666666666
15788,0.9991644736842106
15789,1.0
15790,0.9989682539682541
15791,1.0
15792,1.0
15793,0.9988717948717949
15794,0.999
15795,1.0
15796,0.9971237373737373
15797,0.21282729035670223
15798,0.9992051282051282
15799,1.0
15800,1.0
15801,0.9733868768486418
15802,1.0
15803,0.9996666666666667
15804,0.9996666666666667
15805,1.0
15806,1.0
15807,0.9944324730824732
15808,1.0
15809,0.9971021942110176
15810,0.9955551781551781
15811,0.7614691695559342
15812,1.0
15813,1.0
15814,1.0
15815,1.0
15816,0.9993333333333334
15817,1.0
15818,1.0
15819,1.0
15820,1.0
15821,1.0
15822,0.9991111111111111
15823,1.0
15824,1.0
15825,0.995090331890332
15826,0.9542633539662956
15827,0.9952990016519427
15828,1.0
15829,1.0
15830,0.9992000000000001
15831,0.9234138634671143
15832,0.9858838383838383
15833,1.0
15834,0.9092982914230596
15835,0.9997777777777779
15836,0.9983030303030302
15837,0.9249830164245799
15838,0.9958884507649214
15839,1.0
15840,0.9984285714285714
15841,1.0
15842,1.0
15843,1.0
15844,1.0
15845,1.0
15846,1.0
15847,1.0
15848,0.9869108989050166
15849,0.99925
15850,0.9997142857142857
15851,1.0
15852,1.0
15853,1.0
15854,1.0
15855,1.0
15856,0.9995384615384616
15857,1.0
15858,1.0
15859,1.0
15860,0.9996470588235294
15861,1.0
15862,0.9799199855699856
15863,0.6866700937140366
15864,0.9849418767507002
15865,0.7684947147623616
15866,1.0
15867,1.0
15868,1.0
15869,0.9994545454545455
15870,0.9990461538461538
15871,0.9872506549006549
15872,1.0
15873,1.0
15874,1.0
15875,0.9991428571428571
15876,0.998897435897436
15877,0.999
15878,1.0
15879,1.0
15880,0.9923490917579153
15881,1.0
15882,0.9886316516816518
15883,0.9992000000000001
15884,0.2768587815693079
15885,1.0
15886,0.9994833333333334
15887,1.0
15888,1.0
15889,0.1755381177645884
15890,0.4867544616632075
15891,1.0
15892,0.9963261183261184
15893,1.0
15894,1.0
15895,1.0
15896,0.684271005258931
15897,1.0
15898,0.8828522394272394
15899,1.0
15900,1.0
15901,1.0
15902,1.0
15903,1.0
15904,1.0
15905,1.0
15906,1.0
15907,1.0
15908,1.0
15909,0.9983238095238095
15910,0.897247645045014
15911,1.0
15912,1.0
15913,1.0
15914,1.0
15915,1.0
15916,1.0
15917,1.0
15918,0.03954223276723277
15919,0.8917379142099733
15920,0.7410059164347864
15921,1.0
15922,1.0
15923,0.9995555555555555
15924,1.0
15925,1.0
15926,0.9994545454545455
15927,1.0
15928,1.0
15929,0.9912765567765567
15930,0.8977588686253545
15931,1.0
15932,1.0
15933,0.9934957847707849
15934,0.9864073149073147
15935,0.996859090909091
15936,0.9724821123321126
15937,1.0
15938,0.7923950350045554
15939,0.9271336175262649
15940,1.0
15941,1.0
15942,0.9998181818181818
15943,0.9980698412698413
15944,0.999875
15945,1.0
15946,1.0
15947,1.0
15948,1.0
15949,0.18803650124385424
15950,0.4758023630823938
15951,1.0
15952,1.0
15953,1.0
15954,0.9996666666666666
15955,0.7402248450723685
15956,1.0
15957,1.0
15958,0.9809179653679654
15959,1.0
15960,1.0
15961,1.0
15962,1.0
15963,1.0
15964,1.0
15965,0.6472799192293778
15966,1.0
15967,0.8723880397380397
15968,0.9970871572871574
15969,0.8979904825566589
15970,0.9968559218559219
15971,1.0
15972,1.0
15973,1.0
15974,1.0
15975,0.579836600491012
15976,0.9996
15977,0.9998947368421052
15978,0.9949904040404041
15979,1.0
15980,0.9990444444444445
15981,1.0
15982,1.0
15983,0.9994285714285714
15984,0.9994285714285714
15985,1.0
15986,1.0
15987,0.8538431379861068
15988,1.0
15989,1.0
15990,0.9980317460317459
15991,0.9950325396825397
15992,0.9985696969696971
15993,0.3569764864822145
15994,1.0
15995,0.9955230658230658
15996,1.0
15997,0.9571338016558607
15998,1.0
15999,1.0
16000,1.0
16001,0.9991111111111111
16002,0.9975920634920634
16003,1.0
16004,0.9365137403446226
16005,1.0
16006,1.0
16007,1.0
16008,1.0
16009,1.0
16010,1.0
16011,1.0
16012,0.8312902084843262
16013,1.0
16014,0.9989090909090909
16015,1.0
16016,0.9994285714285714
16017,0.9791053969422392
16018,0.9984919191919192
16019,0.9935419913419912
16020,1.0
16021,1.0
16022,1.0
16023,0.9877422188922188
16024,1.0
16025,0.9993142857142857
16026,1.0
16027,0.9963290043290043
16028,0.9994285714285714
16029,0.9994285714285714
16030,1.0
16031,1.0
16032,1.0
16033,0.8462772461198931
16034,0.9451268731268734
16035,1.0
16036,1.0
16037,0.892541148179306
16038,0.9996666666666666
16039,1.0
16040,0.9989666666666667
16041,1.0
16042,1.0
16043,0.6077623970800443
16044,0.9050722320163493
16045,1.0
16046,0.9984198412698413
16047,0.7867351918119725
16048,0.21971758241758238
16049,1.0
16050,1.0
16051,1.0
16052,0.9988585858585859
16053,0.9565322455322456
16054,0.9744177045177045
16055,1.0
16056,0.41575075414781304
16057,1.0
16058,0.9997142857142857
16059,0.9911355921855923
16060,0.9972357142857142
16061,1.0
16062,1.0
16063,1.0
16064,0.9992626262626264
16065,1.0
16066,0.8828679288032226
16067,0.9634828801917037
16068,0.9998333333333334
16069,1.0
16070,0.9961770757020757
16071,1.0
16072,1.0
16073,1.0
16074,0.7992847666781101
16075,1.0
16076,1.0
16077,1.0
16078,1.0
16079,0.9970822510822511
16080,0.9590409840159839
16081,0.945854320679321
16082,0.8727653258849849
16083,0.9987008547008547
16084,0.5776107694592993
16085,0.7274836407486569
16086,0.6876362067499071
16087,1.0
16088,0.9994545454545455
16089,1.0
16090,1.0
16091,1.0
16092,0.9995384615384616
16093,0.9997142857142857
16094,1.0
16095,1.0
16096,1.0
16097,1.0
16098,0.99975
16099,0.9931112193362194
16100,1.0
16101,1.0
16102,0.9837559662559662
16103,1.0
16104,0.2438174453341637
16105,0.9990909090909091
16106,0.9834087804352509
16107,1.0
16108,0.9996666666666667
16109,0.9996666666666666
16110,0.9996363636363637
16111,1.0
16112,1.0
16113,0.26637969693705
16114,1.0
16115,1.0
16116,0.9960122230710466
16117,0.9996666666666666
16118,1.0
16119,1.0
16120,1.0
16121,0.99975
16122,1.0
16123,1.0
16124,1.0
16125,0.9998181818181818
16126,0.9916961510711512
16127,1.0
16128,0.9905652014652013
16129,1.0
16130,0.9634614135864135
16131,1.0
16132,0.39540621758702266
16133,0.9438817515817516
16134,1.0
16135,1.0
16136,1.0
16137,0.9897755744255744
16138,0.99711452991453
16139,1.0
16140,1.0
16141,1.0
16142,1.0
16143,1.0
16144,0.9994545454545455
16145,1.0
16146,0.9994444444444445
16147,1.0
16148,0.9922509315847552
16149,1.0
16150,1.0
16151,1.0
16152,1.0
16153,1.0
16154,1.0
16155,0.9996666666666667
16156,0.9973382173382173
16157,1.0
16158,0.6857216598760716
16159,1.0
16160,1.0
16161,0.9994
16162,0.8366195293011088
16163,0.9997142857142857
16164,0.9731003795224383
16165,1.0
16166,1.0
16167,1.0
16168,1.0
16169,0.9994423076923077
16170,0.9884211941653117
16171,1.0
16172,0.9619626484626483
16173,0.9978083333333334
16174,0.9994545454545455
16175,1.0
16176,0.2692115732650564
16177,1.0
16178,1.0
16179,1.0
16180,0.9328806045261929
16181,1.0
16182,1.0
16183,1.0
16184,0.9931767353991038
16185,0.9997142857142858
16186,1.0
16187,0.5635073159009221
16188,1.0
16189,1.0
16190,0.9210394683747629
16191,1.0
16192,1.0
16193,1.0
16194,0.9995384615384616
16195,0.9987531024531024
16196,0.9995
16197,1.0
16198,0.23335641358985018
16199,0.9836513007460377
16200,1.0
16201,0.9960828643578645
16202,0.9858070984570984
16203,0.551531052281052
16204,0.9950601731601731
16205,0.48461191298381723
16206,1.0
16207,1.0
16208,1.0
16209,1.0
16210,0.998
16211,1.0
16212,1.0
16213,1.0
16214,1.0
16215,0.994336507936508
16216,1.0
16217,0.9862017188693659
16218,0.8920676724720069
16219,0.9932237288854936
16220,1.0
16221,1.0
16222,0.99775
16223,0.7263135655108565
16224,0.9988318295739348
16225,1.0
16226,1.0
16227,0.9996666666666666
16228,1.0
16229,1.0
16230,0.9901878787878786
16231,0.9990809523809522
16232,1.0
16233,0.9950801587301586
16234,1.0
16235,0.999875
16236,1.0
16237,1.0
16238,0.8278473677944773
16239,0.9982239316239316
16240,1.0
16241,0.9950325396825397
16242,1.0
16243,1.0
16244,0.9643012152879801
16245,1.0
16246,1.0
16247,0.9535114163614166
16248,1.0
16249,0.9952798618048616
16250,1.0
16251,1.0
16252,0.9853040320790322
16253,1.0
16254,1.0
16255,1.0
16256,0.9993333333333334
16257,1.0
16258,1.0
16259,0.8547532273282268
16260,0.9937221694971695
16261,0.9984181818181819
16262,0.6753167181287929
16263,0.8525887571241018
16264,1.0
16265,1.0
16266,1.0
16267,0.9808593267843267
16268,1.0
16269,1.0
16270,0.9960828643578645
16271,1.0
16272,1.0
16273,0.9996666666666667
16274,1.0
16275,0.9940851731601731
16276,0.959065401265401
16277,1.0
16278,1.0
16279,0.9996923076923077
16280,1.0
16281,0.9511173076923078
16282,1.0
16283,1.0
16284,1.0
16285,1.0
16286,0.9952976190476192
16287,1.0
16288,0.9949904040404041
16289,1.0
16290,1.0
16291,1.0
16292,1.0
16293,1.0
16294,1.0
16295,1.0
16296,1.0
16297,0.9912873015873015
16298,1.0
16299,0.9979671717171718
16300,1.0
16301,0.9890836219336221
16302,1.0
16303,1.0
16304,0.9981614035087719
16305,1.0
16306,1.0
16307,0.9964309990662932
16308,0.9163592379842385
16309,1.0
16310,0.9995384615384616
16311,0.09920834610006439
16312,0.9905598290598291
16313,0.885032225305243
16314,0.22345651015651044
16315,0.9996666666666667
16316,1.0
16317,1.0
16318,1.0
16319,1.0
16320,1.0
16321,0.9900195082695081
16322,1.0
16323,0.99975
16324,0.99975
16325,0.9997647058823529
16326,0.9992000000000001
16327,1.0
16328,1.0
16329,0.9990940170940171
16330,0.27936031746031753
16331,0.9972960372960372
16332,1.0
16333,1.0
16334,0.7904031046868507
16335,1.0
16336,0.9993392857142858
16337,1.0
16338,1.0
16339,0.9995555555555555
16340,0.18829488958753662
16341,1.0
16342,0.9996666666666666
16343,0.9192895053948461
16344,0.9726615911865912
16345,1.0
16346,1.0
16347,0.7812894993980908
16348,1.0
16349,1.0
16350,0.999
16351,0.997584681984682
16352,1.0
16353,0.6411004739074903
16354,1.0
16355,0.8966651878822934
16356,1.0
16357,0.9995555555555555
16358,0.9957233341821579
16359,1.0
16360,0.99925
16361,0.998361111111111
16362,0.9871263680763682
16363,1.0
16364,0.8433431013431018
16365,0.9975308080808081
16366,0.9996666666666667
16367,1.0
16368,1.0
16369,1.0
16370,0.9752661505161503
16371,0.98563545751634
16372,0.9975940170940171
16373,1.0
16374,1.0
16375,0.9989015151515152
16376,1.0
16377,0.998734126984127
16378,1.0
16379,1.0
16380,1.0
16381,1.0
16382,1.0
16383,1.0
16384,1.0
16385,0.9912260461760461
16386,1.0
16387,0.4029224136029091
16388,0.999
16389,1.0
16390,1.0
16391,0.9989769119769121
16392,0.9986984126984128
16393,0.7999319400156089
16394,1.0
16395,1.0
16396,0.9991142857142856
16397,1.0
16398,1.0
16399,1.0
16400,1.0
16401,0.9961292707292706
16402,0.9867747224997225
16403,1.0
16404,1.0
16405,0.26617234301646053
16406,1.0
16407,1.0
16408,1.0
16409,0.9996666666666666
16410,0.9793092379842381
16411,0.9994285714285714
16412,1.0
16413,0.9970165945165945
16414,0.9986984126984128
16415,1.0
16416,0.9298015623265627
16417,1.0
16418,0.9994920634920635
16419,1.0
16420,0.8107465221139375
16421,1.0
16422,1.0
16423,0.9998461538461538
16424,0.9855311708759076
16425,0.9995
16426,0.8279630883564317
16427,0.9960331168831168
16428,0.9983396825396826
16429,1.0
16430,0.9990555555555556
16431,0.9513987471678648
16432,0.9653054390054389
16433,0.9867553002553002
16434,1.0
16435,0.6800637674245262
16436,0.350152299721263
16437,0.9833707209457209
16438,1.0
16439,1.0
16440,1.0
16441,0.9950716450216449
16442,1.0
16443,1.0
16444,0.7104414227499368
16445,1.0
16446,1.0
16447,0.998904761904762
16448,1.0
16449,0.9957924297924298
16450,0.9976309523809523
16451,1.0
16452,0.9961363636363636
16453,0.9995
16454,0.9352863855099147
16455,1.0
16456,1.0
16457,1.0
16458,1.0
16459,0.9983825396825396
16460,1.0
16461,0.996953823953824
16462,1.0
16463,1.0
16464,0.6315802920505706
16465,0.8864340166885063
16466,1.0
16467,1.0
16468,0.7498084924964956
16469,1.0
16470,1.0
16471,1.0
16472,0.9992545454545454
16473,1.0
16474,0.9618358336108335
16475,0.4006362019043907
16476,1.0
16477,1.0
16478,1.0
16479,1.0
16480,1.0
16481,0.8833419386169384
16482,1.0
16483,0.9989273504273505
16484,1.0
16485,0.6627522623231605
16486,1.0
16487,1.0
16488,1.0
16489,0.9967333333333334
16490,1.0
16491,0.99925
16492,1.0
16493,0.9990909090909091
16494,0.9929069136745607
16495,0.9989137254901962
16496,0.9842128260628259
16497,0.9997142857142857
16498,1.0
16499,1.0
16500,0.9850455415929099
16501,1.0
16502,0.990807677616501
16503,0.99856328320802
16504,1.0
16505,1.0
16506,1.0
16507,0.9732348817848817
16508,1.0
16509,0.9942299422799422
16510,0.9989666666666667
16511,1.0
16512,1.0
16513,1.0
16514,0.9359872939925571
16515,1.0
16516,0.9720942501942502
16517,0.9992395382395383
16518,0.856567692438281
16519,1.0
16520,1.0
16521,1.0
16522,0.998511111111111
16523,1.0
16524,1.0
16525,1.0
16526,0.9995999999999999
16527,0.9685399933399932
16528,1.0
16529,1.0
16530,0.9664581807597287
16531,1.0
16532,0.8672001856416718
16533,0.998813725490196
16534,0.9988571428571429
16535,1.0
16536,1.0
16537,1.0
16538,0.9983339826839827
16539,1.0
16540,1.0
16541,0.9840130647130648
16542,0.9991428571428571
16543,1.0
16544,0.9993571428571429
16545,0.5895222257790362
16546,1.0
16547,1.0
16548,1.0
16549,1.0
16550,0.9991111111111111
16551,1.0
16552,0.9975578754578756
16553,1.0
16554,1.0
16555,1.0
16556,1.0
16557,1.0
16558,0.4703250155073683
16559,0.9408879209369926
16560,1.0
16561,1.0
16562,0.8991636280386279
16563,0.9960080586080586
16564,0.9996666666666667
16565,0.9990909090909091
16566,0.9994285714285714
16567,1.0
16568,1.0
16569,1.0
16570,1.0
16571,1.0
16572,1.0
16573,1.0
16574,1.0
16575,0.24551724386724386
16576,1.0
16577,1.0
16578,0.9646779878618109
16579,1.0
16580,0.9946446886446887
16581,1.0
16582,1.0
16583,1.0
16584,1.0
16585,1.0
16586,1.0
16587,1.0
16588,0.4747243560533037
16589,1.0
16590,0.5123493487592559
16591,1.0
16592,1.0
16593,0.751867498492109
16594,0.9986666666666666
16595,1.0
16596,1.0
16597,1.0
16598,0.9994666666666666
16599,1.0
16600,1.0
16601,0.9098633983663397
16602,1.0
16603,1.0
16604,1.0
16605,0.9983649350649351
16606,1.0
16607,1.0
16608,1.0
16609,0.998095238095238
16610,1.0
16611,0.4949137746498429
16612,1.0
16613,1.0
16614,0.9912232323232322
16615,0.9951253968253969
16616,0.8596204428096846
16617,1.0
16618,1.0
16619,1.0
16620,0.9982909090909091
16621,1.0
16622,1.0
16623,0.9995384615384616
16624,1.0
16625,1.0
16626,0.9847871184371181
16627,0.823418554407409
16628,1.0
16629,1.0
16630,1.0
16631,0.993863492063492
16632,1.0
16633,0.8278673835452469
16634,1.0
16635,0.9995555555555555
16636,0.9948157287157288
16637,1.0
16638,0.9962896825396824
16639,1.0
16640,1.0
16641,0.9937275946275945
16642,0.47855561797163954
16643,1.0
16644,0.9810215630774453
16645,0.9961892551892554
16646,0.479009968299674
16647,1.0
16648,1.0
16649,1.0
16650,1.0
16651,0.6571376385052848
16652,0.9997999999999999
16653,1.0
16654,0.9714572316572317
16655,0.9970454545454545
16656,1.0
16657,1.0
16658,1.0
16659,1.0
16660,1.0
16661,0.9987111111111112
16662,1.0
16663,0.9962811965811966
16664,1.0
16665,0.9987161172161174
16666,1.0
16667,1.0
16668,0.9995777777777778
16669,0.9997142857142858
16670,1.0
16671,1.0
16672,0.9585379571408986
16673,1.0
16674,0.7234730560203474
16675,1.0
16676,1.0
16677,0.9928107864357862
16678,0.9593349754047121
16679,0.9963003663003663
16680,1.0
16681,1.0
16682,1.0
16683,0.9991
16684,0.9998823529411764
16685,1.0
16686,0.30932576312576326
16687,1.0
16688,1.0
16689,1.0
16690,1.0
16691,0.9998461538461538
16692,0.9972862692862692
16693,0.9745583919348626
16694,0.30523199023199027
16695,1.0
16696,0.6785691111777801
16697,0.9974199893673578
16698,1.0
16699,1.0
16700,1.0
16701,1.0
16702,0.9997777777777779
16703,0.8620147013289432
16704,0.2838171128664938
16705,1.0
16706,1.0
16707,0.7846988331929506
16708,0.989760678210678
16709,1.0
16710,1.0
16711,1.0
16712,1.0
16713,0.9995476190476191
16714,1.0
16715,0.0823648944193062
16716,1.0
16717,1.0
16718,1.0
16719,0.94586105102328
16720,0.9607921189921189
16721,0.9853637362637363
16722,0.996527731092437
16723,0.9493245235844312
16724,0.9701564546564547
16725,1.0
16726,0.3039818129582836
16727,0.9958985347985349
16728,1.0
16729,1.0
16730,1.0
16731,0.9995294117647059
16732,1.0
16733,0.9997142857142858
16734,0.9556364424790896
16735,0.9994285714285714
16736,0.9911372294372295
16737,1.0
16738,0.9297043167616702
16739,1.0
16740,0.9965468253968253
16741,0.9973619047619047
16742,0.9839153735153735
16743,1.0
16744,1.0
16745,1.0
16746,1.0
16747,0.9708252600340839
16748,0.34525702957173526
16749,0.7377322131266528
16750,0.8858331434904966
16751,1.0
16752,1.0
16753,1.0
16754,1.0
16755,1.0
16756,1.0
16757,0.9883044181308887
16758,1.0
16759,1.0
16760,0.8075391425567897
16761,1.0
16762,0.6348687579157057
16763,0.9991166666666667
16764,1.0
16765,1.0
16766,0.6897470709201358
16767,1.0
16768,1.0
16769,1.0
16770,1.0
16771,0.9748102342102344
16772,0.8970294891383129
16773,0.993269083694084
16774,1.0
16775,0.9946867077367076
16776,1.0
16777,0.9982218614718615
16778,0.9998461538461538
16779,0.9908177189769295
16780,0.9526110686183444
16781,1.0
16782,1.0
16783,0.9950468753468754
16784,1.0
16785,1.0
16786,1.0
16787,1.0
16788,1.0
16789,1.0
16790,1.0
16791,0.05062971162824102
16792,0.994267360709466
16793,0.9927691697191696
16794,1.0
16795,1.0
16796,1.0
16797,0.9946431372549019
16798,0.8819200352365215
16799,0.9967809523809523
16800,0.839337006964484
16801,0.9877501248751251
16802,0.9997999999999999
16803,1.0
16804,0.9992285714285714
16805,1.0
16806,1.0
16807,0.8930523365523366
16808,1.0
16809,1.0
16810,0.9482764790764792
16811,1.0
16812,0.9987428571428572
16813,0.9823588772338774
16814,1.0
16815,1.0
16816,1.0
16817,1.0
16818,1.0
16819,1.0
16820,0.9997142857142858
16821,0.9992666666666667
16822,1.0
16823,0.9996
16824,1.0
16825,1.0
16826,0.9997999999999999
16827,1.0
16828,0.9972785714285715
16829,1.0
16830,1.0
16831,0.9984444444444445
16832,1.0
16833,1.0
16834,0.9664358030858031
16835,0.3452082767507689
16836,1.0
16837,1.0
16838,1.0
16839,0.9976346320346321
16840,0.9997999999999999
16841,0.9630201373789612
16842,0.9982285714285714
16843,0.9490852258594518
16844,1.0
16845,1.0
16846,0.9777733710733714
16847,0.9603617632367633
16848,1.0
16849,0.9953722222222221
16850,1.0
16851,0.9998181818181817
16852,0.9972632367632367
16853,0.9097857337107336
16854,0.7254728714422832
16855,1.0
16856,0.9992063492063493
16857,0.988257533316357
16858,0.8868009346174982
16859,1.0
16860,1.0
16861,0.995765007215007
16862,1.0
16863,1.0
16864,1.0
16865,0.9993333333333334
16866,1.0
16867,1.0
16868,1.0
16869,0.9982703962703964
16870,0.9968063492063491
16871,1.0
16872,1.0
16873,1.0
16874,1.0
16875,1.0
16876,1.0
16877,0.9473646951088128
16878,1.0
16879,0.3780558393876506
16880,0.9993333333333333
16881,0.8422167962412542
16882,1.0
16883,1.0
16884,1.0
16885,1.0
16886,1.0
16887,0.9864979686979687
16888,1.0
16889,0.9998181818181817
16890,1.0
16891,1.0
16892,1.0
16893,0.9954917582417584
16894,0.9976849816849817
16895,0.9985952380952381
16896,1.0
16897,1.0
16898,0.6900960511710512
16899,1.0
16900,1.0
16901,1.0
16902,1.0
16903,1.0
16904,0.99468455988456
16905,0.9956427738927739
16906,1.0
16907,1.0
16908,1.0
16909,1.0
16910,1.0
16911,0.9988717948717949
16912,0.5549132087211032
16913,0.9989809523809523
16914,1.0
16915,1.0
16916,1.0
16917,1.0
16918,0.9015932299554595
16919,0.9905356698856699
16920,1.0
16921,0.9998333333333334
16922,0.9988571428571429
16923,1.0
16924,1.0
16925,1.0
16926,1.0
16927,0.9992604895104896
16928,0.9958453379953381
16929,1.0
16930,1.0
16931,1.0
16932,0.9977705627705629
16933,0.9944063492063492
16934,1.0
16935,1.0
16936,0.7464717314419328
16937,1.0
16938,1.0
16939,1.0
16940,1.0
16941,1.0
16942,0.967091671400495
16943,1.0
16944,1.0
16945,1.0
16946,1.0
16947,0.27471111111111113
16948,1.0
16949,0.9893429931179931
16950,1.0
16951,0.7141962308932898
16952,0.629002621561445
16953,1.0
16954,1.0
16955,0.9982214285714286
16956,1.0
16957,1.0
16958,1.0
16959,1.0
16960,0.45752385957695557
16961,1.0
16962,1.0
16963,0.9997142857142857
16964,1.0
16965,1.0
16966,0.9994
16967,0.9985396825396826
16968,0.9977341269841269
16969,1.0
16970,1.0
16971,1.0
16972,0.9989285714285715
16973,1.0
16974,0.9678379481629482
16975,1.0
16976,0.9074942330545274
16977,0.940966673522556
16978,1.0
16979,1.0
16980,0.99975
16981,1.0
16982,0.9978943722943724
16983,1.0
16984,0.9996527777777778
16985,1.0
16986,0.992452952895058
16987,0.9262597430347428
16988,0.9959863247863248
16989,1.0
16990,0.9993324675324675
16991,0.9918943722943724
16992,1.0
16993,0.9798392496392496
16994,0.997256162464986
16995,0.7903984450448075
16996,1.0
16997,0.9974656565656566
16998,0.290931957292793
16999,0.9994642857142857
17000,1.0
17001,1.0
17002,1.0
17003,0.9956075396825397
17004,1.0
17005,1.0
17006,1.0
17007,0.9998461538461538
17008,1.0
17009,1.0
17010,0.9972608058608059
17011,1.0
17012,1.0
17013,0.9519547186473659
17014,1.0
17015,0.99885
17016,1.0
17017,0.9996
17018,0.9998333333333334
17019,0.9769352214778686
17020,1.0
17021,1.0
17022,1.0
17023,1.0
17024,1.0
17025,1.0
17026,1.0
17027,1.0
17028,1.0
17029,1.0
17030,1.0
17031,0.9986346153846154
17032,0.6296665127012652
17033,1.0
17034,1.0
17035,1.0
17036,0.15825715950715954
17037,1.0
17038,1.0
17039,0.9997777777777779
17040,0.997758547008547
17041,1.0
17042,1.0
17043,1.0
17044,0.8471317172249829
17045,0.9869634274222506
17046,0.9997142857142858
17047,1.0
17048,1.0
17049,0.9687717655151866
17050,1.0
17051,0.9338571779527659
17052,0.998782905982906
17053,1.0
17054,1.0
17055,1.0
17056,0.993825482850483
17057,1.0
17058,1.0
17059,1.0
17060,0.9997142857142858
17061,0.9429966491283054
17062,0.15181438083760074
17063,0.9918120546120546
17064,0.9978095238095238
17065,0.8845952354576965
17066,1.0
17067,0.9995
17068,1.0
17069,1.0
17070,0.9990363636363636
17071,1.0
17072,1.0
17073,1.0
17074,1.0
17075,0.9988888888888888
17076,1.0
17077,1.0
17078,1.0
17079,1.0
17080,0.1705949226384212
17081,1.0
17082,1.0
17083,1.0
17084,0.9791950216450217
17085,1.0
17086,1.0
17087,0.9995
17088,1.0
17089,1.0
17090,0.9996
17091,1.0
17092,1.0
17093,0.9363312076812077
17094,1.0
17095,1.0
17096,1.0
17097,0.95904232989233
17098,0.9388555139305144
17099,1.0
17100,1.0
17101,1.0
17102,0.9976810744810746
17103,1.0
17104,0.6842147877750049
17105,0.9989111111111111
17106,1.0
17107,1.0
17108,1.0
17109,0.9963092352092352
17110,1.0
17111,0.9998181818181818
17112,1.0
17113,0.9998181818181817
17114,1.0
17115,0.23774740259740257
17116,1.0
17117,1.0
17118,0.9963693833943835
17119,1.0
17120,0.38016317440729214
17121,1.0
17122,1.0
17123,0.9912499750249751
17124,0.4266521596652401
17125,1.0
17126,0.33820204744515897
17127,1.0
17128,0.9888001443001443
17129,1.0
17130,0.9996666666666666
17131,1.0
17132,1.0
17133,1.0
17134,1.0
17135,0.9726215118215118
17136,0.9997999999999999
17137,0.7924439319624302
17138,0.8561936067200773
17139,0.5140393472540531
17140,1.0
17141,0.8955686860525094
17142,1.0
17143,1.0
17144,0.5320557140571849
17145,1.0
17146,0.9997142857142858
17147,1.0
17148,0.9951604395604395
17149,0.9990952380952381
17150,1.0
17151,0.9997999999999999
17152,0.5232966247804487
17153,1.0
17154,1.0
17155,1.0
17156,0.22585991938917646
17157,0.9766362353848421
17158,0.9885083714531082
17159,0.9984273504273504
17160,1.0
17161,1.0
17162,1.0
17163,1.0
17164,0.7377213489904397
17165,0.9870121406371407
17166,0.45789143678818567
17167,0.9989285714285715
17168,0.9998181818181818
17169,1.0
17170,1.0
17171,1.0
17172,0.9867653096903097
17173,1.0
17174,1.0
17175,1.0
17176,1.0
17177,1.0
17178,1.0
17179,0.9984273504273504
17180,1.0
17181,1.0
17182,0.9885538239538239
17183,0.9996323529411765
17184,1.0
17185,0.9998461538461538
17186,0.772965301677578
17187,1.0
17188,1.0
17189,1.0
17190,1.0
17191,1.0
17192,1.0
17193,1.0
17194,0.9886131507381509
17195,0.9746772071066188
17196,1.0
17197,1.0
17198,1.0
17199,1.0
17200,0.9971542016806721
17201,0.6277128032098624
17202,0.7209867562949606
17203,0.8475159296242112
17204,0.9995555555555555
17205,1.0
17206,1.0
17207,0.9993604395604395
17208,0.9998181818181818
17209,1.0
17210,0.9642535983624217
17211,1.0
17212,0.9998181818181818
17213,1.0
17214,0.9969797979797981
17215,0.9879153235653235
17216,0.18042911810411835
17217,0.9633379410063622
17218,0.9986
17219,0.9710454378954381
17220,0.5041043006614986
17221,0.9750265512265511
17222,1.0
17223,0.9989230769230769
17224,1.0
17225,0.9294846331772807
17226,1.0
17227,0.8842832549803141
17228,1.0
17229,0.981755414030414
17230,1.0
17231,1.0
17232,1.0
17233,0.825306816549463
17234,0.9966585858585859
17235,0.3119496392496393
17236,1.0
17237,0.23109925172866358
17238,1.0
17239,0.766090652003655
17240,1.0
17241,0.9548176767676764
17242,1.0
17243,0.21356290752591067
17244,0.6743559235655986
17245,1.0
17246,0.9994285714285714
17247,0.9847324259074257
17248,0.9933936896436896
17249,1.0
17250,1.0
17251,1.0
17252,1.0
17253,0.8932894294388097
17254,1.0
17255,0.634875375931258
17256,1.0
17257,1.0
17258,0.6610558393876509
17259,1.0
17260,1.0
17261,1.0
17262,0.998982905982906
17263,0.9586715194935785
17264,1.0
17265,1.0
17266,1.0
17267,0.9991428571428571
17268,1.0
17269,1.0
17270,0.997529292929293
17271,0.8057534938144076
17272,1.0
17273,1.0
17274,1.0
17275,1.0
17276,0.11124132207661624
17277,0.9993566433566433
17278,1.0
17279,0.9982662337662338
17280,0.9996
17281,1.0
17282,1.0
17283,1.0
17284,0.9992128205128205
17285,1.0
17286,1.0
17287,1.0
17288,1.0
17289,1.0
17290,1.0
17291,1.0
17292,1.0
17293,1.0
17294,0.9981495726495727
17295,0.8418788232235604
17296,0.9637257742257744
17297,1.0
17298,1.0
17299,1.0
17300,1.0
17301,1.0
17302,1.0
17303,1.0
17304,1.0
17305,1.0
17306,0.9995
17307,0.9969025308025308
17308,1.0
17309,1.0
17310,0.9967339869281046
17311,1.0
17312,1.0
17313,1.0
17314,0.9625892857142861
17315,1.0
17316,0.9997999999999999
17317,0.9996
17318,0.9945847374847375
17319,1.0
17320,0.999371794871795
17321,1.0
17322,0.996258585858586
17323,0.9932725885225885
17324,1.0
17325,1.0
17326,0.9991666666666666
17327,1.0
17328,1.0
17329,0.9903855552943788
17330,1.0
17331,0.9800762737262737
17332,1.0
17333,1.0
17334,0.9962178932178934
17335,1.0
17336,1.0
17337,0.9934925685425686
17338,0.9933211233211233
17339,1.0
17340,0.9853515151515151
17341,1.0
17342,1.0
17343,0.9948478632478633
17344,0.9892342724269196
17345,1.0
17346,1.0
17347,1.0
17348,0.6174092214974571
17349,0.8021321056566413
17350,0.9520076312576311
17351,0.9971777777777778
17352,0.9516372454343042
17353,1.0
17354,1.0
17355,0.993564133089133
17356,0.9710244866244868
17357,0.9945857142857143
17358,1.0
17359,1.0
17360,1.0
17361,1.0
17362,1.0
17363,1.0
17364,1.0
17365,0.9997999999999999
17366,0.4497276969762267
17367,0.8742727458815703
17368,1.0
17369,0.9968642857142858
17370,1.0
17371,1.0
17372,1.0
17373,1.0
17374,1.0
17375,1.0
17376,1.0
17377,1.0
17378,1.0
17379,0.9987985347985346
17380,1.0
17381,0.9995999999999999
17382,0.9997142857142858
17383,0.79849514314375
17384,0.9769327769066161
17385,0.9793044122544123
17386,1.0
17387,1.0
17388,1.0
17389,0.9918672438672438
17390,1.0
17391,1.0
17392,1.0
17393,0.851904539603843
17394,0.9953722222222221
17395,0.9994545454545455
17396,1.0
17397,0.974721078921079
17398,0.9489381605322783
17399,0.994413000888001
17400,0.9966926406926406
17401,1.0
17402,1.0
17403,1.0
17404,1.0
17405,0.9991428571428571
17406,1.0
17407,0.4922987156634215
17408,0.9986952380952381
17409,0.9308639535988615
17410,1.0
17411,0.999297619047619
17412,1.0
17413,0.9948414224664225
17414,1.0
17415,0.4007790534628767
17416,1.0
17417,1.0
17418,1.0
17419,1.0
17420,0.9511938593398347
17421,0.9341437379613852
17422,0.9987606837606837
17423,0.9990545454545455
17424,1.0
17425,0.9976728291316528
17426,0.9431820865065444
17427,1.0
17428,1.0
17429,1.0
17430,0.9901415983139668
17431,0.9606243523246621
17432,0.9996
17433,1.0
17434,0.9996666666666666
17435,0.9840799037563744
17436,1.0
17437,1.0
17438,1.0
17439,0.9998461538461538
17440,1.0
17441,1.0
17442,1.0
17443,1.0
17444,1.0
17445,1.0
17446,1.0
17447,1.0
17448,1.0
17449,0.9986666666666666
17450,1.0
17451,1.0
17452,0.5683421208564394
17453,0.9945807248307248
17454,1.0
17455,1.0
17456,1.0
17457,1.0
17458,1.0
17459,0.9635324090941739
17460,1.0
17461,0.2614785418829538
17462,0.0210500777000777
17463,1.0
17464,1.0
17465,0.9973907203907204
17466,0.9998333333333334
17467,0.9990476190476191
17468,1.0
17469,0.999
17470,1.0
17471,0.9846348512598515
17472,0.9291138560785622
17473,0.845564207077752
17474,1.0
17475,0.7662644010702058
17476,0.999875
17477,1.0
17478,0.9839809135309138
17479,0.9986824675324676
17480,1.0
17481,1.0
17482,0.683389685847349
17483,1.0
17484,0.9986810023310024
17485,1.0
17486,0.9623480176686058
17487,0.998488888888889
17488,1.0
17489,1.0
17490,1.0
17491,0.5831648650626978
17492,0.8540866713609748
17493,1.0
17494,0.9983309523809524
17495,0.9998333333333334
17496,1.0
17497,1.0
17498,1.0
17499,1.0
17500,1.0
17501,1.0
17502,0.987206032856033
17503,0.7900620924826811
17504,0.9991666666666666
17505,1.0
17506,1.0
17507,1.0
17508,1.0
17509,1.0
17510,1.0
17511,0.9993142857142858
17512,0.9485471783118838
17513,0.9921414252414251
17514,0.9984823232323234
17515,0.9776063492063491
17516,1.0
17517,1.0
17518,1.0
17519,0.9147071676689321
17520,1.0
17521,0.9996666666666666
17522,0.3528608058608059
17523,1.0
17524,1.0
17525,0.9987935064935065
17526,1.0
17527,1.0
17528,0.9616529780676842
17529,0.9953839604839604
17530,0.9912875457875459
17531,0.9190438045614513
17532,0.9997142857142857
17533,0.9938556277056277
17534,1.0
17535,1.0
17536,0.9975174603174601
17537,1.0
17538,1.0
17539,0.9993392857142858
17540,0.8360836220624923
17541,0.9528255040710923
17542,1.0
17543,1.0
17544,1.0
17545,1.0
17546,0.9995999999999999
17547,1.0
17548,1.0
17549,0.99975
17550,0.9890539099789102
17551,1.0
17552,1.0
17553,1.0
17554,0.980860372960373
17555,0.9938778935976302
17556,0.5947679622922656
17557,1.0
17558,1.0
17559,0.9986666666666667
17560,1.0
17561,1.0
17562,0.9981714285714285
17563,1.0
17564,1.0
17565,1.0
17566,0.9995
17567,1.0
17568,0.9990380952380953
17569,1.0
17570,0.8840407436646603
17571,1.0
17572,0.9980444444444445
17573,1.0
17574,0.25581859023329623
17575,0.9235395308939427
17576,1.0
17577,1.0
17578,0.9992545454545454
17579,0.9996666666666666
17580,0.8767261376824067
17581,0.9876095349095352
17582,0.9713576338693988
17583,0.5976653973477504
17584,1.0
17585,1.0
17586,1.0
17587,1.0
17588,0.9988095238095237
17589,0.5076495189193332
17590,1.0
17591,0.9971999999999999
17592,1.0
17593,0.9309332500832503
17594,0.9998333333333332
17595,1.0
17596,0.9587011365827158
17597,0.9292324427636347
17598,0.0796295454545455
17599,0.99905
17600,0.08652235199441081
17601,0.9774874819624819
17602,0.9996666666666666
17603,0.9879348484848485
17604,1.0
17605,0.8309851062336361
17606,0.998611111111111
17607,1.0
17608,1.0
17609,0.9995681818181817
17610,1.0
17611,1.0
17612,0.9969076923076923
17613,1.0
17614,1.0
17615,1.0
17616,0.9887981061422236
17617,1.0
17618,0.989588528138528
17619,1.0
17620,1.0
17621,1.0
17622,1.0
17623,0.9998181818181818
17624,0.9964364357864358
17625,1.0
17626,1.0
17627,0.9410250360750358
17628,1.0
17629,1.0
17630,0.9988333333333334
17631,0.9992051282051282
17632,0.9987606837606837
17633,0.9906451714951716
17634,0.9943025419025419
17635,0.5895485056361655
17636,0.9209461052019872
17637,1.0
17638,1.0
17639,0.9746644403841773
17640,1.0
17641,0.993803821831763
17642,1.0
17643,1.0
17644,1.0
17645,1.0
17646,0.9832568875568874
17647,1.0
17648,1.0
17649,1.0
17650,1.0
17651,1.0
17652,1.0
17653,0.9991384615384615
17654,1.0
17655,0.9928968392718394
17656,1.0
17657,0.9743216286980991
17658,0.9805669108669108
17659,1.0
17660,0.9983638583638583
17661,1.0
17662,1.0
17663,0.9995
17664,0.8497697536553576
17665,0.9993809523809523
17666,1.0
17667,1.0
17668,0.9995555555555555
17669,0.9988952380952381
17670,0.9976833333333334
17671,0.9997142857142857
17672,0.9545481462981464
17673,1.0
17674,1.0
17675,0.9785462524403702
17676,1.0
17677,0.9989333333333333
17678,0.9916366013071894
17679,0.6566896379764023
17680,1.0
17681,1.0
17682,1.0
17683,1.0
17684,0.9994285714285714
17685,0.9683423463791109
17686,1.0
17687,1.0
17688,1.0
17689,0.9655783219704273
17690,1.0
17691,0.9985739316239317
17692,1.0
17693,1.0
17694,0.995423137973138
17695,1.0
17696,1.0
17697,0.9957794871794872
17698,0.9949339901928137
17699,1.0
17700,0.9993500000000001
17701,1.0
17702,0.8006089284124887
17703,1.0
17704,0.9992142857142856
17705,0.9885999444999445
17706,1.0
17707,1.0
17708,1.0
17709,1.0
17710,1.0
17711,1.0
17712,0.983656300562183
17713,1.0
17714,1.0
17715,1.0
17716,1.0
17717,0.19105902349284704
17718,0.9143610766684303
17719,1.0
17720,1.0
17721,0.9997142857142858
17722,0.38414387944356976
17723,1.0
17724,1.0
17725,0.33610634920634924
17726,0.9775908369408367
17727,0.9944238816738815
17728,1.0
17729,0.9157813741813741
17730,1.0
17731,1.0
17732,1.0
17733,1.0
17734,1.0
17735,1.0
17736,1.0
17737,0.9952444444444444
17738,1.0
17739,0.9995961538461539
17740,1.0
17741,1.0
17742,0.24433993062321238
17743,1.0
17744,1.0
17745,1.0
17746,1.0
17747,1.0
17748,1.0
17749,1.0
17750,1.0
17751,0.9818613964982388
17752,1.0
17753,0.9881835109335109
17754,0.9987606837606837
17755,0.4398503460591696
17756,1.0
17757,0.9823044899544902
17758,0.8276888609756259
17759,1.0
17760,1.0
17761,0.9357649988899988
17762,1.0
17763,0.9867314602064603
17764,1.0
17765,1.0
17766,1.0
17767,0.9993333333333334
17768,0.9882495337995337
17769,0.9939829004329003
17770,0.9768141691641691
17771,1.0
17772,1.0
17773,0.9995
17774,0.9926963500551735
17775,1.0
17776,0.702099041567308
17777,1.0
17778,0.9892790849673203
17779,1.0
17780,1.0
17781,1.0
17782,1.0
17783,1.0
17784,0.9459104107966335
17785,1.0
17786,1.0
17787,1.0
17788,0.9952990016519427
17789,1.0
17790,1.0
17791,0.16055436938362647
17792,0.9965858363858363
17793,0.8051142924069394
17794,0.9985119047619048
17795,1.0
17796,0.9988333333333334
17797,1.0
17798,1.0
17799,0.9852348984348985
17800,1.0
17801,0.9862518631695101
17802,1.0
17803,0.9927911255411256
17804,0.5728921375580046
17805,1.0
17806,0.9997142857142858
17807,1.0
17808,0.9997142857142857
17809,1.0
17810,0.9784310157163097
17811,1.0
17812,0.3278983366306896
17813,1.0
17814,0.9984273504273504
17815,1.0
17816,1.0
17817,1.0
17818,0.9473986925355351
17819,1.0
17820,1.0
17821,1.0
17822,0.10938729158698206
17823,0.9975444444444445
17824,1.0
17825,1.0
17826,0.9962897186147186
17827,1.0
17828,0.8767261376824067
17829,0.840967303121715
17830,0.9996666666666667
17831,0.9740808878256249
17832,0.7775050558918204
17833,1.0
17834,1.0
17835,1.0
17836,1.0
17837,0.9929974747474747
17838,0.983101592851593
17839,1.0
17840,0.9949185481185481
17841,0.9997999999999999
17842,1.0
17843,1.0
17844,1.0
17845,1.0
17846,1.0
17847,0.9711253024753025
17848,1.0
17849,1.0
17850,1.0
17851,1.0
17852,1.0
17853,0.9994
17854,0.9855799783549783
17855,1.0
17856,0.5407389789003566
17857,0.968976949521067
17858,1.0
17859,0.9834635836385835
17860,1.0
17861,0.9967709595959595
17862,0.9981046897546897
17863,1.0
17864,1.0
17865,1.0
17866,1.0
17867,1.0
17868,1.0
17869,1.0
17870,0.9438690319484438
17871,0.9997777777777779
17872,1.0
17873,0.998661111111111
17874,1.0
17875,0.8935484801060654
17876,1.0
17877,1.0
17878,1.0
17879,1.0
17880,0.99882326007326
17881,0.9966313686313687
17882,1.0
17883,1.0
17884,0.9958874014874017
17885,1.0
17886,0.99925
17887,0.06208849775955039
17888,1.0
17889,0.6598337324869828
17890,1.0
17891,0.9913753357753359
17892,0.9986848484848485
17893,1.0
17894,1.0
17895,1.0
17896,0.48473577027547593
17897,1.0
17898,1.0
17899,0.9982000000000002
17900,1.0
17901,1.0
17902,1.0
17903,0.9992698412698412
17904,0.999325396825397
17905,0.9494262892336425
17906,0.9996666666666666
17907,1.0
17908,0.9915786102786103
17909,1.0
17910,1.0
17911,0.9955230658230658
17912,0.9933048201798204
17913,0.9982307692307693
17914,0.9975781440781442
17915,1.0
17916,1.0
17917,0.4279788836550449
17918,1.0
17919,0.5419151801243125
17920,0.9996666666666667
17921,0.9972261904761904
17922,0.999875
17923,1.0
17924,1.0
17925,1.0
17926,0.9991428571428571
17927,1.0
17928,1.0
17929,1.0
17930,1.0
17931,1.0
17932,1.0
17933,1.0
17934,0.9984273504273504
17935,1.0
17936,1.0
17937,1.0
17938,1.0
17939,1.0
17940,0.7963025829691465
17941,0.9997142857142858
17942,1.0
17943,1.0
17944,1.0
17945,1.0
17946,1.0
17947,1.0
17948,1.0
17949,0.9988571428571428
17950,0.927576693189851
17951,1.0
17952,1.0
17953,1.0
17954,1.0
17955,1.0
17956,1.0
17957,0.998279292929293
17958,0.7324966587334234
17959,1.0
17960,1.0
17961,1.0
17962,0.9983611111111113
17963,1.0
17964,1.0
17965,1.0
17966,1.0
17967,1.0
17968,1.0
17969,0.9313682260549908
17970,1.0
17971,0.999
17972,1.0
17973,0.999547619047619
17974,1.0
17975,0.8866445405901291
17976,1.0
17977,1.0
17978,1.0
17979,0.9993809523809523
17980,1.0
17981,1.0
17982,0.3739111843694661
17983,1.0
17984,1.0
17985,1.0
17986,1.0
17987,1.0
17988,1.0
17989,0.992411643911644
17990,1.0
17991,1.0
17992,0.9908335914085914
17993,0.842300355278619
17994,0.9989572649572649
17995,0.8276556989536096
17996,0.7852709275760359
17997,0.9324213472801707
17998,1.0
17999,0.9991428571428572
18000,1.0
18001,0.998734126984127
18002,1.0
18003,1.0
18004,1.0
18005,0.9955666666666667
18006,0.9997142857142858
18007,0.9093316740878657
18008,1.0
18009,0.9975444444444445
18010,1.0
18011,1.0
18012,0.8698467744673625
18013,0.9909194677871147
18014,1.0
18015,1.0
18016,0.8913644584173999
18017,1.0
18018,0.41848484099320066
18019,0.9942172355422354
18020,1.0
18021,0.9997999999999999
18022,1.0
18023,1.0
18024,0.3599064513058321
18025,1.0
18026,1.0
18027,1.0
18028,0.9896158175158176
18029,0.9410391722312774
18030,1.0
18031,0.9892321733821734
18032,0.9567943124728729
18033,1.0
18034,1.0
18035,0.9988888888888889
18036,1.0
18037,1.0
18038,1.0
18039,1.0
18040,1.0
18041,0.8806827376871492
18042,1.0
18043,0.9913500000000001
18044,1.0
18045,1.0
18046,0.9892622710622709
18047,1.0
18048,1.0
18049,0.99925
18050,1.0
18051,1.0
18052,0.6926391152964679
18053,1.0
18054,0.8983798146298145
18055,0.9976619047619047
18056,0.816961879865144
18057,0.9735872377622378
18058,1.0
18059,1.0
18060,1.0
18061,0.9983928571428571
18062,0.9640188117438118
18063,1.0
18064,1.0
18065,0.9904277777777778
18066,0.9967809523809524
18067,1.0
18068,0.9164736175589113
18069,1.0
18070,1.0
18071,1.0
18072,1.0
18073,1.0
18074,1.0
18075,1.0
18076,0.9994065934065934
18077,0.990082017982018
18078,1.0
18079,1.0
18080,1.0
18081,1.0
18082,1.0
18083,1.0
18084,1.0
18085,1.0
18086,0.9998333333333332
18087,1.0
18088,0.9997142857142858
18089,0.8711466242907415
18090,1.0
18091,0.8065965229215227
18092,0.9985851648351647
18093,1.0
18094,0.9997777777777779
18095,0.991940084915085
18096,1.0
18097,0.9989137254901962
18098,1.0
18099,1.0
18100,1.0
18101,1.0
18102,1.0
18103,0.9990940170940171
18104,0.9885255156608098
18105,0.9987619047619049
18106,1.0
18107,1.0
18108,0.4174549825991007
18109,0.9989285714285715
18110,1.0
18111,1.0
18112,1.0
18113,1.0
18114,1.0
18115,0.97603556998557
18116,0.9910051282051282
18117,0.995233311133311
18118,1.0
18119,1.0
18120,0.9996
18121,1.0
18122,0.5333551140070052
18123,1.0
18124,0.9965153235653237
18125,0.9278244841759548
18126,0.9234827221797807
18127,1.0
18128,1.0
18129,1.0
18130,0.9998823529411764
18131,0.9995555555555555
18132,1.0
18133,0.9998333333333334
18134,1.0
18135,1.0
18136,1.0
18137,0.9121020238447484
18138,1.0
18139,0.9987954822954823
18140,1.0
18141,1.0
18142,1.0
18143,0.9996666666666666
18144,0.9936220444588092
18145,1.0
18146,1.0
18147,0.99885
18148,0.4371574316206666
18149,1.0
18150,1.0
18151,1.0
18152,0.9743837019189961
18153,1.0
18154,0.9989839826839827
18155,0.9986940170940171
18156,1.0
18157,1.0
18158,0.2699652081634583
18159,1.0
18160,0.9997999999999999
18161,0.974802409845057
18162,1.0
18163,0.9994444444444445
18164,0.9994825174825175
18165,0.9974441558441558
18166,1.0
18167,0.011296747696747697
18168,0.9897130924630924
18169,0.9998461538461538
18170,1.0
18171,1.0
18172,1.0
18173,0.989252869352869
18174,1.0
18175,1.0
18176,0.9910788572538571
18177,1.0
18178,1.0
18179,1.0
18180,1.0
18181,0.9960156954156956
18182,0.9813076555023924
18183,1.0
18184,1.0
18185,1.0
18186,1.0
18187,1.0
18188,0.7113614001581493
18189,1.0
18190,0.991714119214119
18191,0.48951391712862297
18192,1.0
18193,1.0
18194,0.9992698412698413
18195,1.0
18196,1.0
18197,0.9983531746031746
18198,1.0
18199,1.0
18200,0.9242048693996062
18201,1.0
18202,1.0
18203,1.0
18204,1.0
18205,1.0
18206,0.6355153491761077
18207,1.0
18208,1.0
18209,1.0
18210,1.0
18211,0.9741603674103674
18212,1.0
18213,0.9988095238095237
18214,0.9955036796536796
18215,0.9982642857142857
18216,0.9995428571428572
18217,1.0
18218,0.9966298534798533
18219,1.0
18220,1.0
18221,1.0
18222,0.9990952380952381
18223,0.9971726190476191
18224,1.0
18225,0.9996666666666667
18226,0.9577701119142294
18227,1.0
18228,1.0
18229,0.7439005176282268
18230,1.0
18231,0.9636902172990408
18232,0.644205927323932
18233,0.9983500000000001
18234,1.0
18235,0.9996666666666666
18236,0.9966926406926406
18237,1.0
18238,1.0
18239,1.0
18240,0.8793910855226644
18241,1.0
18242,0.23318443866934593
18243,0.9948007936507937
18244,1.0
18245,1.0
18246,1.0
18247,1.0
18248,0.9994342105263159
18249,1.0
18250,0.6823259919475095
18251,1.0
18252,0.9992824675324675
18253,1.0
18254,1.0
18255,1.0
18256,0.9997777777777779
18257,0.9932999167499169
18258,1.0
18259,1.0
18260,0.985987298812299
18261,1.0
18262,1.0
18263,0.975435878010878
18264,1.0
18265,0.9799737377002081
18266,1.0
18267,1.0
18268,1.0
18269,1.0
18270,1.0
18271,1.0
18272,1.0
18273,0.9977093795093795
18274,1.0
18275,0.8071460619025765
18276,1.0
18277,1.0
18278,1.0
18279,1.0
18280,0.9983095238095238
18281,0.9983935786435787
18282,0.9991904761904763
18283,1.0
18284,1.0
18285,0.9995128205128204
18286,0.996288073038073
18287,0.9985266106442577
18288,0.9970705405705406
18289,1.0
18290,1.0
18291,1.0
18292,1.0
18293,0.9884839604839605
18294,0.8433888572641676
18295,0.9948132534132534
18296,1.0
18297,0.3931911954230838
18298,0.998095238095238
18299,0.20699566364148422
18300,1.0
18301,1.0
18302,0.9070721361971362
18303,1.0
18304,1.0
18305,0.9994065934065934
18306,0.9271297622312328
18307,0.6779595103297116
18308,1.0
18309,1.0
18310,0.9721049894549897
18311,1.0
18312,0.5929425164189098
18313,0.6752456453677039
18314,0.9997142857142858
18315,0.9926355365223013
18316,1.0
18317,0.9945903818403818
18318,1.0
18319,0.9049507920442136
18320,0.9968452380952381
18321,1.0
18322,0.9016074038706388
18323,1.0
18324,0.9997142857142857
18325,0.9959424075924077
18326,0.9434649554693672
18327,0.5225481851739595
18328,0.9982458874458874
18329,1.0
18330,0.33401111111111115
18331,1.0
18332,0.9950974025974026
18333,0.9976389355742297
18334,1.0
18335,0.9890878343878344
18336,1.0
18337,1.0
18338,1.0
18339,1.0
18340,1.0
18341,1.0
18342,0.9976169913419912
18343,0.9955152014652013
18344,1.0
18345,0.6587214032308936
18346,0.7505196821152701
18347,0.9996666666666666
18348,0.9979170829170831
18349,1.0
18350,0.9995555555555555
18351,0.99975
18352,1.0
18353,0.9983452380952381
18354,0.9094450856333208
18355,0.9807772005772003
18356,0.9997142857142857
18357,1.0
18358,0.708411183037808
18359,1.0
18360,0.9997777777777779
18361,1.0
18362,0.9627675773658748
18363,0.9997142857142858
18364,0.9989999999999999
18365,1.0
18366,1.0
18367,0.4744826973679915
18368,0.8057337969220322
18369,1.0
18370,1.0
18371,1.0
18372,1.0
18373,0.9853515151515151
18374,0.998470238095238
18375,1.0
18376,1.0
18377,1.0
18378,1.0
18379,0.9788247252747251
18380,1.0
18381,1.0
18382,1.0
18383,0.99975
18384,1.0
18385,0.9935238095238096
18386,1.0
18387,1.0
18388,0.99975
18389,1.0
18390,1.0
18391,1.0
18392,0.668205160809263
18393,1.0
18394,0.6890357770110866
18395,1.0
18396,1.0
18397,0.9997777777777779
18398,1.0
18399,0.9058538993857876
18400,1.0
18401,1.0
18402,1.0
18403,1.0
18404,0.998568253968254
18405,0.9653577592342301
18406,1.0
18407,1.0
18408,1.0
18409,0.5542912325118986
18410,0.9912372666549136
18411,1.0
18412,1.0
18413,0.9925658619158619
18414,0.9998333333333334
18415,1.0
18416,0.882705747030747
18417,1.0
18418,0.9548572548366665
18419,0.9959612831612833
18420,0.9789692030192032
18421,1.0
18422,0.9827344345712767
18423,1.0
18424,0.9695765051941521
18425,0.9252235236985236
18426,1.0
18427,0.9995384615384616
18428,0.9986999999999999
18429,0.9984452380952381
18430,0.9938002801120447
18431,1.0
18432,0.9997777777777779
18433,1.0
18434,0.9921654789654789
18435,1.0
18436,1.0
18437,1.0
18438,0.9984444444444445
18439,1.0
18440,1.0
18441,1.0
18442,0.9998333333333332
18443,0.9992271062271062
18444,1.0
18445,0.9028503052417142
18446,1.0
18447,1.0
18448,0.9997142857142858
18449,0.9988030303030304
18450,1.0
18451,1.0
18452,0.9869054334554335
18453,0.979745850881145
18454,0.39786989530077777
18455,0.9950093795093794
18456,1.0
18457,0.9657169913419915
18458,1.0
18459,0.9995142857142857
18460,0.9991111111111111
18461,0.9995
18462,0.9990952380952381
18463,1.0
18464,1.0
18465,1.0
18466,0.9903103285603285
18467,0.9942766233766235
18468,1.0
18469,1.0
18470,1.0
18471,1.0
18472,0.22330311338987804
18473,1.0
18474,1.0
18475,0.9974920634920635
18476,1.0
18477,1.0
18478,0.90005427399398
18479,1.0
18480,1.0
18481,1.0
18482,1.0
18483,0.6772757286830816
18484,0.99925
18485,0.9761388167388168
18486,1.0
18487,0.9848084915084917
18488,1.0
18489,1.0
18490,1.0
18491,1.0
18492,1.0
18493,1.0
18494,1.0
18495,1.0
18496,1.0
18497,1.0
18498,1.0
18499,0.9981111111111111
18500,0.9996
18501,0.9996
18502,0.9627512242143823
18503,1.0
18504,0.9979144736842105
18505,0.991772177822178
18506,0.3275529622682101
18507,0.9892792929292931
18508,0.9992142857142856
18509,1.0
18510,1.0
18511,0.9996
18512,1.0
18513,0.9953335053835055
18514,0.9995999999999999
18515,1.0
18516,1.0
18517,1.0
18518,0.9994285714285714
18519,0.8420788673744558
18520,0.9819301672012196
18521,0.9484019425019428
18522,1.0
18523,1.0
18524,1.0
18525,1.0
18526,1.0
18527,1.0
18528,0.9947658064158066
18529,0.9994848484848485
18530,1.0
18531,1.0
18532,0.99975
18533,0.9992380952380951
18534,0.9931361111111111
18535,1.0
18536,1.0
18537,0.9042538484906905
18538,1.0
18539,0.8908551629742808
18540,0.3809882262646191
18541,1.0
18542,0.9821119325119325
18543,1.0
18544,1.0
18545,0.999
18546,0.9982920634920636
18547,1.0
18548,0.9993809523809524
18549,0.30003241436925654
18550,1.0
18551,1.0
18552,0.998984126984127
18553,1.0
18554,0.99630231990232
18555,1.0
18556,0.9963772283272283
18557,0.8262336557233618
18558,0.9988857142857144
18559,1.0
18560,1.0
18561,1.0
18562,1.0
18563,0.9818468614718616
18564,1.0
18565,0.9969307359307359
18566,0.9973769841269843
18567,0.9875551143301143
18568,0.9931827616827617
18569,1.0
18570,1.0
18571,1.0
18572,1.0
18573,0.9730183816183816
18574,0.998939393939394
18575,0.9995384615384616
18576,1.0
18577,0.9937322732822733
18578,0.9927002442002442
18579,1.0
18580,1.0
18581,1.0
18582,1.0
18583,1.0
18584,1.0
18585,1.0
18586,0.9630761766011765
18587,0.8475942909429753
18588,1.0
18589,0.9997999999999999
18590,1.0
18591,0.9991030303030303
18592,1.0
18593,1.0
18594,0.9995555555555555
18595,1.0
18596,0.9849932391138274
18597,1.0
18598,0.7490777172293765
18599,1.0
18600,0.9947888888888891
18601,1.0
18602,1.0
18603,1.0
18604,0.9987142857142858
18605,0.984832178932179
18606,0.9740203149791383
18607,0.9966730158730158
18608,0.9369882259896966
18609,1.0
18610,0.9997777777777779
18611,0.9996666666666667
18612,1.0
18613,1.0
18614,1.0
18615,1.0
18616,0.9997142857142858
18617,0.9752544569809277
18618,1.0
18619,1.0
18620,1.0
18621,1.0
18622,1.0
18623,0.76118542474897
18624,0.9484708769988185
18625,1.0
18626,0.9988809523809523
18627,1.0
18628,1.0
18629,1.0
18630,1.0
18631,1.0
18632,0.9928464535464535
18633,1.0
18634,0.9995
18635,1.0
18636,1.0
18637,0.9975462429727135
18638,1.0
18639,1.0
18640,0.998
18641,0.9114354185030655
18642,1.0
18643,1.0
18644,0.9904638103726339
18645,0.9971863636363637
18646,0.5754137489961018
18647,0.9985961538461539
18648,0.9995384615384616
18649,1.0
18650,1.0
18651,1.0
18652,0.9996666666666667
18653,0.9078985960118314
18654,0.9996923076923078
18655,0.9874086580086581
18656,0.9933743379169849
18657,1.0
18658,0.9453386822242084
18659,1.0
18660,1.0
18661,1.0
18662,1.0
18663,0.9971341269841271
18664,0.6172073580014761
18665,0.4725174870171032
18666,0.9876857800696036
18667,1.0
18668,0.9971581807081806
18669,0.9854912698412697
18670,1.0
18671,0.9993809523809524
18672,0.9988717948717949
18673,0.4917621264356559
18674,1.0
18675,1.0
18676,1.0
18677,0.9996
18678,0.9997999999999999
18679,1.0
18680,0.503222855988181
18681,1.0
18682,0.9992666666666666
18683,1.0
18684,0.9449738487003195
18685,0.9977811965811966
18686,1.0
18687,1.0
18688,1.0
18689,0.3085390701575686
18690,1.0
18691,1.0
18692,1.0
18693,1.0
18694,1.0
18695,0.8648678217207622
18696,0.9974611111111111
18697,0.9299575853884678
18698,1.0
18699,0.9966926406926406
18700,0.9833756854256852
18701,1.0
18702,0.9997999999999999
18703,0.9893996392496391
18704,0.6747053239931715
18705,1.0
18706,1.0
18707,0.9956338161838163
18708,1.0
18709,0.9411587218337218
18710,1.0
18711,1.0
18712,1.0
18713,0.8598144402982637
18714,1.0
18715,1.0
18716,1.0
18717,1.0
18718,1.0
18719,1.0
18720,0.9817435980685982
18721,1.0
18722,1.0
18723,1.0
18724,1.0
18725,0.9876972832722833
18726,0.9996
18727,0.99925
18728,1.0
18729,0.9975238095238096
18730,1.0
18731,0.9854119442648853
18732,0.9930163114663113
18733,0.4445168604185636
18734,1.0
18735,0.9971031746031745
18736,0.9286129194335075
18737,0.9894153346653347
18738,1.0
18739,0.9993055555555556
18740,1.0
18741,0.9994285714285714
18742,1.0
18743,1.0
18744,1.0
18745,0.8874918472480393
18746,0.8432711789844148
18747,0.9971566017316016
18748,1.0
18749,0.9967990196078431
18750,1.0
18751,1.0
18752,1.0
18753,1.0
18754,1.0
18755,0.9982854978354978
18756,0.9968478632478632
18757,1.0
18758,1.0
18759,0.9644394716394717
18760,0.9985571428571429
18761,1.0
18762,0.7789680838769074
18763,1.0
18764,1.0
18765,1.0
18766,0.9995499999999999
18767,0.9988409090909092
18768,1.0
18769,0.997616339869281
18770,1.0
18771,1.0
18772,0.9567942113442116
18773,0.9997142857142857
18774,0.990539688089688
18775,0.9997142857142858
18776,1.0
18777,0.9959203655821303
18778,1.0
18779,1.0
18780,1.0
18781,0.9782261793761793
18782,0.9965857142857143
18783,1.0
18784,1.0
18785,0.9991111111111111
18786,1.0
18787,1.0
18788,0.9967289377289376
18789,1.0
18790,0.9275422717663123
18791,0.9830627122877124
18792,0.9998461538461538
18793,1.0
18794,1.0
18795,1.0
18796,1.0
18797,0.9989285714285715
18798,0.6681571564228685
18799,0.1666286279853619
18800,0.40876483175930267
18801,0.9965912698412699
18802,0.9887865454806632
18803,1.0
18804,0.9949523163111398
18805,1.0
18806,0.9626531413031414
18807,0.9911129925629926
18808,0.993729365079365
18809,1.0
18810,0.9973954517704517
18811,1.0
18812,1.0
18813,0.9910938394938394
18814,1.0
18815,1.0
18816,0.9909914696414697
18817,0.9897297258297258
18818,1.0
18819,0.9986730769230769
18820,1.0
18821,1.0
18822,0.9911080641580639
18823,0.9871529914529914
18824,0.41116436172186943
18825,1.0
18826,0.6627036758992644
18827,0.9977396825396825
18828,0.9785408785658788
18829,1.0
18830,1.0
18831,1.0
18832,1.0
18833,0.9942669608169611
18834,0.9990681818181818
18835,1.0
18836,1.0
18837,0.22678500910853852
18838,1.0
18839,1.0
18840,1.0
18841,1.0
18842,1.0
18843,0.9994285714285714
18844,1.0
18845,1.0
18846,1.0
18847,1.0
18848,1.0
18849,1.0
18850,1.0
18851,1.0
18852,0.9997777777777779
18853,0.99797326007326
18854,1.0
18855,1.0
18856,1.0
18857,0.9956484126984129
18858,0.9996363636363637
18859,1.0
18860,0.9982444444444444
18861,0.9538734432234431
18862,1.0
18863,0.9828432234432236
18864,1.0
18865,0.9993333333333334
18866,1.0
18867,1.0
18868,1.0
18869,0.99975
18870,1.0
18871,1.0
18872,1.0
18873,0.9994285714285714
18874,1.0
18875,0.9961411255411255
18876,1.0
18877,0.9701695880916468
18878,1.0
18879,1.0
18880,0.9897130924630924
18881,1.0
18882,1.0
18883,0.9997142857142858
18884,1.0
18885,1.0
18886,1.0
18887,0.9985714285714286
18888,1.0
18889,0.9893237180432226
18890,1.0
18891,1.0
18892,1.0
18893,1.0
18894,1.0
18895,0.9174633738810212
18896,0.9431003219003219
18897,0.572439798600093
18898,0.9778491785991782
18899,0.9997777777777779
18900,1.0
18901,0.9553604895104894
18902,0.751545882222353
18903,1.0
18904,0.9704377344877344
18905,0.9933604395604394
18906,0.9993015873015875
18907,1.0
18908,0.9908253496503499
18909,0.9980285714285715
18910,0.8487933600884835
18911,0.9976294117647058
18912,1.0
18913,1.0
18914,0.6389548697432599
18915,0.9845746031746031
18916,0.7032680045874319
18917,1.0
18918,0.9861822399822399
18919,0.9991111111111111
18920,1.0
18921,1.0
18922,1.0
18923,1.0
18924,1.0
18925,0.9997999999999999
18926,0.9827434287934287
18927,0.9993333333333334
18928,1.0
18929,0.9983843711843712
18930,0.42794051232565183
18931,0.8217258123025928
18932,1.0
18933,0.9257637844697439
18934,1.0
18935,0.07500617878853173
18936,0.9991384615384615
18937,1.0
18938,1.0
18939,0.9829621905871905
18940,1.0
18941,0.9908053391053392
18942,0.8950574533653481
18943,0.9718589299589301
18944,1.0
18945,0.9206354645354646
18946,1.0
18947,0.7142377795069477
18948,1.0
18949,0.9960267676767677
18950,1.0
18951,1.0
18952,0.99975
18953,0.9552862129700366
18954,0.9899925685425687
18955,1.0
18956,0.9978083028083028
18957,0.9994285714285714
18958,1.0
18959,0.9996
18960,0.996
18961,1.0
18962,0.41681686388946465
18963,1.0
18964,1.0
18965,0.9992823529411764
18966,1.0
18967,0.9932772893772894
18968,0.9986309523809525
18969,0.9731205983558925
18970,1.0
18971,1.0
18972,1.0
18973,1.0
18974,0.7280669722434429
18975,1.0
18976,0.9970952380952381
18977,1.0
18978,1.0
18979,0.9979587301587302
18980,1.0
18981,1.0
18982,0.9996666666666667
18983,1.0
18984,0.9782446303696303
18985,1.0
18986,1.0
18987,1.0
18988,0.9992642857142856
18989,1.0
18990,1.0
18991,1.0
18992,0.5501754396016784
18993,0.9847379204129204
18994,0.9804490976859398
18995,1.0
18996,0.7071957739027402
18997,0.9809652242494346
18998,1.0
18999,1.0
19000,1.0
19001,1.0
19002,1.0
19003,0.981234597428715
19004,1.0
19005,1.0
19006,1.0
19007,0.9144768313385961
19008,0.9995999999999999
19009,1.0
19010,0.9991111111111111
19011,0.9979619047619047
19012,1.0
19013,1.0
19014,1.0
19015,0.9997999999999999
19016,0.9070842590416125
19017,0.27935865800865806
19018,0.9992222222222221
19019,1.0
19020,1.0
19021,1.0
19022,1.0
19023,0.9891672050172053
19024,1.0
19025,1.0
19026,1.0
19027,1.0
19028,1.0
19029,1.0
19030,0.9996
19031,0.9837510545010545
19032,0.9640783605283607
19033,1.0
19034,0.9472471854942441
19035,1.0
19036,1.0
19037,0.9992857142857142
19038,1.0
19039,0.9814289072039073
19040,1.0
19041,1.0
19042,0.9928222222222223
19043,1.0
19044,1.0
19045,0.19801018012774993
19046,1.0
19047,0.9977989974937344
19048,0.995823665223665
19049,1.0
19050,1.0
19051,0.9996666666666666
19052,0.9663727383727384
19053,1.0
19054,1.0
19055,1.0
19056,1.0
19057,1.0
19058,0.7271868633430553
19059,1.0
19060,0.6938316085531256
19061,1.0
19062,1.0
19063,0.8700724472389462
19064,0.9963047619047619
19065,1.0
19066,1.0
19067,0.9980919913419912
19068,1.0
19069,1.0
19070,0.21904711562946855
19071,1.0
19072,1.0
19073,1.0
19074,0.9916974845416023
19075,0.9988717948717949
19076,1.0
19077,0.9990634920634921
19078,0.8165758401127599
19079,1.0
19080,1.0
19081,0.979540520753756
19082,0.7070299780285074
19083,1.0
19084,1.0
19085,0.9837513986013986
19086,0.9953483682983684
19087,1.0
19088,0.9997142857142858
19089,0.9647618046985693
19090,0.9715943112443113
19091,1.0
19092,1.0
19093,1.0
19094,1.0
19095,0.996323015873016
19096,0.9988878787878788
19097,0.9858425039013273
19098,0.9998461538461538
19099,0.9642073926073925
19100,1.0
19101,0.9997999999999999
19102,0.9940854978354978
19103,1.0
19104,1.0
19105,1.0
19106,1.0
19107,0.9943008935508937
19108,1.0
19109,0.991714119214119
19110,0.9998823529411764
19111,1.0
19112,1.0
19113,1.0
19114,1.0
19115,1.0
19116,1.0
19117,1.0
19118,0.7414512559336093
19119,1.0
19120,0.9733653790653791
19121,1.0
19122,0.9388365951042422
19123,1.0
19124,0.982941414141414
19125,1.0
19126,0.9926993561993561
19127,1.0
19128,0.9981138583638584
19129,1.0
19130,0.9964873015873016
19131,1.0
19132,1.0
19133,1.0
19134,1.0
19135,1.0
19136,1.0
19137,1.0
19138,0.9995
19139,0.9335971237912414
19140,1.0
19141,1.0
19142,1.0
19143,0.9930871572871574
19144,0.9987045454545456
19145,0.9966223665223665
19146,0.9729696248196247
19147,1.0
19148,1.0
19149,0.9992666666666666
19150,1.0
19151,0.9438690319484438
19152,0.986561371961372
19153,0.9992000000000001
19154,0.9997777777777779
19155,0.9998461538461538
19156,1.0
19157,0.9705286546786549
19158,1.0
19159,0.9936356496444732
19160,1.0
19161,0.9995
19162,1.0
19163,0.4218418337424529
19164,1.0
19165,1.0
19166,1.0
19167,1.0
19168,0.9677855977355977
19169,0.9997142857142858
19170,0.9970045454545454
19171,0.9983500000000001
19172,0.9607868381618384
19173,0.9817503323989393
19174,1.0
19175,1.0
19176,0.99815
19177,1.0
19178,0.9941443917193917
19179,1.0
19180,0.9930251581751582
19181,1.0
19182,0.998361111111111
19183,0.9641949855699856
19184,0.9998571428571429
19185,1.0
19186,1.0
19187,0.9992666666666666
19188,1.0
19189,1.0
19190,0.9995
19191,0.41357490449340056
19192,1.0
19193,1.0
19194,1.0
19195,0.833204141747485
19196,1.0
19197,1.0
19198,1.0
19199,1.0
19200,0.9951063270063268
19201,1.0
19202,1.0
19203,1.0
19204,1.0
19205,0.9619655816405812
19206,1.0
19207,1.0
19208,1.0
19209,1.0
19210,1.0
19211,1.0
19212,1.0
19213,0.9978349206349207
19214,0.9586684426684428
19215,0.8546434664320889
19216,0.9773397773107527
19217,0.9826774332135014
19218,0.9799759435009435
19219,0.9993461538461538
19220,1.0
19221,0.9661571622821622
19222,1.0
19223,1.0
19224,1.0
19225,1.0
19226,1.0
19227,0.9996
19228,1.0
19229,1.0
19230,1.0
19231,1.0
19232,1.0
19233,0.9997142857142858
19234,0.9778252247752247
19235,0.9762485625485623
19236,0.9160733520530862
19237,0.9987350427350427
19238,0.9956556022408963
19239,0.9997999999999999
19240,1.0
19241,1.0
19242,1.0
19243,0.9623041868262459
19244,1.0
19245,1.0
19246,0.9987777777777779
19247,1.0
19248,1.0
19249,1.0
19250,1.0
19251,0.9992698412698412
19252,1.0
19253,0.3315050537611686
19254,0.788739673072026
19255,0.9991666666666668
19256,1.0
19257,1.0
19258,0.9318534992784995
19259,0.9808412332765274
19260,0.9645623118711353
19261,0.873860028860029
19262,0.8715048898813603
19263,1.0
19264,0.9997142857142857
19265,1.0
19266,0.9053702273216977
19267,1.0
19268,0.06456228035810078
19269,1.0
19270,0.9818436341436343
19271,1.0
19272,0.9958564102564103
19273,1.0
19274,1.0
19275,1.0
19276,1.0
19277,0.9989142857142859
19278,0.9989047619047621
19279,1.0
19280,1.0
19281,1.0
19282,1.0
19283,0.8823470072067594
19284,0.9071347180597179
19285,0.9905404095904097
19286,0.997072039072039
19287,0.9417895382395383
19288,1.0
19289,1.0
19290,0.9444557997557999
19291,1.0
19292,1.0
19293,1.0
19294,1.0
19295,1.0
19296,1.0
19297,0.6765028120228582
19298,1.0
19299,1.0
19300,1.0
19301,1.0
19302,0.7513904316271963
19303,1.0
19304,0.9936448051948051
19305,1.0
19306,1.0
19307,1.0
19308,1.0
19309,0.05460624032829913
19310,0.9891036117477293
19311,1.0
19312,1.0
19313,1.0
19314,1.0
19315,1.0
19316,0.9996
19317,0.855474697524698
19318,1.0
19319,1.0
19320,0.9993333333333334
19321,1.0
19322,1.0
19323,0.9961492063492062
19324,0.9996666666666666
19325,0.8711796509046507
19326,0.12430602159278634
19327,0.9951860805860805
19328,0.9980542124542123
19329,0.976556665556666
19330,0.9769131313131312
19331,1.0
19332,0.9982285714285714
19333,0.9988809523809524
19334,1.0
19335,0.9887548356871887
19336,1.0
19337,1.0
19338,0.03590819817437464
19339,0.9787784659784662
19340,1.0
19341,1.0
19342,0.982770707070707
19343,1.0
19344,0.44331181499099453
19345,1.0
19346,0.9913410533910535
19347,1.0
19348,1.0
19349,0.9958161976911978
19350,0.2068931803490627
19351,1.0
19352,0.995080758457229
19353,0.9996
19354,1.0
19355,1.0
19356,1.0
19357,1.0
19358,0.9990515873015874
19359,1.0
19360,0.0998090018168966
19361,0.9957335164835164
19362,1.0
19363,0.4614030810263007
19364,1.0
19365,1.0
19366,0.9994545454545454
19367,1.0
19368,0.4879036145656889
19369,1.0
19370,1.0
19371,0.8719585365614775
19372,1.0
19373,0.7099630963291959
19374,0.996486247086247
19375,1.0
19376,0.9969642857142856
19377,1.0
19378,0.9918109945609945
19379,1.0
19380,0.9993777777777778
19381,0.9917952214452215
19382,1.0
19383,1.0
19384,0.21229489148622285
19385,0.9986785714285714
19386,0.999
19387,1.0
19388,0.9903692918192919
19389,1.0
19390,0.48873351279783184
19391,0.9997142857142858
19392,1.0
19393,0.9821899267399268
19394,1.0
19395,0.9988285714285714
19396,1.0
19397,1.0
19398,1.0
19399,0.9958123015873017
19400,1.0
19401,1.0
19402,1.0
19403,1.0
19404,1.0
19405,1.0
19406,1.0
19407,1.0
19408,0.9931954101454101
19409,0.9984273504273504
19410,1.0
19411,1.0
19412,1.0
19413,1.0
19414,1.0
19415,1.0
19416,0.7923314213564213
19417,1.0
19418,1.0
19419,1.0
19420,0.9771816647404883
19421,0.9765372512334586
19422,1.0
19423,1.0
19424,0.9963296370296371
19425,0.9907725682813916
19426,0.9977300865800867
19427,1.0
19428,1.0
19429,0.7292885851077033
19430,1.0
19431,1.0
19432,0.9697832001332005
19433,0.8367338423014897
19434,0.996900432900433
19435,0.9663247086247084
19436,0.6735521926817588
19437,1.0
19438,1.0
19439,1.0
19440,0.992257142857143
19441,1.0
19442,1.0
19443,1.0
19444,0.9908370185370184
19445,1.0
19446,0.9974967532467534
19447,1.0
19448,1.0
19449,1.0
19450,0.9993777777777778
19451,0.8383244867877214
19452,0.9361178821178823
19453,1.0
19454,0.9982051282051283
19455,1.0
19456,1.0
19457,1.0
19458,1.0
19459,1.0
19460,1.0
19461,1.0
19462,0.8878498247968064
19463,1.0
19464,1.0
19465,0.9993809523809523
19466,0.9956327838827838
19467,0.9997142857142858
19468,0.9998333333333334
19469,0.996582905982906
19470,1.0
19471,1.0
19472,0.998482905982906
19473,0.9482764790764792
19474,1.0
19475,0.9186445144724557
19476,1.0
19477,1.0
19478,0.8099247562894618
19479,1.0
19480,0.9995
19481,1.0
19482,0.9984217948717948
19483,1.0
19484,0.9996666666666667
19485,1.0
19486,0.9554962148962148
19487,1.0
19488,1.0
19489,0.5240670081466525
19490,0.9995555555555556
19491,1.0
19492,1.0
19493,0.9996666666666667
19494,0.6819245283317065
19495,0.9822915429341902
19496,0.9305998917748921
19497,0.9995
19498,0.9743158619158623
19499,1.0
19500,0.9477345959595961
19501,1.0
19502,1.0
19503,1.0
19504,1.0
19505,1.0
19506,1.0
19507,1.0
19508,1.0
19509,1.0
19510,1.0
19511,1.0
19512,1.0
19513,0.9995555555555555
19514,1.0
19515,1.0
19516,0.8799334379672612
19517,1.0
19518,1.0
19519,1.0
19520,0.7659466834678911
19521,0.7942380314130312
19522,1.0
19523,1.0
19524,1.0
19525,1.0
19526,0.9864359584859586
19527,1.0
19528,0.9983545454545455
19529,0.6987782516073534
19530,0.9690698024198026
19531,1.0
19532,0.6717988398856043
19533,0.9997999999999999
19534,0.9946128205128205
19535,0.985654512154512
19536,0.5909636813393008
19537,1.0
19538,1.0
19539,1.0
19540,0.9996666666666666
19541,0.9967969474969474
19542,1.0
19543,1.0
19544,0.9989273504273505
19545,1.0
19546,1.0
19547,1.0
19548,0.9974299034299035
19549,0.9958476190476191
19550,0.5652676966824027
19551,1.0
19552,1.0
19553,1.0
19554,0.23672602397602394
19555,0.4553662856579264
19556,0.9995959595959596
19557,1.0
19558,1.0
19559,1.0
19560,0.8458847951068537
19561,1.0
19562,0.9643427695111907
19563,1.0
19564,1.0
19565,1.0
19566,0.5234806559453618
19567,1.0
19568,0.7311643172187284
19569,1.0
19570,0.9942243379169851
19571,1.0
19572,0.9527711871461872
19573,0.9932498556998556
19574,1.0
19575,1.0
19576,1.0
19577,0.9842033592224769
19578,1.0
19579,1.0
19580,1.0
19581,1.0
19582,1.0
19583,1.0
19584,0.5017324298250769
19585,0.8560044960887067
19586,0.9741629713423834
19587,1.0
19588,1.0
19589,1.0
19590,1.0
19591,1.0
19592,1.0
19593,0.9893613109113107
19594,1.0
19595,0.997610902255639
19596,1.0
19597,0.9922926406926407
19598,1.0
19599,1.0
19600,1.0
19601,1.0
19602,0.9969843489843491
19603,1.0
19604,0.9090455738705733
19605,1.0
19606,1.0
19607,0.7346433292056058
19608,0.9994545454545455
19609,0.9987272727272728
19610,1.0
19611,1.0
19612,0.513554559183507
19613,1.0
19614,0.9980373015873018
19615,0.9996
19616,0.9996666666666666
19617,0.9996666666666666
19618,1.0
19619,1.0
19620,0.6293165228562289
19621,0.9997142857142858
19622,1.0
19623,1.0
19624,0.9981131221719457
19625,1.0
19626,0.9985606837606836
19627,1.0
19628,1.0
19629,1.0
19630,0.9996666666666666
19631,0.9967263625263626
19632,0.9988730158730158
19633,1.0
19634,1.0
19635,0.9387247571142306
19636,1.0
19637,0.8312805369896705
19638,0.9240432023858494
19639,0.9995
19640,0.9997142857142857
19641,0.9997777777777779
19642,1.0
19643,1.0
19644,0.9809758842464724
19645,0.9377627085332969
19646,0.9996666666666666
19647,0.9432201040789273
19648,1.0
19649,0.9893183430948137
19650,1.0
19651,1.0
19652,0.939696435917024
19653,0.998547619047619
19654,0.9996
19655,0.996995238095238
19656,1.0
19657,1.0
19658,1.0
19659,1.0
19660,1.0
19661,1.0
19662,0.9911787268287269
19663,0.9979327838827838
19664,1.0
19665,0.4072564565521524
19666,1.0
19667,0.9851143323996262
19668,0.9932744588744589
19669,1.0
19670,1.0
19671,1.0
19672,1.0
19673,1.0
19674,1.0
19675,1.0
19676,1.0
19677,1.0
19678,0.9985961538461539
19679,1.0
19680,0.9333690633927475
19681,1.0
19682,1.0
19683,1.0
19684,1.0
19685,0.99975
19686,0.9978045454545454
19687,0.99975
19688,1.0
19689,1.0
19690,0.8649557594022764
19691,0.9995555555555555
19692,0.9959738095238097
19693,0.9451852369852372
19694,0.99975
19695,0.01769392624918941
19696,1.0
19697,0.9992348484848483
19698,0.9825627594627596
19699,0.9998333333333334
19700,0.9855025030525032
19701,0.9993333333333334
19702,1.0
19703,1.0
19704,1.0
19705,0.9991428571428571
19706,1.0
19707,0.9986904761904762
19708,0.7341873100154057
19709,0.9457851354527825
19710,0.7104417598655213
19711,1.0
19712,1.0
19713,1.0
19714,0.21997023784608932
19715,1.0
19716,0.7041003810688797
19717,1.0
19718,1.0
19719,1.0
19720,0.9507484110660581
19721,1.0
19722,1.0
19723,0.9996666666666667
19724,0.9068536039983408
19725,0.9902174603174604
19726,0.998920634920635
19727,0.9994461538461539
19728,0.9882395382395383
19729,0.8755013835837364
19730,0.6823345311551197
19731,0.16986790448113984
19732,1.0
19733,0.99925
19734,1.0
19735,1.0
19736,0.2685516481454561
19737,1.0
19738,1.0
19739,1.0
19740,0.9996
19741,1.0
19742,0.9997142857142857
19743,0.9996
19744,0.9998461538461538
19745,1.0
19746,0.9729124653124652
19747,0.9451430922019157
19748,1.0
19749,1.0
19750,1.0
19751,1.0
19752,0.8374100454250739
19753,1.0
19754,1.0
19755,0.054748029748029746
19756,0.6017286897742775
19757,0.997814935064935
19758,0.9445536233374465
19759,1.0
19760,0.9997777777777779
19761,0.9960724822563057
19762,1.0
19763,1.0
19764,1.0
19765,1.0
19766,0.9995
19767,1.0
19768,1.0
19769,1.0
19770,0.9984357142857143
19771,1.0
19772,1.0
19773,1.0
19774,1.0
19775,0.9959273448773449
19776,0.9285613386613384
19777,1.0
19778,1.0
19779,1.0
19780,1.0
19781,0.9987134199134199
19782,0.20737421367761935
19783,1.0
19784,1.0
19785,1.0
19786,0.9996
19787,1.0
19788,0.9589475302475304
19789,0.05178567821067819
19790,1.0
19791,1.0
19792,1.0
19793,0.9977536796536797
19794,0.9989142857142859
19795,1.0
19796,1.0
19797,1.0
19798,0.9735505618564442
19799,0.26195523662783715
19800,0.9946126984126983
19801,0.9884484182484186
19802,0.9998181818181818
19803,0.9717900072150071
19804,0.08619801864801864
19805,0.9994285714285714
19806,0.5838734339705705
19807,1.0
19808,1.0
19809,0.909038805149099
19810,1.0
19811,1.0
19812,0.2688551526560815
19813,0.9882515024191496
19814,1.0
19815,0.9997142857142858
19816,0.9968622952211189
19817,1.0
19818,1.0
19819,1.0
19820,1.0
19821,1.0
19822,1.0
19823,1.0
19824,0.6767720443385304
19825,0.9994166666666666
19826,1.0
19827,1.0
19828,1.0
19829,0.9938171550671551
19830,0.9955995726495726
19831,1.0
19832,0.5187465750108162
19833,0.9291220649147894
19834,0.997412554112554
19835,0.9954893939393938
19836,0.9964215665053902
19837,1.0
19838,1.0
19839,1.0
19840,1.0
19841,1.0
19842,0.7689064075930948
19843,1.0
19844,1.0
19845,1.0
19846,1.0
19847,1.0
19848,1.0
19849,0.9361225663225663
19850,0.9874276112776111
19851,0.9981470588235294
19852,1.0
19853,0.9982698412698413
19854,1.0
19855,0.9779713453213453
19856,0.3603109013105918
19857,1.0
19858,1.0
19859,1.0
19860,1.0
19861,1.0
19862,0.9820943861693862
19863,0.07156552238611061
19864,0.9971500000000001
19865,1.0
19866,0.9997142857142858
19867,0.9971766233766233
19868,0.9634633632449421
19869,1.0
19870,0.9875787046287047
19871,1.0
19872,0.9858458152958153
19873,1.0
19874,1.0
19875,1.0
19876,1.0
19877,0.9681755551637907
19878,1.0
19879,1.0
19880,1.0
19881,1.0
19882,0.7739227635281812
19883,0.9997777777777779
19884,1.0
19885,1.0
19886,1.0
19887,0.9957043345543346
19888,0.9626890844449668
19889,1.0
19890,1.0
19891,0.8032953299968004
19892,0.6892457611016428
19893,1.0
19894,1.0
19895,0.8729873640291597
19896,1.0
19897,1.0
19898,1.0
19899,1.0
19900,1.0
19901,0.7034323436797121
19902,1.0
19903,1.0
19904,1.0
19905,1.0
19906,0.9958966810966812
19907,0.5907501600652527
19908,0.9008469971205266
19909,0.9763095258542628
19910,0.9959857142857144
19911,0.26886754213278985
19912,0.9988809523809524
19913,0.9721574814074813
19914,1.0
19915,0.9997999999999999
19916,0.9788117660117659
19917,1.0
19918,0.9992857142857143
19919,0.9984656862745097
19920,0.9791809859301344
19921,1.0
19922,1.0
19923,1.0
19924,1.0
19925,1.0
19926,0.9925352425352427
19927,1.0
19928,1.0
19929,1.0
19930,0.7674008401391262
19931,0.9116395152233393
19932,1.0
19933,0.9518930819180821
19934,1.0
19935,1.0
19936,0.9969
19937,1.0
19938,0.9996666666666666
19939,0.9936862332112334
19940,1.0
19941,1.0
19942,0.9995714285714286
19943,0.3876990362578597
19944,0.9506739454989457
19945,1.0
19946,0.9997999999999999
19947,1.0
19948,1.0
19949,0.49292294988293456
19950,0.9997142857142857
19951,1.0
19952,0.9998333333333332
19953,0.36713805938643407
19954,1.0
19955,1.0
19956,1.0
19957,0.803610622507419
19958,0.9864359584859586
19959,0.9997142857142857
19960,1.0
19961,0.8422167962412542
19962,0.7589019950637602
19963,1.0
19964,1.0
19965,1.0
19966,1.0
19967,1.0
19968,0.9860363636363636
19969,1.0
19970,0.9972606837606839
19971,0.9986
19972,0.99975
19973,0.9681921598009829
19974,0.9983737373737372
19975,1.0
19976,1.0
19977,0.8120204509628659
19978,0.9910318903318905
19979,0.9989769119769121
19980,1.0
19981,1.0
19982,0.9731073872463968
19983,1.0
19984,1.0
19985,1.0
19986,0.9993333333333334
19987,1.0
19988,0.9994545454545455
19989,1.0
19990,0.49508660897925627
19991,1.0
19992,0.9945566972243443
19993,1.0
19994,0.9996363636363637
19995,1.0
19996,0.9994642857142857
19997,0.9996
19998,1.0
19999,0.9996666666666667
20000,0.9754841880341879
20001,0.9537238317238315
20002,1.0
20003,1.0
20004,0.99975
20005,1.0
20006,1.0
20007,1.0
20008,1.0
20009,1.0
20010,1.0
20011,1.0
20012,1.0
20013,0.9552804501054496
20014,1.0
20015,1.0
20016,0.9747790896238266
20017,1.0
20018,1.0
20019,1.0
20020,1.0
20021,1.0
20022,0.9989285714285715
20023,1.0
20024,1.0
20025,1.0
20026,1.0
20027,0.9880420967920969
20028,1.0
20029,0.9965742562992563
20030,1.0
20031,1.0
20032,1.0
20033,1.0
20034,0.9966228758169934
20035,1.0
20036,1.0
20037,1.0
20038,1.0
20039,0.9988
20040,1.0
20041,0.7057347652347652
20042,0.8982245596336933
20043,1.0
20044,0.8798297480297483
20045,0.9960603174603175
20046,0.9736405927405929
20047,0.9824609668109666
20048,1.0
20049,1.0
20050,0.4993647324897327
20051,1.0
20052,0.24351083361083356
20053,1.0
20054,1.0
20055,1.0
20056,0.9966238095238097
20057,0.9732081390831393
20058,1.0
20059,0.9965468253968253
20060,1.0
20061,0.6522527882248469
20062,1.0
20063,1.0
20064,1.0
20065,1.0
20066,1.0
20067,1.0
20068,0.9996
20069,0.9995128205128204
20070,1.0
20071,0.9986536796536796
20072,0.9980714285714286
20073,0.99805
20074,0.9762181746358217
20075,1.0
20076,0.7951421240610097
20077,0.9510441835941837
20078,1.0
20079,1.0
20080,0.9829761793761795
20081,0.9851022880370403
20082,0.9998333333333334
20083,1.0
20084,0.8614212953712953
20085,1.0
20086,1.0
20087,1.0
20088,1.0
20089,0.7481911873558152
20090,1.0
20091,1.0
20092,0.9991142857142856
20093,0.7021044219110782
20094,0.9996666666666666
20095,0.9958777777777778
20096,1.0
20097,1.0
20098,1.0
20099,0.9668825302148835
20100,1.0
20101,1.0
20102,1.0
20103,1.0
20104,1.0
20105,0.9997142857142858
20106,0.9727865523365526
20107,1.0
20108,1.0
20109,0.9942743867243868
20110,0.9996
20111,1.0
20112,0.99975
20113,0.9931209457209458
20114,0.9985324675324674
20115,0.9987785714285715
20116,1.0
20117,0.8444527584128981
20118,0.946903774003774
20119,1.0
20120,0.9980384615384615
20121,1.0
20122,1.0
20123,1.0
20124,0.9804710400710401
20125,1.0
20126,0.9983333333333334
20127,0.9985753968253969
20128,1.0
20129,1.0
20130,0.9765010378510377
20131,0.9994666666666666
20132,1.0
20133,1.0
20134,0.974432683982684
20135,1.0
20136,0.9975772750125691
20137,1.0
20138,1.0
20139,1.0
20140,1.0
20141,0.7839229513950103
20142,0.9977251803751804
20143,0.9874075757575759
20144,1.0
20145,1.0
20146,0.9989999999999999
20147,0.9976906835854205
20148,1.0
20149,1.0
20150,0.9985833333333333
20151,0.9933168664668666
20152,0.9998461538461538
20153,0.999
20154,0.9967474025974025
20155,0.9762148006963797
20156,1.0
20157,1.0
20158,0.9993333333333334
20159,0.9759588494838495
20160,1.0
20161,0.9000401101822161
20162,1.0
20163,0.6827845812684049
20164,0.9427126678876675
20165,0.9994545454545454
20166,0.946801783158362
20167,0.9964095238095237
20168,0.9984126984126983
20169,1.0
20170,1.0
20171,1.0
20172,1.0
20173,1.0
20174,1.0
20175,0.92107605466429
20176,1.0
20177,1.0
20178,0.5202919417613692
20179,0.5510743466457863
20180,1.0
20181,0.9998823529411764
20182,1.0
20183,1.0
20184,1.0
20185,1.0
20186,1.0
20187,0.9845432678432682
20188,1.0
20189,0.9997777777777779
20190,1.0
20191,1.0
20192,1.0
20193,1.0
20194,1.0
20195,0.019044358419358417
20196,0.9989299719887955
20197,1.0
20198,1.0
20199,1.0
20200,1.0
20201,1.0
20202,0.7890914350355529
20203,1.0
20204,1.0
20205,1.0
20206,1.0
20207,0.9992923076923078
20208,1.0
20209,0.9782571595071595
20210,1.0
20211,0.9957690753690753
20212,1.0
20213,0.9838500055500055
20214,0.3145686868686869
20215,1.0
20216,0.9984624395212631
20217,1.0
20218,1.0
20219,1.0
20220,0.44202764376146747
20221,1.0
20222,1.0
20223,0.9998823529411764
20224,1.0
20225,0.8105511797026499
20226,1.0
20227,1.0
20228,0.9969944139194139
20229,1.0
20230,0.7990634184786658
20231,0.9996
20232,0.9988611111111112
20233,1.0
20234,0.997453823953824
20235,1.0
20236,0.992321428863534
20237,0.999547619047619
20238,0.653190025987085
20239,1.0
20240,0.9133568267645665
20241,1.0
20242,1.0
20243,0.9754814259270141
20244,0.9997999999999999
20245,0.9313916003672975
20246,0.9997999999999999
20247,1.0
20248,0.6427985885459564
20249,1.0
20250,1.0
20251,1.0
20252,1.0
20253,1.0
20254,0.954347230383995
20255,0.9878087190587193
20256,1.0
20257,0.9995
20258,1.0
20259,1.0
20260,1.0
20261,0.9995
20262,1.0
20263,1.0
20264,0.9883964646464648
20265,1.0
20266,0.9985111111111109
20267,0.9994920634920635
20268,0.9618317515817517
20269,0.9998181818181818
20270,0.9991495726495727
20271,1.0
20272,0.9978060606060606
20273,0.9989333333333333
20274,0.9982111111111112
20275,1.0
20276,0.9971688311688311
20277,0.9259681619292301
20278,0.7241192552631411
20279,1.0
20280,1.0
20281,1.0
20282,1.0
20283,1.0
20284,1.0
20285,0.9672940118704821
20286,0.9994423076923077
20287,1.0
20288,0.42626379829321004
20289,1.0
20290,0.9922568542568543
20291,1.0
20292,0.9996666666666666
20293,0.99975
20294,1.0
20295,0.48391575454129676
20296,0.9572371755437546
20297,1.0
20298,1.0
20299,0.8502153469681334
20300,1.0
20301,0.9702562021312021
20302,1.0
20303,0.9964325396825396
20304,0.9262623434185353
20305,1.0
20306,0.9832898601398604
20307,1.0
20308,1.0
20309,0.9993333333333333
20310,1.0
20311,1.0
20312,0.9513381729381732
20313,1.0
20314,1.0
20315,0.9818095127095129
20316,1.0
20317,0.9994285714285714
20318,0.9980539682539683
20319,1.0
20320,0.949451475485299
20321,0.9402589607760664
20322,1.0
20323,1.0
20324,0.9761687784437785
20325,1.0
20326,0.9996666666666666
20327,1.0
20328,1.0
20329,0.9996333333333334
20330,0.993624111999112
20331,1.0
20332,0.9990017094017094
20333,1.0
20334,1.0
20335,0.9996666666666666
20336,1.0
20337,0.5453881523705055
20338,1.0
20339,0.9576220362970363
20340,1.0
20341,1.0
20342,0.996526911976912
20343,1.0
20344,0.9504349859291034
20345,0.9892880508380508
20346,0.9840522144522145
20347,1.0
20348,1.0
20349,1.0
20350,1.0
20351,1.0
20352,1.0
20353,1.0
20354,1.0
20355,0.9464483914778035
20356,1.0
20357,1.0
20358,0.6594347747367874
20359,1.0
20360,0.9923420634920636
20361,1.0
20362,0.9982363636363637
20363,1.0
20364,1.0
20365,0.9887632034632036
20366,1.0
20367,1.0
20368,1.0
20369,0.9950642135642135
20370,0.865365953344901
20371,1.0
20372,1.0
20373,0.9763606183032656
20374,1.0
20375,1.0
20376,0.9994545454545455
20377,0.9996666666666666
20378,1.0
20379,0.9562164224664225
20380,0.9995
20381,1.0
20382,1.0
20383,0.9987777777777779
20384,0.9988436974789917
20385,0.9997777777777779
20386,0.6932053221288516
20387,1.0
20388,0.9968178266178266
20389,1.0
20390,0.9975055555555554
20391,1.0
20392,0.9975119047619048
20393,1.0
20394,0.9987272727272728
20395,1.0
20396,1.0
20397,0.998124531024531
20398,1.0
20399,1.0
20400,0.9997777777777779
20401,1.0
20402,1.0
20403,0.9820227133977133
20404,1.0
20405,1.0
20406,1.0
20407,0.9734891802641802
20408,0.9827274891774892
20409,0.9997999999999999
20410,1.0
20411,0.9832134199134199
20412,1.0
20413,0.9952071428571428
20414,1.0
20415,0.9992619047619048
20416,0.6855500095106133
20417,1.0
20418,1.0
20419,1.0
20420,1.0
20421,0.9676583889622588
20422,0.09221580298786179
20423,1.0
20424,0.9998181818181817
20425,0.36908993703235177
20426,0.99396278998779
20427,1.0
20428,1.0
20429,1.0
20430,0.8978129600791362
20431,1.0
20432,1.0
20433,1.0
20434,1.0
20435,0.9982854978354978
20436,1.0
20437,0.9990848484848484
20438,0.9630056542872334
20439,0.9763040681540681
20440,1.0
20441,0.9992698412698412
20442,0.9987142857142857
20443,0.9995555555555555
20444,1.0
20445,1.0
20446,1.0
20447,0.00476990231990232
20448,0.8943113396407513
20449,1.0
20450,0.9463177427006072
20451,1.0
20452,0.9994285714285714
20453,0.9946930791430794
20454,1.0
20455,0.9412107093886508
20456,1.0
20457,1.0
20458,0.99975
20459,0.9998181818181817
20460,0.8894204987822627
20461,0.9598354617604616
20462,1.0
20463,0.9990476190476191
20464,0.9693553311068017
20465,1.0
20466,0.9984772727272727
20467,1.0
20468,0.9984273504273503
20469,1.0
20470,0.9992142857142856
20471,0.9992000000000001
20472,0.997951515151515
20473,1.0
20474,1.0
20475,0.9978003663003664
20476,0.9937089466089465
20477,1.0
20478,0.24215389835482723
20479,1.0
20480,0.9976317460317462
20481,1.0
20482,1.0
20483,1.0
20484,0.9996363636363637
20485,0.9971218448218448
20486,0.9859247086247083
20487,1.0
20488,1.0
20489,0.9635915793185146
20490,1.0
20491,0.05055334110334111
20492,0.9993333333333334
20493,0.9831992174492172
20494,0.5571750608868253
20495,1.0
20496,1.0
20497,1.0
20498,1.0
20499,0.9973217948717948
20500,1.0
20501,1.0
20502,0.6082001302275297
20503,1.0
20504,0.99925
20505,1.0
20506,0.999
20507,1.0
20508,0.8572890453973271
20509,1.0
20510,1.0
20511,0.9712795593295593
20512,0.9985437728937729
20513,0.9979305555555555
20514,1.0
20515,0.9997142857142858
20516,0.99975
20517,0.7477522447290375
20518,1.0
20519,0.9990545454545454
20520,1.0
20521,0.9989166666666667
20522,0.9336929459429458
20523,1.0
20524,1.0
20525,1.0
20526,1.0
20527,1.0
20528,0.9971376623376623
20529,0.9997142857142858
20530,1.0
20531,1.0
20532,1.0
20533,0.9878127122877125
20534,0.9929529528950579
20535,0.9496541791541795
20536,0.9996
20537,1.0
20538,0.9653662642912643
20539,1.0
20540,0.9756595527021998
20541,0.9997999999999999
20542,0.9958638888888891
20543,0.9913219946719946
20544,1.0
20545,1.0
20546,1.0
20547,1.0
20548,1.0
20549,1.0
20550,1.0
20551,1.0
20552,1.0
20553,0.9924640914640915
20554,1.0
20555,0.5691871086343999
20556,0.5653923352790997
20557,1.0
20558,1.0
20559,0.9989137254901962
20560,1.0
20561,0.8319234852093212
20562,0.998
20563,0.6604473547694137
20564,1.0
20565,0.9556015484515485
20566,1.0
20567,0.35947609628933175
20568,0.8948659534909535
20569,0.9628043345543346
20570,1.0
20571,0.999
20572,1.0
20573,0.9981601731601731
20574,1.0
20575,0.9992420634920635
20576,1.0
20577,1.0
20578,1.0
20579,0.9970781440781442
20580,1.0
20581,1.0
20582,0.6008984966186206
20583,1.0
20584,0.7425521493212668
20585,1.0
20586,0.9997142857142858
20587,1.0
20588,1.0
20589,0.20921694207924868
20590,0.9997999999999999
20591,1.0
20592,0.9997142857142858
20593,1.0
20594,1.0
20595,1.0
20596,1.0
20597,1.0
20598,1.0
20599,0.9974047619047619
20600,1.0
20601,1.0
20602,1.0
20603,1.0
20604,0.9993142857142857
20605,1.0
20606,1.0
20607,1.0
20608,1.0
20609,0.9981989898989899
20610,1.0
20611,0.9967863636363636
20612,0.9963898620986856
20613,0.9153171002200412
20614,1.0
20615,1.0
20616,1.0
20617,0.9984412698412698
20618,0.5807078837141526
20619,1.0
20620,0.9977238095238096
20621,0.9976428571428572
20622,0.9945608558108558
20623,0.9905909951159951
20624,0.9993277777777778
20625,0.9988051948051948
20626,1.0
20627,1.0
20628,1.0
20629,0.9990000000000001
20630,0.720562360841773
20631,1.0
20632,1.0
20633,0.9819479104229105
20634,1.0
20635,1.0
20636,1.0
20637,0.9942644855144855
20638,0.9071156787656786
20639,0.9952492063492063
20640,0.9947626262626262
20641,0.6853615784542252
20642,0.8195417331034979
20643,1.0
20644,1.0
20645,0.9927854034854035
20646,0.9991
20647,1.0
20648,0.9995
20649,1.0
20650,1.0
20651,1.0
20652,1.0
20653,1.0
20654,0.35125639546212284
20655,1.0
20656,1.0
20657,1.0
20658,0.9964539016539018
20659,1.0
20660,1.0
20661,1.0
20662,0.9680546425796429
20663,0.9932548840048838
20664,0.9996333333333334
20665,1.0
20666,1.0
20667,1.0
20668,1.0
20669,1.0
20670,0.9995
20671,1.0
20672,1.0
20673,1.0
20674,1.0
20675,0.9569680262547908
20676,1.0
20677,0.9993333333333334
20678,1.0
20679,0.4579079574020752
20680,1.0
20681,1.0
20682,1.0
20683,0.8639351493020228
20684,0.9952865578865578
20685,0.9993777777777778
20686,1.0
20687,0.9400086449755951
20688,0.8577847631127047
20689,1.0
20690,1.0
20691,1.0
20692,1.0
20693,1.0
20694,1.0
20695,1.0
20696,0.40025209463738876
20697,1.0
20698,1.0
20699,0.4629896576677535
20700,1.0
20701,1.0
20702,1.0
20703,1.0
20704,1.0
20705,1.0
20706,1.0
20707,0.9547915723165723
20708,0.9994166666666666
20709,1.0
20710,0.9995
20711,0.9922802669552669
20712,1.0
20713,1.0
20714,1.0
20715,1.0
20716,1.0
20717,1.0
20718,0.9915361308626015
20719,0.8404451016303957
20720,1.0
20721,0.9154159967483496
20722,0.9721872586563759
20723,1.0
20724,0.20499250749250747
20725,1.0
20726,0.9821234265734268
20727,0.9457417967481436
20728,1.0
20729,0.9969151404151404
20730,0.9865834332334332
20731,0.4056922335285003
20732,1.0
20733,1.0
20734,0.9789452713952712
20735,1.0
20736,1.0
20737,1.0
20738,1.0
20739,1.0
20740,0.49264315951506343
20741,0.9996
20742,0.446274012477031
20743,1.0
20744,1.0
20745,1.0
20746,1.0
20747,1.0
20748,1.0
20749,1.0
20750,1.0
20751,0.987604365079365
20752,1.0
20753,0.9991785714285715
20754,1.0
20755,1.0
20756,1.0
20757,0.9530782749080087
20758,0.9976714285714285
20759,0.9970856421356422
20760,0.985305200681671
20761,0.9994285714285714
20762,1.0
20763,1.0
20764,1.0
20765,1.0
20766,1.0
20767,0.9991785714285715
20768,0.9998181818181817
20769,1.0
20770,0.9875787046287047
20771,0.9976346320346321
20772,0.994461111111111
20773,1.0
20774,0.9764519119769121
20775,1.0
20776,1.0
20777,0.9500403596833162
20778,0.9988461538461538
20779,0.254809976581726
20780,1.0
20781,0.999547619047619
20782,0.9982984126984127
20783,1.0
20784,1.0
20785,0.9812388226152932
20786,1.0
20787,0.9799864733305909
20788,0.9960820707070708
20789,0.9997777777777779
20790,1.0
20791,1.0
20792,1.0
20793,1.0
20794,1.0
20795,1.0
20796,1.0
20797,1.0
20798,0.9996666666666666
20799,0.9955768398268398
20800,1.0
20801,0.9974978392952076
20802,0.9996
20803,1.0
20804,0.9994226190476191
20805,1.0
20806,1.0
20807,1.0
20808,0.9957893217893218
20809,1.0
20810,1.0
20811,0.9980404040404041
20812,0.5504973375953255
20813,0.980275541125541
20814,1.0
20815,0.9923226107226109
20816,1.0
20817,1.0
20818,0.9987619047619049
20819,1.0
20820,0.9905030009206479
20821,1.0
20822,0.9993500000000001
20823,1.0
20824,0.9965048840048839
20825,0.8650720362970358
20826,1.0
20827,0.9994074675324677
20828,0.9998181818181817
20829,0.801744461180375
20830,0.9218267795929559
20831,1.0
20832,1.0
20833,1.0
20834,0.37995290248966723
20835,1.0
20836,1.0
20837,0.9933870204958439
20838,1.0
20839,1.0
20840,1.0
20841,0.9991428571428571
20842,1.0
20843,1.0
20844,1.0
20845,0.7754143563952388
20846,1.0
20847,1.0
20848,1.0
20849,1.0
20850,0.9955375541125541
20851,0.9975119047619049
20852,0.4121167093742169
20853,1.0
20854,1.0
20855,1.0
20856,1.0
20857,1.0
20858,0.99875
20859,1.0
20860,0.9655988423341361
20861,0.9981388888888889
20862,0.9983500000000001
20863,0.6346988552297375
20864,0.9699131590631591
20865,0.9922926406926407
20866,1.0
20867,0.9706845487845487
20868,0.9993333333333334
20869,0.9995555555555555
20870,0.9965375457875458
20871,0.0548223514789304
20872,0.9992051282051282
20873,1.0
20874,0.9995
20875,0.99975
20876,1.0
20877,1.0
20878,0.8116167871344343
20879,1.0
20880,1.0
20881,1.0
20882,1.0
20883,1.0
20884,0.9509526501276502
20885,1.0
20886,0.9707600557938794
20887,1.0
20888,0.9353076900223958
20889,1.0
20890,0.9835560495060497
20891,0.7376068452789041
20892,1.0
20893,1.0
20894,0.9893311827061828
20895,0.9991428571428571
20896,0.9994444444444445
20897,0.9960642857142857
20898,1.0
20899,1.0
20900,0.9996666666666667
20901,1.0
20902,1.0
20903,1.0
20904,0.29123586580258415
20905,1.0
20906,0.9281583078514196
20907,0.9926920634920634
20908,1.0
20909,0.9993333333333334
20910,1.0
20911,0.973256637076374
20912,0.9997999999999999
20913,0.9984444444444445
20914,1.0
20915,1.0
20916,0.9996666666666667
20917,0.9979712121212121
20918,1.0
20919,0.9795761917820741
20920,1.0
20921,0.9632355180766945
20922,1.0
20923,1.0
20924,0.9993333333333334
20925,0.9944978632478632
20926,0.9937674603174603
20927,0.9729067599067602
20928,1.0
20929,1.0
20930,0.9568947413697414
20931,1.0
20932,1.0
20933,1.0
20934,0.13586192483986603
20935,1.0
20936,0.99875
20937,1.0
20938,0.9919571428571429
20939,0.9832157176157177
20940,0.9982448412698413
20941,1.0
20942,0.987661532911533
20943,1.0
20944,0.9997999999999999
20945,1.0
20946,1.0
20947,1.0
20948,0.9996
20949,1.0
20950,1.0
20951,1.0
20952,0.9819932234432234
20953,0.3552522004053737
20954,0.7219918388800742
20955,1.0
20956,1.0
20957,0.6428003042279363
20958,1.0
20959,1.0
20960,0.9987565934065934
20961,0.12108520513714015
20962,1.0
20963,0.5620039690271885
20964,1.0
20965,1.0
20966,1.0
20967,1.0
20968,0.78465314636344
20969,0.6887378836076208
20970,0.9997142857142857
20971,1.0
20972,0.9997777777777779
20973,1.0
20974,1.0
20975,1.0
20976,1.0
20977,1.0
20978,1.0
20979,1.0
20980,0.35271445754108294
20981,0.18719663803688583
20982,0.9769604333231269
20983,1.0
20984,1.0
20985,1.0
20986,1.0
20987,1.0
20988,1.0
20989,0.9984273504273504
20990,0.9117792696381706
20991,1.0
20992,0.9671846853438956
20993,0.9992000000000001
20994,0.9991794871794872
20995,0.9918522111875053
20996,1.0
20997,0.9947626262626262
20998,0.9965725885225885
20999,0.29417146493856994
21000,0.9998823529411764
21001,1.0
21002,0.5388199031360792
21003,0.9952969696969698
21004,0.6526999517080779
21005,1.0
21006,0.999
21007,1.0
21008,1.0
21009,1.0
21010,1.0
21011,1.0
21012,1.0
21013,0.9992363636363637
21014,1.0
21015,1.0
21016,1.0
21017,1.0
21018,0.9914886724386724
21019,1.0
21020,0.9383009296259296
21021,0.9848449480344215
21022,1.0
21023,1.0
21024,1.0
21025,1.0
21026,0.9976809523809523
21027,1.0
21028,0.9984285714285714
21029,1.0
21030,1.0
21031,0.9827313297813296
21032,1.0
21033,1.0
21034,1.0
21035,0.984349191984486
21036,0.995044687665276
21037,1.0
21038,1.0
21039,1.0
21040,1.0
21041,1.0
21042,0.9997142857142858
21043,1.0
21044,0.9977803307803308
21045,1.0
21046,1.0
21047,1.0
21048,0.9991714285714287
21049,0.9425224991211058
21050,0.9997777777777779
21051,0.9977051282051282
21052,1.0
21053,0.5604032710409647
21054,1.0
21055,0.16209835249889443
21056,1.0
21057,1.0
21058,1.0
21059,0.9959335775335775
21060,0.9933957875457876
21061,0.9988833333333333
21062,0.989720929070929
21063,1.0
21064,0.9996
21065,1.0
21066,1.0
21067,0.8724158377999709
21068,1.0
21069,1.0
21070,1.0
21071,1.0
21072,0.9960046176046176
21073,1.0
21074,0.9994285714285714
21075,0.9625717893217894
21076,1.0
21077,0.9996363636363637
21078,1.0
21079,1.0
21080,1.0
21081,1.0
21082,1.0
21083,0.9997142857142858
21084,0.982916716616717
21085,1.0
21086,0.9997142857142858
21087,1.0
21088,1.0
21089,1.0
21090,0.9989666780587833
21091,1.0
21092,1.0
21093,1.0
21094,0.9941076035076036
21095,1.0
21096,1.0
21097,0.9270678599178599
21098,0.9977628205128204
21099,1.0
21100,0.9817503323989393
21101,1.0
21102,0.3819845507433742
21103,1.0
21104,0.9938278998779
21105,1.0
21106,0.7408252887635237
21107,1.0
21108,1.0
21109,0.9996666666666667
21110,0.9947424963924962
21111,1.0
21112,1.0
21113,0.9524035764888708
21114,0.8449660369042724
21115,1.0
21116,1.0
21117,1.0
21118,0.9996666666666666
21119,1.0
21120,1.0
21121,0.988258658008658
21122,1.0
21123,1.0
21124,0.9952849206349205
21125,0.9983116883116884
21126,0.9544027353365588
21127,1.0
21128,1.0
21129,1.0
21130,0.9951992530345471
21131,1.0
21132,1.0
21133,1.0
21134,1.0
21135,1.0
21136,1.0
21137,0.9943569985569987
21138,0.9993777777777777
21139,0.5749670273740707
21140,0.99975
21141,1.0
21142,1.0
21143,0.9527819320858023
21144,0.8417513678186275
21145,0.9966735209235209
21146,1.0
21147,0.8666522848066969
21148,0.1979592946269417
21149,0.9923989538239539
21150,1.0
21151,1.0
21152,1.0
21153,0.9997142857142858
21154,0.964431868131868
21155,0.9995277777777778
21156,0.9527674550681515
21157,0.6585257183992477
21158,1.0
21159,0.7601046982429333
21160,1.0
21161,1.0
21162,0.9925714285714284
21163,0.9982360389610391
21164,0.9992436974789916
21165,0.4152568538874263
21166,1.0
21167,0.9989610389610389
21168,1.0
21169,1.0
21170,1.0
21171,0.7523880602283851
21172,1.0
21173,0.9984285714285714
21174,1.0
21175,0.9873163003663005
21176,1.0
21177,1.0
21178,1.0
21179,0.7035922507231331
21180,0.9965460372960372
21181,0.9995
21182,0.9798227272727272
21183,0.9990833333333332
21184,1.0
21185,1.0
21186,0.9972357142857142
21187,0.9945926406926406
21188,0.9955212197159564
21189,1.0
21190,1.0
21191,0.3364199391509763
21192,1.0
21193,0.9997142857142858
21194,1.0
21195,1.0
21196,0.9991333333333333
21197,0.9997142857142857
21198,0.9978928571428571
21199,0.9804155233655233
21200,1.0
21201,0.9977777777777779
21202,1.0
21203,0.960255638805639
21204,1.0
21205,0.9649166947689394
21206,1.0
21207,0.9991000000000001
21208,1.0
21209,0.9496253829503829
21210,0.9996
21211,0.8560236132460589
21212,0.35710079365079367
21213,0.9998333333333334
21214,0.9987606837606837
21215,0.9786017676767678
21216,0.9895642135642135
21217,1.0
21218,1.0
21219,1.0
21220,0.9997999999999999
21221,1.0
21222,0.9944382672882673
21223,1.0
21224,0.9994545454545455
21225,0.5640788884265642
21226,0.9996666666666666
21227,1.0
21228,1.0
21229,1.0
21230,0.9980876623376624
21231,0.996563492063492
21232,1.0
21233,1.0
21234,1.0
21235,0.9956343711843711
21236,0.956037927921751
21237,0.9869596459096459
21238,1.0
21239,1.0
21240,1.0
21241,0.996858166833167
21242,1.0
21243,0.7352986642709677
21244,0.9992063492063492
21245,1.0
21246,1.0
21247,1.0
21248,1.0
21249,1.0
21250,0.9625476412476414
21251,0.9997999999999999
21252,0.7634484778293599
21253,1.0
21254,1.0
21255,1.0
21256,1.0
21257,0.9996
21258,0.9980238095238095
21259,0.9991919191919192
21260,1.0
21261,1.0
21262,0.9869512265512265
21263,1.0
21264,0.9996666666666667
21265,1.0
21266,1.0
21267,1.0
21268,1.0
21269,1.0
21270,0.9963417138417139
21271,1.0
21272,1.0
21273,0.9167712632139102
21274,0.9784742035742036
21275,1.0
21276,1.0
21277,1.0
21278,0.9996
21279,1.0
21280,1.0
21281,1.0
21282,1.0
21283,0.9997777777777779
21284,0.9964265151515153
21285,1.0
21286,0.998984126984127
21287,1.0
21288,1.0
21289,1.0
21290,0.7198642862899054
21291,1.0
21292,0.9995142857142856
21293,1.0
21294,1.0
21295,1.0
21296,1.0
21297,0.900507613791437
21298,1.0
21299,1.0
21300,1.0
21301,0.9928160211133895
21302,0.9997999999999999
21303,0.6222944614209317
21304,1.0
21305,1.0
21306,1.0
21307,1.0
21308,1.0
21309,0.9963092352092352
21310,0.9958123644329526
21311,1.0
21312,1.0
21313,1.0
21314,0.993982323232323
21315,1.0
21316,1.0
21317,0.9941437562437561
21318,1.0
21319,1.0
21320,0.9936972222222223
21321,1.0
21322,0.6563247154634159
21323,0.20787421367761932
21324,0.9969444444444444
21325,1.0
21326,0.1468535793154214
21327,1.0
21328,1.0
21329,1.0
21330,1.0
21331,1.0
21332,0.9995
21333,1.0
21334,0.9878238428238428
21335,1.0
21336,0.972514541014541
21337,0.9845753125959008
21338,0.9971946164946165
21339,0.9981018315018315
21340,0.9994642857142858
21341,0.9995499999999999
21342,1.0
21343,0.7847125173845759
21344,0.9892343795093796
21345,1.0
21346,1.0
21347,0.9685020453402807
21348,0.7916564981715908
21349,0.9922654040404041
21350,1.0
21351,1.0
21352,0.99925
21353,1.0
21354,1.0
21355,1.0
21356,1.0
21357,1.0
21358,1.0
21359,0.998920634920635
21360,1.0
21361,1.0
21362,0.9701324210103623
21363,1.0
21364,1.0
21365,0.9976967532467533
21366,0.9971868686868687
21367,0.6738139463477703
21368,1.0
21369,0.6601942901869372
21370,0.9994285714285714
21371,1.0
21372,1.0
21373,1.0
21374,0.9997999999999999
21375,1.0
21376,1.0
21377,0.9982606837606839
21378,0.8887111140493492
21379,1.0
21380,0.9979555555555555
21381,0.9982649350649349
21382,0.9997999999999999
21383,1.0
21384,0.37597433732418256
21385,0.9994285714285714
21386,1.0
21387,0.9980940170940171
21388,0.9394486250677425
21389,1.0
21390,0.9994285714285714
21391,0.979991233766234
21392,1.0
21393,1.0
21394,1.0
21395,1.0
21396,1.0
21397,1.0
21398,1.0
21399,1.0
21400,1.0
21401,0.9985206349206348
21402,0.6833218430262545
21403,0.3254708639485728
21404,0.9985833333333334
21405,1.0
21406,1.0
21407,1.0
21408,1.0
21409,1.0
21410,1.0
21411,1.0
21412,1.0
21413,0.8592955818691111
21414,1.0
21415,1.0
21416,1.0
21417,1.0
21418,0.9991428571428571
21419,1.0
21420,1.0
21421,1.0
21422,1.0
21423,1.0
21424,1.0
21425,1.0
21426,0.9836075693913934
21427,1.0
21428,1.0
21429,0.9996666666666667
21430,0.9927194139194138
21431,1.0
21432,1.0
21433,1.0
21434,1.0
21435,0.9996
21436,0.9293517372806073
21437,1.0
21438,0.9988571428571429
21439,1.0
21440,1.0
21441,1.0
21442,1.0
21443,1.0
21444,1.0
21445,1.0
21446,1.0
21447,0.9995384615384616
21448,1.0
21449,1.0
21450,1.0
21451,1.0
21452,1.0
21453,1.0
21454,1.0
21455,0.9701752636252636
21456,0.9988717948717948
21457,0.9997142857142858
21458,1.0
21459,0.9994920634920635
21460,1.0
21461,0.974524728049728
21462,0.99925
21463,1.0
21464,1.0
21465,1.0
21466,0.9996
21467,1.0
21468,0.9953217893217892
21469,0.9993846153846153
21470,0.8568465700965697
21471,1.0
21472,1.0
21473,0.9991666666666666
21474,0.9997999999999999
21475,0.9974174603174603
21476,1.0
21477,1.0
21478,1.0
21479,0.9991333333333332
21480,0.9995142857142856
21481,0.9994166666666666
21482,0.9996666666666667
21483,0.9997142857142858
21484,1.0
21485,0.9088027750972796
21486,1.0
21487,0.9994545454545455
21488,1.0
21489,1.0
21490,0.17267937773440883
21491,0.9984661654135338
21492,1.0
21493,0.971112726162726
21494,1.0
21495,1.0
21496,1.0
21497,0.9975952380952381
21498,1.0
21499,0.9753792152292152
21500,0.9997142857142858
21501,1.0
21502,0.7388110080322154
21503,1.0
21504,0.9988824675324676
21505,1.0
21506,1.0
21507,1.0
21508,1.0
21509,1.0
21510,1.0
21511,0.998461038961039
21512,1.0
21513,0.987435930082989
21514,0.9736034643461114
21515,1.0
21516,0.9305826956153581
21517,1.0
21518,1.0
21519,1.0
21520,0.8712839559133673
21521,1.0
21522,0.6742387874773059
21523,0.33495821594126546
21524,1.0
21525,1.0
21526,1.0
21527,1.0
21528,1.0
21529,0.9904208458208458
21530,1.0
21531,1.0
21532,0.2456351467246204
21533,1.0
21534,1.0
21535,0.8604521514948761
21536,0.9986190476190477
21537,0.4218431274178178
21538,0.9934118051539104
21539,1.0
21540,1.0
21541,0.99925
21542,1.0
21543,0.998
21544,1.0
21545,0.6811110422085657
21546,1.0
21547,1.0
21548,1.0
21549,0.983011838161838
21550,1.0
21551,0.9910111111111112
21552,0.9994
21553,1.0
21554,1.0
21555,0.5941419131436159
21556,1.0
21557,0.395651540324141
21558,0.820591030048383
21559,0.998275
21560,1.0
21561,1.0
21562,0.990146107693476
21563,1.0
21564,1.0
21565,0.9824065101565101
21566,0.9971785714285714
21567,0.6288303918303918
21568,1.0
21569,1.0
21570,0.6221510764118349
21571,1.0
21572,1.0
21573,1.0
21574,0.33451484524247693
21575,1.0
21576,1.0
21577,0.8244238402120755
21578,1.0
21579,0.29051110671234487
21580,1.0
21581,1.0
21582,0.9861857100415925
21583,0.5763679331933973
21584,1.0
21585,1.0
21586,1.0
21587,1.0
21588,1.0
21589,0.8155905848279689
21590,1.0
21591,0.9996
21592,1.0
21593,1.0
21594,0.6847255741764258
21595,1.0
21596,1.0
21597,1.0
21598,0.7446516277667988
21599,0.7577325447428392
21600,0.9973166666666666
21601,0.6720249814455697
21602,0.7535791172535757
21603,1.0
21604,0.9862692196692198
21605,0.20032226848658743
21606,0.9996
21607,0.9665254051504056
21608,1.0
21609,1.0
21610,0.8863537407037407
21611,0.7811519135061709
21612,1.0
21613,0.9997142857142857
21614,0.6318173704950018
21615,1.0
21616,1.0
21617,1.0
21618,1.0
21619,0.9989545454545455
21620,0.9920494614862263
21621,0.9993392857142858
21622,0.9650517815517817
21623,1.0
21624,1.0
21625,1.0
21626,0.9996
21627,1.0
21628,1.0
21629,1.0
21630,0.3982843641652467
21631,1.0
21632,1.0
21633,0.9780994477744479
21634,1.0
21635,0.9622040772179314
21636,1.0
21637,0.9987333333333334
21638,0.9992857142857143
21639,0.9752813789152025
21640,1.0
21641,1.0
21642,0.9092432333232643
21643,0.6239532040638206
21644,1.0
21645,1.0
21646,0.9979333333333332
21647,0.998031746031746
21648,0.9806810189810189
21649,1.0
21650,0.48327800304270885
21651,0.9972337662337663
21652,0.9906759816207186
21653,0.8385558240778825
21654,1.0
21655,1.0
21656,1.0
21657,0.9894311688311688
21658,0.820517398734736
21659,1.0
21660,1.0
21661,1.0
21662,0.9983721500721502
21663,0.9994461538461539
21664,0.9996666666666666
21665,1.0
21666,1.0
21667,1.0
21668,1.0
21669,0.9989722222222223
21670,0.9973656343656344
21671,0.9913067238317239
21672,1.0
21673,0.9914449494949495
21674,0.6071092871181107
21675,0.9969914113664115
21676,1.0
21677,1.0
21678,1.0
21679,0.8470422500873739
21680,1.0
21681,1.0
21682,1.0
21683,0.9975020757020757
21684,1.0
21685,1.0
21686,0.9998181818181817
21687,1.0
21688,1.0
21689,0.9816906759906758
21690,0.9998181818181818
21691,1.0
21692,1.0
21693,0.9953188387635755
21694,0.9970354978354978
21695,1.0
21696,1.0
21697,1.0
21698,1.0
21699,1.0
21700,1.0
21701,0.9245800258564968
21702,1.0
21703,0.99975
21704,0.969167338543809
21705,0.9997999999999999
21706,0.9994285714285714
21707,0.9009913371458264
21708,0.36128116054052584
21709,1.0
21710,1.0
21711,0.9996
21712,1.0
21713,1.0
21714,0.9988888888888889
21715,0.9998461538461538
21716,0.9960714285714287
21717,1.0
21718,1.0
21719,0.8809707493229169
21720,1.0
21721,0.99975
21722,0.7319036571271872
21723,0.9988833333333333
21724,1.0
21725,1.0
21726,1.0
21727,1.0
21728,1.0
21729,0.9911016955266956
21730,0.9988450854700854
21731,1.0
21732,1.0
21733,1.0
21734,0.8910598952217368
21735,0.9764335048937991
21736,1.0
21737,0.9990490196078431
21738,1.0
21739,0.9989042624042626
21740,1.0
21741,0.952538242751401
21742,1.0
21743,1.0
21744,0.8724313389225155
21745,1.0
21746,1.0
21747,0.960386963036963
21748,1.0
21749,1.0
21750,0.9982678571428572
21751,0.9992857142857143
21752,0.9995
21753,1.0
21754,0.9975506493506493
21755,1.0
21756,0.9904530303030303
21757,0.9996
21758,1.0
21759,1.0
21760,0.992224337916985
21761,0.9988095238095237
21762,0.9994
21763,0.9972354978354978
21764,1.0
21765,0.7080837382259987
21766,1.0
21767,1.0
21768,0.9997142857142858
21769,0.9976706626706627
21770,0.9990909090909091
21771,1.0
21772,0.8335299259220317
21773,0.9997142857142858
21774,1.0
21775,0.9954783549783551
21776,0.986311383061383
21777,0.4289373800176433
21778,0.2943160402067087
21779,0.9978606837606838
21780,1.0
21781,0.9992142857142858
21782,0.9977396825396826
21783,0.9145446138686545
21784,1.0
21785,0.9801191697191699
21786,0.9988571428571429
21787,1.0
21788,1.0
21789,1.0
21790,0.9780548701298702
21791,0.9986437728937728
21792,1.0
21793,0.9609557380527971
21794,0.6047659257752908
21795,1.0
21796,0.9985316017316016
21797,0.9996666666666666
21798,1.0
21799,1.0
21800,0.9992323232323232
21801,0.9982380952380953
21802,0.4475720062703035
21803,0.9992698412698412
21804,1.0
21805,0.9954173881673881
21806,1.0
21807,0.775741798724152
21808,0.9955832611832613
21809,1.0
21810,0.9991428571428571
21811,1.0
21812,1.0
21813,1.0
21814,0.969952258852259
21815,1.0
21816,1.0
21817,0.998488888888889
21818,0.0703748323571853
21819,0.997670784770785
21820,0.9994285714285714
21821,1.0
21822,0.9960971055088702
21823,1.0
21824,1.0
21825,1.0
21826,1.0
21827,1.0
21828,0.889681063381063
21829,1.0
21830,0.9998666666666667
21831,0.9989491341991341
21832,0.9997142857142857
21833,0.9987222222222223
21834,0.9910031385281387
21835,0.9928729437229438
21836,1.0
21837,0.9885134199134198
21838,1.0
21839,1.0
21840,1.0
21841,1.0
21842,0.9991428571428571
21843,0.6327995143745142
21844,0.4636909902189312
21845,1.0
21846,0.96020612998113
21847,0.99975
21848,0.99975
21849,1.0
21850,0.9993506493506493
21851,0.9560017260517262
21852,0.9973730158730159
21853,1.0
21854,1.0
21855,1.0
21856,1.0
21857,1.0
21858,1.0
21859,0.832321735290853
21860,1.0
21861,0.9860750138750141
21862,1.0
21863,0.9648229215229216
21864,0.9783589937839939
21865,1.0
21866,1.0
21867,1.0
21868,1.0
21869,1.0
21870,1.0
21871,1.0
21872,0.9969233766233766
21873,1.0
21874,1.0
21875,0.9996666666666666
21876,1.0
21877,1.0
21878,0.9980905982905983
21879,1.0
21880,0.9610648488766136
21881,1.0
21882,0.9997999999999999
21883,1.0
21884,0.9854912698412697
21885,1.0
21886,0.9996666666666666
21887,0.9998823529411764
21888,0.9983500000000001
21889,0.9997142857142858
21890,0.9646736474052263
21891,1.0
21892,0.9976626262626261
21893,0.935885573121409
21894,1.0
21895,1.0
21896,1.0
21897,0.9981181818181819
21898,1.0
21899,0.988478932178932
21900,0.92477761017792
21901,1.0
21902,0.0009454545454545454
21903,1.0
21904,1.0
21905,0.3465873817359112
21906,0.959869052155275
21907,1.0
21908,0.9979571428571428
21909,1.0
21910,1.0
21911,1.0
21912,0.976280808080808
21913,1.0
21914,1.0
21915,0.9793535353535355
21916,0.9997142857142858
21917,1.0
21918,0.9991384615384615
21919,1.0
21920,1.0
21921,0.9992698412698412
21922,1.0
21923,1.0
21924,0.8105184025297032
21925,1.0
21926,0.9853301143301142
21927,0.832318736414944
21928,1.0
21929,1.0
21930,0.8653192748857615
21931,0.9997142857142857
21932,1.0
21933,0.9963077922077921
21934,0.9560099317349315
21935,0.6779889874778395
21936,0.3342314518814517
21937,1.0
21938,0.6179234595264442
21939,0.9506535825285829
21940,0.9995555555555555
21941,0.9996333333333334
21942,1.0
21943,0.9956589521589522
21944,0.9803214285714287
21945,0.9991428571428571
21946,1.0
21947,1.0
21948,0.992133202908203
21949,1.0
21950,1.0
21951,1.0
21952,1.0
21953,0.9994285714285714
21954,0.9919369519369521
21955,0.7718972535634304
21956,1.0
21957,1.0
21958,1.0
21959,0.995421097856392
21960,0.9613801191584475
21961,1.0
21962,1.0
21963,0.5282801949168823
21964,0.9993181818181818
21965,1.0
21966,0.9994313725490196
21967,1.0
21968,1.0
21969,1.0
21970,1.0
21971,1.0
21972,0.6381325762472823
21973,1.0
21974,1.0
21975,0.9768699494949495
21976,0.99975
21977,0.9962857142857143
21978,0.9965206349206349
21979,1.0
21980,1.0
21981,0.9989230769230769
21982,0.9703821354342252
21983,1.0
21984,1.0
21985,0.9991111111111111
21986,1.0
21987,1.0
21988,1.0
21989,0.9993846153846153
21990,1.0
21991,1.0
21992,1.0
21993,1.0
21994,0.9963003663003663
21995,0.9975833333333333
21996,1.0
21997,0.6429071286556585
21998,0.9977051948051949
21999,0.9996
22000,1.0
22001,0.9231781266119503
22002,0.9723233988233989
22003,1.0
22004,1.0
22005,0.17730488677988687
22006,1.0
22007,0.9663925019425018
22008,1.0
22009,1.0
22010,1.0
22011,0.9991363636363636
22012,1.0
22013,1.0
22014,0.9524368231184022
22015,1.0
22016,0.9987785714285715
22017,1.0
22018,1.0
22019,1.0
22020,0.9993030303030302
22021,1.0
22022,1.0
22023,1.0
22024,1.0
22025,1.0
22026,0.9843707054383527
22027,0.99975
22028,1.0
22029,0.43861478854822517
22030,0.9961364635364636
22031,0.9960443468296409
22032,0.9781105672105673
22033,1.0
22034,0.9966408924408925
22035,1.0
22036,1.0
22037,0.9912419267007504
22038,1.0
22039,1.0
22040,0.9893936507936508
22041,0.9851960317460318
22042,1.0
22043,1.0
22044,0.9989090909090909
22045,0.9990950854700854
22046,0.9918310744810745
22047,1.0
22048,1.0
22049,0.8921828366078363
22050,0.9986666666666667
22051,1.0
22052,0.9981896825396827
22053,1.0
22054,1.0
22055,1.0
22056,1.0
22057,1.0
22058,0.9980681818181819
22059,0.4756354620869327
22060,0.9991666666666668
22061,1.0
22062,1.0
22063,1.0
22064,0.9744582611832613
22065,0.9960246642246642
22066,1.0
22067,0.39583411895122406
22068,1.0
22069,0.9997142857142857
22070,0.9982309523809523
22071,1.0
22072,0.8073199525191008
22073,1.0
22074,1.0
22075,1.0
22076,1.0
22077,1.0
22078,1.0
22079,0.18544789311995205
22080,0.9991960784313725
22081,1.0
22082,1.0
22083,1.0
22084,0.6457184324619308
22085,0.9923629925629925
22086,1.0
22087,0.7607808905061222
22088,0.9996
22089,1.0
22090,0.9977279609279609
22091,1.0
22092,0.4623730493362847
22093,0.9967309523809524
22094,0.9992777777777778
22095,0.9952289682539683
22096,0.9989666780587833
22097,1.0
22098,0.9802542124542125
22099,0.9994285714285714
22100,1.0
22101,0.9928489538239537
22102,0.9991384615384615
22103,0.9986944444444443
22104,1.0
22105,1.0
22106,1.0
22107,1.0
22108,1.0
22109,0.9991111111111111
22110,1.0
22111,0.9943856421356422
22112,1.0
22113,1.0
22114,1.0
22115,1.0
22116,1.0
22117,1.0
22118,1.0
22119,0.9984198412698412
22120,0.8507310042898276
22121,0.9963138528138528
22122,0.9955139249639249
22123,1.0
22124,0.7933595091183325
22125,0.29198586707410257
22126,0.6257767849797262
22127,0.987156782106782
22128,1.0
22129,1.0
22130,1.0
22131,1.0
22132,0.9995384615384616
22133,0.7981504123327653
22134,1.0
22135,1.0
22136,1.0
22137,0.9992051282051282
22138,1.0
22139,0.9947298701298701
22140,1.0
22141,1.0
22142,0.9996666666666666
22143,0.9996666666666666
22144,0.8045186695571369
22145,1.0
22146,1.0
22147,0.997797619047619
22148,1.0
22149,0.9966817460317461
22150,0.9966404761904762
22151,1.0
22152,1.0
22153,1.0
22154,1.0
22155,0.9997142857142858
22156,1.0
22157,0.9996181818181819
22158,1.0
22159,0.9997777777777779
22160,1.0
22161,1.0
22162,0.990117320261438
22163,1.0
22164,0.9972136197136197
22165,0.9992051282051282
22166,1.0
22167,0.9562218552689143
22168,1.0
22169,0.9996666666666666
22170,0.8025342346593898
22171,1.0
22172,1.0
22173,1.0
22174,0.96295718644101
22175,1.0
22176,0.9989294871794872
22177,0.9821241511756216
22178,1.0
22179,0.9867489066489066
22180,1.0
22181,0.9815327949827952
22182,0.9947658064158066
22183,0.9993809523809524
22184,0.9644805217658158
22185,1.0
22186,0.988687662337662
22187,1.0
22188,1.0
22189,0.9990555555555556
22190,0.9819485739750445
22191,1.0
22192,1.0
22193,1.0
22194,1.0
22195,1.0
22196,1.0
22197,0.9997142857142858
22198,1.0
22199,1.0
22200,1.0
22201,0.9949793650793652
22202,1.0
22203,1.0
22204,1.0
22205,0.9418160672660671
22206,0.7741788572538576
22207,1.0
22208,1.0
22209,0.9151642463745406
22210,0.9987142857142858
22211,1.0
22212,0.9971999999999999
22213,1.0
22214,0.6553049779302674
22215,1.0
22216,1.0
22217,1.0
22218,1.0
22219,1.0
22220,1.0
22221,0.7954450463623065
22222,1.0
22223,0.9981666666666666
22224,0.979980341880342
22225,1.0
22226,0.7067873823888526
22227,1.0
22228,1.0
22229,1.0
22230,0.9990833333333333
22231,0.9910718614718615
22232,0.9987111111111111
22233,1.0
22234,0.9680321317571318
22235,0.99975
22236,1.0
22237,0.994336507936508
22238,0.9655783219704273
22239,1.0
22240,1.0
22241,1.0
22242,1.0
22243,0.9996666666666666
22244,1.0
22245,0.9937563991563994
22246,0.8341639649995682
22247,0.02045614458640774
22248,1.0
22249,1.0
22250,1.0
22251,1.0
22252,1.0
22253,0.9997999999999999
22254,1.0
22255,1.0
22256,0.18165132432926562
22257,0.9995384615384616
22258,1.0
22259,0.9991333333333332
22260,0.998025863025863
22261,0.9791953837012662
22262,0.8423534817779397
22263,1.0
22264,0.9983809523809524
22265,1.0
22266,1.0
22267,0.9979523809523809
22268,0.997942857142857
22269,1.0
22270,0.9757714850508963
22271,0.9988571428571428
22272,1.0
22273,0.9995
22274,0.9964696969696969
22275,0.830649444183268
22276,0.9995555555555555
22277,0.9998333333333334
22278,0.9994545454545455
22279,0.976962049062049
22280,0.9717002425678897
22281,1.0
22282,1.0
22283,1.0
22284,0.9998333333333334
22285,0.99975
22286,0.9993846153846153
22287,1.0
22288,1.0
22289,0.9672235842588782
22290,1.0
22291,0.9961363636363636
22292,1.0
22293,0.99975
22294,0.9688046342546341
22295,0.7869915737856913
22296,1.0
22297,0.2610771811865466
22298,0.9757168406756643
22299,1.0
22300,1.0
22301,0.9865357781107781
22302,0.9985974025974026
22303,0.960432333842628
22304,1.0
22305,0.9931387223887224
22306,1.0
22307,1.0
22308,1.0
22309,1.0
22310,1.0
22311,1.0
22312,0.6981353270654359
22313,1.0
22314,1.0
22315,0.5208434827298603
22316,1.0
22317,1.0
22318,0.9997333333333334
22319,0.9994285714285714
22320,1.0
22321,1.0
22322,0.9970337662337664
22323,1.0
22324,1.0
22325,1.0
22326,0.9949141414141414
22327,1.0
22328,1.0
22329,1.0
22330,1.0
22331,0.9472691586191586
22332,0.9995
22333,1.0
22334,0.997332905982906
22335,0.9924896825396827
22336,1.0
22337,1.0
22338,0.99975
22339,0.9998181818181817
22340,0.9477575611522983
22341,0.9932753968253968
22342,0.9914554834054833
22343,1.0
22344,1.0
22345,0.9843181596181596
22346,1.0
22347,0.41720734864883235
22348,1.0
22349,1.0
22350,1.0
22351,1.0
22352,1.0
22353,1.0
22354,0.9094882117882118
22355,1.0
22356,1.0
22357,1.0
22358,1.0
22359,1.0
22360,1.0
22361,1.0
22362,0.9998461538461538
22363,1.0
22364,1.0
22365,1.0
22366,1.0
22367,1.0
22368,0.5817687346537195
22369,1.0
22370,0.84617846324642
22371,0.7335393971869208
22372,0.9996666666666667
22373,1.0
22374,1.0
22375,1.0
22376,0.9986666666666667
22377,1.0
22378,0.989287950937951
22379,0.999
22380,1.0
22381,0.9996
22382,0.9986940170940171
22383,1.0
22384,1.0
22385,1.0
22386,1.0
22387,0.9984583333333333
22388,1.0
22389,1.0
22390,1.0
22391,1.0
22392,1.0
22393,1.0
22394,0.9896469474969476
22395,1.0
22396,1.0
22397,0.9911063103563105
22398,0.9994642857142858
22399,0.9993333333333334
22400,1.0
22401,0.808581177156177
22402,1.0
22403,1.0
22404,1.0
22405,1.0
22406,1.0
22407,1.0
22408,0.9811998880204762
22409,1.0
22410,1.0
22411,1.0
22412,1.0
22413,0.9943064383329089
22414,1.0
22415,0.9965674603174604
22416,0.9939391797744738
22417,0.9975238095238094
22418,1.0
22419,1.0
22420,1.0
22421,0.9961081585081585
22422,1.0
22423,1.0
22424,1.0
22425,0.14686180355592132
22426,0.9717266023192495
22427,0.9993142857142858
22428,0.998920634920635
22429,1.0
22430,1.0
22431,1.0
22432,1.0
22433,1.0
22434,1.0
22435,0.9995
22436,0.7527598448936688
22437,1.0
22438,1.0
22439,0.6540261384040791
22440,0.8387206243103297
22441,1.0
22442,1.0
22443,1.0
22444,1.0
22445,1.0
22446,0.9725223665223662
22447,0.5766887918067478
22448,0.9981341269841268
22449,0.9996643356643357
22450,0.9618373138299607
22451,1.0
22452,1.0
22453,0.9668751213698582
22454,0.9996
22455,1.0
22456,1.0
22457,1.0
22458,0.6668166607901902
22459,0.9358122788975731
22460,0.9950481028775147
22461,1.0
22462,0.507679558942949
22463,0.503940889451106
22464,1.0
22465,1.0
22466,0.9873551559551561
22467,1.0
22468,0.9986688311688313
22469,0.9962825396825398
22470,1.0
22471,1.0
22472,0.9958777777777778
22473,0.994382905982906
22474,0.9943959373959372
22475,0.9998095238095238
22476,1.0
22477,0.9810823140911376
22478,0.9994444444444445
22479,1.0
22480,0.9758076617826619
22481,1.0
22482,0.9750703379953382
22483,1.0
22484,1.0
22485,0.9804300643800642
22486,1.0
22487,1.0
22488,0.8341486580413048
22489,0.925816593863653
22490,1.0
22491,1.0
22492,0.9994666666666666
22493,1.0
22494,1.0
22495,0.9897034188034188
22496,0.9682020670935529
22497,0.9993589743589743
22498,1.0
22499,1.0
22500,0.9974967532467534
22501,1.0
22502,1.0
22503,0.9995555555555555
22504,0.9918931596181596
22505,1.0
22506,1.0
22507,0.7430644382535251
22508,0.9212989500351733
22509,0.9986212121212122
22510,1.0
22511,1.0
22512,0.9964215665053902
22513,0.9874577394827397
22514,0.9937493339993342
22515,0.9985606837606836
22516,1.0
22517,0.9970940170940172
22518,0.9994461538461539
22519,0.9584694524773474
22520,0.31458556144577804
22521,1.0
22522,0.9994545454545455
22523,0.7326252069825601
22524,1.0
22525,1.0
22526,1.0
22527,0.8422769070798481
22528,0.9496950294803236
22529,1.0
22530,1.0
22531,0.99925
22532,0.9397691197691196
22533,0.9635451532128001
22534,1.0
22535,1.0
22536,0.997266045066045
22537,1.0
22538,1.0
22539,0.9968173160173158
22540,1.0
22541,1.0
22542,0.9938779997779997
22543,1.0
22544,1.0
22545,1.0
22546,0.935596325896326
22547,1.0
22548,1.0
22549,0.9915066211566211
22550,0.9715069208569211
22551,0.9967975935828877
22552,1.0
22553,1.0
22554,1.0
22555,0.40189405988748117
22556,0.8331216301672173
22557,1.0
22558,0.9982261904761904
22559,1.0
22560,1.0
22561,1.0
22562,0.9961892551892553
22563,0.9886791486291485
22564,0.9958506493506493
22565,1.0
22566,0.9997142857142858
22567,0.9997142857142858
22568,1.0
22569,0.9426365102218044
22570,1.0
22571,0.9986277777777779
22572,1.0
22573,1.0
22574,1.0
22575,0.9942390109890109
22576,1.0
22577,0.9983982683982683
22578,1.0
22579,0.9501346178589217
22580,0.9863496003996004
22581,0.9975236652236654
22582,1.0
22583,1.0
22584,1.0
22585,0.9996
22586,0.9495151606047895
22587,1.0
22588,0.6925151282412121
22589,0.8213921331936042
22590,1.0
22591,1.0
22592,1.0
22593,1.0
22594,0.99975
22595,0.9989333333333333
22596,1.0
22597,0.9918565656565657
22598,0.9993333333333334
22599,1.0
22600,1.0
22601,1.0
22602,0.9953246031746031
22603,1.0
22604,0.9993333333333334
22605,1.0
22606,1.0
22607,1.0
22608,0.9961128205128206
22609,1.0
22610,1.0
22611,0.9939935897435899
22612,1.0
22613,1.0
22614,0.6569355859482793
22615,0.9954932773109244
22616,1.0
22617,1.0
22618,0.9996
22619,1.0
22620,1.0
22621,0.9975777777777777
22622,0.9993030303030302
22623,1.0
22624,1.0
22625,1.0
22626,1.0
22627,0.9897214785214784
22628,1.0
22629,1.0
22630,1.0
22631,0.9994285714285714
22632,1.0
22633,1.0
22634,1.0
22635,1.0
22636,1.0
22637,1.0
22638,1.0
22639,1.0
22640,0.9949606893106893
22641,0.9991688311688312
22642,0.9997777777777779
22643,1.0
22644,1.0
22645,1.0
22646,0.9933816187080894
22647,0.99925
22648,1.0
22649,1.0
22650,0.9955109837874544
22651,1.0
22652,1.0
22653,1.0
22654,1.0
22655,1.0
22656,0.9992000000000001
22657,0.9997142857142857
22658,0.9985128205128205
22659,0.6330793172341928
22660,0.9996
22661,0.9948573426573428
22662,1.0
22663,0.9508678619196419
22664,0.9739845376845375
22665,0.7175950884865877
22666,1.0
22667,1.0
22668,1.0
22669,1.0
22670,0.9992923076923078
22671,0.9992857142857142
22672,1.0
22673,1.0
22674,1.0
22675,1.0
22676,0.9990940170940171
22677,0.99975
22678,0.9985940170940171
22679,0.9981111111111111
22680,0.9991277777777777
22681,0.9951109668109669
22682,0.9992142857142856
22683,0.9993846153846153
22684,1.0
22685,1.0
22686,0.5555071454345444
22687,0.952471936886643
22688,1.0
22689,1.0
22690,0.6713495391691215
22691,0.9939042124542125
22692,1.0
22693,0.8373785950977132
22694,0.9995384615384616
22695,0.9990833333333332
22696,1.0
22697,1.0
22698,1.0
22699,0.9996666666666666
22700,0.9973896825396825
22701,0.9996923076923077
22702,0.9897088744588745
22703,1.0
22704,0.9977714285714286
22705,1.0
22706,1.0
22707,0.996945238095238
22708,1.0
22709,0.9765785720815132
22710,0.08681335298688238
22711,0.9959125286478229
22712,1.0
22713,0.9936586136086135
22714,1.0
22715,1.0
22716,1.0
22717,1.0
22718,1.0
22719,0.11544140010316487
22720,1.0
22721,1.0
22722,1.0
22723,1.0
22724,0.9712466949716951
22725,0.11288392016480253
22726,1.0
22727,1.0
22728,0.964540296957944
22729,1.0
22730,0.9986280701754386
22731,1.0
22732,1.0
22733,0.9996666666666666
22734,1.0
22735,0.9921673235261471
22736,0.3407928953399542
22737,1.0
22738,1.0
22739,0.9992333333333333
22740,1.0
22741,1.0
22742,0.9994
22743,0.9663273315865422
22744,1.0
22745,1.0
22746,1.0
22747,1.0
22748,0.9994285714285714
22749,1.0
22750,1.0
22751,0.9829569518716579
22752,0.9931201249730661
22753,1.0
22754,0.9374762880909941
22755,0.7385195585030727
22756,1.0
22757,1.0
22758,0.9721045454545456
22759,1.0
22760,0.9991555555555556
22761,1.0
22762,0.9998333333333332
22763,1.0
22764,0.9997777777777779
22765,0.9990681818181819
22766,0.9217427240372289
22767,1.0
22768,1.0
22769,0.9905958874458878
22770,1.0
22771,0.9758169054801408
22772,0.9721078976578976
22773,1.0
22774,1.0
22775,1.0
22776,1.0
22777,0.9653054390054389
22778,0.9996666666666666
22779,1.0
22780,1.0
22781,1.0
22782,1.0
22783,0.9974175824175824
22784,0.996488888888889
22785,1.0
22786,0.999875
22787,1.0
22788,0.9888274780774781
22789,0.9997142857142858
22790,0.3178056873123437
22791,0.9756604513133923
22792,0.9915118825618824
22793,0.9997999999999999
22794,1.0
22795,0.9609402863218655
22796,0.9978611111111111
22797,0.9960162931839402
22798,0.9120090435708084
22799,1.0
22800,0.9858070984570984
22801,1.0
22802,1.0
22803,0.9994642857142857
22804,1.0
22805,0.9776773448773449
22806,1.0
22807,0.9988333333333334
22808,1.0
22809,0.9537202258525791
22810,0.9053635748238686
22811,1.0
22812,1.0
22813,1.0
22814,1.0
22815,0.9945658008658009
22816,0.9996
22817,0.9932915723165725
22818,1.0
22819,0.9881413197913198
22820,0.68056181367652
22821,0.9997142857142858
22822,0.9494974275724276
22823,1.0
22824,0.9978093795093796
22825,0.9903702487055427
22826,1.0
22827,1.0
22828,0.99925
22829,0.9963607376283846
22830,1.0
22831,1.0
22832,1.0
22833,0.3181611111111112
22834,0.99925
22835,1.0
22836,1.0
22837,1.0
22838,0.9998181818181818
22839,0.9716815806742277
22840,0.8976324636006217
22841,1.0
22842,1.0
22843,1.0
22844,0.998511111111111
22845,1.0
22846,1.0
22847,0.2250898046398046
22848,0.7431262978851211
22849,1.0
22850,1.0
22851,1.0
22852,1.0
22853,0.9976291497975709
22854,0.9997777777777779
22855,1.0
22856,0.6587451054879077
22857,1.0
22858,0.9994065934065934
22859,1.0
22860,0.877766532323885
22861,0.37960991815202333
22862,1.0
22863,0.9991363636363636
22864,1.0
22865,0.9997777777777779
22866,1.0
22867,0.9761081529581529
22868,0.9984126984126984
22869,1.0
22870,0.9948757226433697
22871,0.9994545454545455
22872,0.9995324675324675
22873,1.0
22874,1.0
22875,1.0
22876,1.0
22877,0.997188023088023
22878,0.998488888888889
22879,1.0
22880,0.8190757094212973
22881,0.9996666666666667
22882,1.0
22883,1.0
22884,0.996458144469909
22885,0.9492700577200578
22886,0.9031204462204464
22887,0.9998181818181818
22888,0.9717443833943833
22889,0.9998666666666667
22890,1.0
22891,0.862925682590543
22892,1.0
22893,0.9998181818181818
22894,1.0
22895,1.0
22896,1.0
22897,1.0
22898,1.0
22899,1.0
22900,1.0
22901,1.0
22902,1.0
22903,1.0
22904,1.0
22905,1.0
22906,0.9940957431457432
22907,1.0
22908,1.0
22909,1.0
22910,0.9997142857142858
22911,0.9995
22912,0.38639182907735536
22913,1.0
22914,0.9909491841491841
22915,0.9995714285714286
22916,0.9092603484750539
22917,0.9968976190476191
22918,1.0
22919,0.5720711848608905
22920,1.0
22921,0.9952243284493285
22922,0.9996643356643357
22923,0.9996666666666666
22924,0.998377430902431
22925,1.0
22926,0.9995128205128205
22927,1.0
22928,0.9909228715728716
22929,1.0
22930,0.9086399404517048
22931,1.0
22932,0.7444774671029755
22933,1.0
22934,1.0
22935,0.98407432012432
22936,0.833204141747485
22937,1.0
22938,1.0
22939,1.0
22940,1.0
22941,1.0
22942,1.0
22943,1.0
22944,0.9988888888888889
22945,1.0
22946,0.9996
22947,1.0
22948,1.0
22949,0.9993333333333333
22950,0.3273137085137085
22951,1.0
22952,1.0
22953,1.0
22954,0.6213358785435409
22955,0.9960229936729936
22956,0.9968114774114775
22957,1.0
22958,0.9823432234432236
22959,0.9994285714285714
22960,1.0
22961,1.0
22962,0.9777885127943949
22963,0.9793686507936512
22964,0.5444140812146236
22965,1.0
22966,0.9739776715974084
22967,0.3749996417325363
22968,0.4253004573737983
22969,1.0
22970,0.9992
22971,0.6119524872444371
22972,1.0
22973,1.0
22974,0.9991111111111111
22975,1.0
22976,1.0
22977,1.0
22978,0.9979897435897435
22979,0.8884599206349204
22980,0.0996874377256731
22981,0.9996666666666666
22982,1.0
22983,0.9783895826395828
22984,0.9377709956709956
22985,1.0
22986,1.0
22987,1.0
22988,1.0
22989,1.0
22990,0.9982047619047619
22991,0.5939589010662542
22992,0.9967132034632034
22993,1.0
22994,1.0
22995,1.0
22996,1.0
22997,1.0
22998,0.9935900793650795
22999,0.9409026708585533
23000,1.0
23001,1.0
23002,1.0
23003,1.0
23004,1.0
23005,1.0
23006,1.0
23007,1.0
23008,1.0
23009,0.6108077199288495
23010,1.0
23011,1.0
23012,0.9962278138528138
23013,1.0
23014,1.0
23015,0.9961777777777777
23016,0.996964935064935
23017,0.9988747252747253
23018,1.0
23019,1.0
23020,0.9993777777777778
23021,0.8375416160636743
23022,0.9979444444444444
23023,1.0
23024,0.99975
23025,0.9971999999999999
23026,1.0
23027,1.0
23028,1.0
23029,1.0
23030,1.0
23031,0.9515885947385947
23032,1.0
23033,1.0
23034,0.9593406742380428
23035,1.0
23036,1.0
23037,1.0
23038,1.0
23039,1.0
23040,0.8903215293650277
23041,1.0
23042,0.9998181818181818
23043,0.6838857690726879
23044,1.0
23045,1.0
23046,0.9997142857142857
23047,0.9328806045261929
23048,1.0
23049,0.7985698595264382
23050,1.0
23051,1.0
23052,1.0
23053,0.9926379254732195
23054,1.0
23055,1.0
23056,1.0
23057,1.0
23058,1.0
23059,1.0
23060,1.0
23061,0.6517021400168458
23062,1.0
23063,0.9975069985569985
23064,0.9550717591232298
23065,1.0
23066,0.9792269841269842
23067,0.36970453255894425
23068,1.0
23069,0.8254513778704954
23070,0.9965793650793651
23071,1.0
23072,1.0
23073,0.9996333333333334
23074,1.0
23075,1.0
23076,1.0
23077,1.0
23078,1.0
23079,0.6428590333682143
23080,1.0
23081,1.0
23082,0.9997999999999999
23083,0.9914446664446666
23084,1.0
23085,1.0
23086,1.0
23087,1.0
23088,0.997904761904762
23089,0.9995324675324675
23090,0.9974114774114774
23091,1.0
23092,0.9998666666666667
23093,1.0
23094,0.9998461538461538
23095,1.0
23096,1.0
23097,1.0
23098,1.0
23099,0.9992857142857142
23100,1.0
23101,1.0
23102,0.9657561732127522
23103,0.9840550759697819
23104,1.0
23105,0.4981862719753585
23106,1.0
23107,1.0
23108,0.9955949494949495
23109,0.989537046939988
23110,1.0
23111,1.0
23112,0.9997999999999999
23113,1.0
23114,1.0
23115,1.0
23116,1.0
23117,0.5697305521276109
23118,1.0
23119,1.0
23120,1.0
23121,0.9759402519049578
23122,1.0
23123,0.809730674880675
23124,0.9993611111111111
23125,0.9992444444444444
23126,1.0
23127,0.9765483599733601
23128,1.0
23129,1.0
23130,1.0
23131,1.0
23132,1.0
23133,0.99975
23134,0.9930086580086581
23135,0.993032251082251
23136,1.0
23137,0.9924233904983907
23138,0.9959731601731601
23139,1.0
23140,0.9993333333333333
23141,1.0
23142,1.0
23143,1.0
23144,0.9937462842712843
23145,0.9761822736087443
23146,0.9818078088578088
23147,1.0
23148,0.9996
23149,1.0
23150,1.0
23151,1.0
23152,0.9977571428571429
23153,0.9993333333333334
23154,1.0
23155,1.0
23156,0.32382688932154907
23157,1.0
23158,1.0
23159,1.0
23160,1.0
23161,0.841138526849827
23162,1.0
23163,0.9996363636363637
23164,1.0
23165,0.9997777777777779
23166,1.0
23167,1.0
23168,0.9984571428571429
23169,0.9981961538461538
23170,1.0
23171,1.0
23172,1.0
23173,0.09930524002141648
23174,1.0
23175,1.0
23176,0.9956087301587305
23177,1.0
23178,1.0
23179,1.0
23180,0.99925
23181,1.0
23182,1.0
23183,1.0
23184,1.0
23185,1.0
23186,0.9995555555555555
23187,0.9607202519702521
23188,1.0
23189,1.0
23190,0.9984785714285714
23191,1.0
23192,1.0
23193,0.9995384615384616
23194,0.9955166500166499
23195,0.9931738095238096
23196,1.0
23197,1.0
23198,0.8320026120680147
23199,0.9995555555555555
23200,0.9940404817404819
23201,1.0
23202,1.0
23203,1.0
23204,1.0
23205,0.9980384615384617
23206,0.9990952380952381
23207,1.0
23208,1.0
23209,1.0
23210,1.0
23211,0.6196635505017859
23212,0.9951333333333333
23213,0.9903015745692217
23214,1.0
23215,0.9950318681318682
23216,0.9997777777777779
23217,0.9563338938838939
23218,0.9541509256825049
23219,1.0
23220,1.0
23221,0.9997142857142858
23222,1.0
23223,0.9997999999999999
23224,1.0
23225,1.0
23226,1.0
23227,1.0
23228,1.0
23229,1.0
23230,1.0
23231,0.9991111111111111
23232,0.9944062326562326
23233,1.0
23234,0.9965539682539682
23235,0.9471343816314404
23236,0.9998888888888889
23237,1.0
23238,1.0
23239,0.9370213877453819
23240,0.9983032967032968
23241,0.7004057820920047
23242,1.0
23243,1.0
23244,1.0
23245,0.8606019491945964
23246,1.0
23247,0.9964035714285715
23248,0.6886567691166768
23249,0.9962004498425552
23250,0.9996923076923077
23251,1.0
23252,0.9862975044563279
23253,1.0
23254,1.0
23255,1.0
23256,0.03203312569783159
23257,1.0
23258,1.0
23259,1.0
23260,0.9932047619047618
23261,0.9996
23262,0.713410855604664
23263,1.0
23264,1.0
23265,0.9640079226329226
23266,1.0
23267,1.0
23268,0.7608676752899665
23269,1.0
23270,1.0
23271,0.8960547175047167
23272,1.0
23273,1.0
23274,1.0
23275,0.8746865666754988
23276,1.0
23277,1.0
23278,0.9993015873015875
23279,1.0
23280,1.0
23281,1.0
23282,1.0
23283,0.9671192846369316
23284,1.0
23285,1.0
23286,0.23831326304414563
23287,1.0
23288,1.0
23289,1.0
23290,1.0
23291,1.0
23292,0.9401296358869888
23293,0.909326637689796
23294,0.12725851550410378
23295,1.0
23296,0.9986285714285715
23297,1.0
23298,1.0
23299,0.9935805250305247
23300,0.9997142857142858
23301,1.0
23302,0.3309062846939784
23303,1.0
23304,1.0
23305,1.0
23306,0.9997142857142858
23307,0.8765615825351118
23308,0.9992848484848484
23309,1.0
23310,1.0
23311,1.0
23312,0.7341545712027905
23313,0.9906549617049618
23314,0.9994285714285714
23315,0.9993333333333334
23316,1.0
23317,1.0
23318,1.0
23319,1.0
23320,1.0
23321,0.9972785714285715
23322,1.0
23323,1.0
23324,0.8615106801351389
23325,0.9432746919746918
23326,0.9492653785756727
23327,1.0
23328,0.19352770562770558
23329,0.9833696026196026
23330,0.9983809523809523
23331,0.8601964368277062
23332,1.0
23333,0.9534449911199914
23334,0.9997142857142857
23335,1.0
23336,0.9632109047814932
23337,1.0
23338,0.9972606837606839
23339,1.0
23340,1.0
23341,1.0
23342,1.0
23343,0.9195630258630256
23344,0.21957768534355215
23345,0.8055751282515213
23346,0.9903804528804528
23347,0.9981409090909092
23348,0.9897568063515432
23349,1.0
23350,1.0
23351,0.9986853146853147
23352,0.8616337947226496
23353,1.0
23354,1.0
23355,1.0
23356,0.9996
23357,0.9976
23358,1.0
23359,0.9711365634365633
23360,0.5548472888222888
23361,1.0
23362,1.0
23363,1.0
23364,1.0
23365,1.0
23366,0.993718253968254
23367,1.0
23368,0.9903923132423131
23369,1.0
23370,0.7647687177803276
23371,1.0
23372,0.9994642857142858
23373,1.0
23374,0.9996
23375,0.13115061409179066
23376,0.9677615701292173
23377,0.9880398407148409
23378,1.0
23379,1.0
23380,0.9996666666666667
23381,0.9862594516594516
23382,1.0
23383,0.9995
23384,1.0
23385,1.0
23386,0.9593556443556442
23387,1.0
23388,1.0
23389,1.0
23390,1.0
23391,0.8699422088145772
23392,1.0
23393,1.0
23394,0.9983650793650792
23395,0.988258658008658
23396,1.0
23397,0.99925
23398,0.7134380314130314
23399,0.9523515318015316
23400,1.0
23401,0.9997999999999999
23402,1.0
23403,0.3721311441826149
23404,0.9981650793650793
23405,1.0
23406,0.8106804566010951
23407,0.9040948642860409
23408,1.0
23409,1.0
23410,1.0
23411,0.9787115606615608
23412,0.9571991314241318
23413,0.13417501530117643
23414,1.0
23415,1.0
23416,1.0
23417,1.0
23418,0.5623555695938047
23419,1.0
23420,1.0
23421,0.9992777777777778
23422,1.0
23423,1.0
23424,1.0
23425,1.0
23426,0.9971666666666668
23427,1.0
23428,0.8051602092523916
23429,0.3610034419227144
23430,1.0
23431,0.7319421248256388
23432,0.9991470588235294
23433,0.9533045676919214
23434,0.897775653465901
23435,0.9942085137085137
23436,1.0
23437,1.0
23438,1.0
23439,1.0
23440,1.0
23441,0.7184797118945728
23442,1.0
23443,1.0
23444,0.9827479797979799
23445,1.0
23446,1.0
23447,1.0
23448,0.9914581168831168
23449,1.0
23450,0.9995
23451,0.1354358228974328
23452,1.0
23453,1.0
23454,1.0
23455,0.8227992519864035
23456,1.0
23457,1.0
23458,1.0
23459,0.8307075936619279
23460,0.3332507936507937
23461,0.9859202852702852
23462,1.0
23463,1.0
23464,1.0
23465,1.0
23466,0.9991428571428571
23467,0.9382763337969217
23468,1.0
23469,0.9846509657009658
23470,1.0
23471,1.0
23472,0.9997999999999999
23473,1.0
23474,0.9994920634920637
23475,1.0
23476,0.9989453601953602
23477,1.0
23478,0.9531266677766677
23479,0.4048495621337727
23480,0.9995
23481,0.948781035631036
23482,1.0
23483,0.4584150837810281
23484,0.9995
23485,0.9759830447330449
23486,1.0
23487,0.9962217532467533
23488,1.0
23489,0.9982316017316017
23490,1.0
23491,1.0
23492,0.6094828879291391
23493,1.0
23494,1.0
23495,0.9989563492063492
23496,1.0
23497,0.8648284111914913
23498,0.9996666666666666
23499,1.0
23500,0.9994666666666667
23501,0.6747631304969541
23502,1.0
23503,0.9985952380952381
23504,0.9950259740259739
23505,1.0
23506,0.5649127384053859
23507,0.9500511510848969
23508,1.0
23509,1.0
23510,1.0
23511,0.9677955322455324
23512,0.9996666666666666
23513,0.7089505074990372
23514,0.8234689328503271
23515,1.0
23516,0.9987606837606837
23517,0.99925
23518,0.9940619103119103
23519,0.9982222222222221
23520,1.0
23521,0.9503143919462029
23522,1.0
23523,1.0
23524,0.9954739177489177
23525,1.0
23526,0.9275720695970698
23527,0.9991470588235294
23528,1.0
23529,1.0
23530,0.9716840368781544
23531,1.0
23532,1.0
23533,1.0
23534,1.0
23535,0.3834732525472464
23536,1.0
23537,1.0
23538,1.0
23539,0.9995476190476191
23540,1.0
23541,1.0
23542,0.9942431068931069
23543,1.0
23544,0.9194087214900682
23545,1.0
23546,1.0
23547,0.4401216893357757
23548,1.0
23549,1.0
23550,1.0
23551,0.9226879610585491
23552,1.0
23553,0.9982854978354978
23554,1.0
23555,0.659067308439754
23556,0.9960828643578645
23557,0.48177495570305184
23558,1.0
23559,0.9896027883880827
23560,1.0
23561,0.9997777777777779
23562,1.0
23563,0.9868356365856366
23564,0.9893531746031745
23565,0.2798557897554801
23566,1.0
23567,0.9997142857142858
23568,1.0
23569,1.0
23570,0.9952969696969698
23571,0.7994339297097812
23572,0.9975030303030303
23573,0.9937867521367522
23574,1.0
23575,1.0
23576,1.0
23577,1.0
23578,1.0
23579,0.9105730199624937
23580,0.9955039682539681
23581,0.9796382756132754
23582,0.9984833333333334
23583,0.9997142857142857
23584,0.996602564102564
23585,0.9997142857142858
23586,0.9979619047619047
23587,1.0
23588,1.0
23589,0.9951835164835166
23590,1.0
23591,0.9998333333333334
23592,1.0
23593,1.0
23594,1.0
23595,0.9961125541125541
23596,1.0
23597,0.9399893152599037
23598,1.0
23599,1.0
23600,1.0
23601,1.0
23602,0.993874297924298
23603,1.0
23604,0.15569646480970023
23605,0.9980385281385282
23606,0.9988611111111111
23607,1.0
23608,1.0
23609,0.9743374429492077
23610,1.0
23611,1.0
23612,0.9338572651634574
23613,1.0
23614,0.9942910481331534
23615,1.0
23616,0.9580342557769029
23617,0.8546508235658391
23618,0.9997999999999999
23619,1.0
23620,0.8721712737392427
23621,0.9783771522595054
23622,0.9982153846153846
23623,1.0
23624,1.0
23625,1.0
23626,1.0
23627,1.0
23628,0.9998181818181818
23629,1.0
23630,1.0
23631,0.9965746031746032
23632,1.0
23633,1.0
23634,1.0
23635,0.999
23636,1.0
23637,0.9772089776236836
23638,1.0
23639,1.0
23640,1.0
23641,0.9851711732711733
23642,0.99975
23643,1.0
23644,1.0
23645,0.9970897435897437
23646,1.0
23647,0.07258756684491977
23648,0.9857286213786214
23649,1.0
23650,1.0
23651,0.9975333333333333
23652,0.9992363636363637
23653,0.8089313021945379
23654,1.0
23655,1.0
23656,1.0
23657,0.999297619047619
23658,0.9953484126984128
23659,1.0
23660,0.9768758323375971
23661,0.00408350309820898
23662,1.0
23663,0.9952976190476192
23664,1.0
23665,1.0
23666,0.9843274364524367
23667,1.0
23668,1.0
23669,0.9897807529072237
23670,0.9989015151515153
23671,0.9558407675657672
23672,1.0
23673,0.99925
23674,0.9996
23675,0.9817802586302585
23676,1.0
23677,0.6644769092019095
23678,0.3940467123777495
23679,0.9996
23680,1.0
23681,1.0
23682,1.0
23683,0.9791260212010212
23684,1.0
23685,0.998
23686,1.0
23687,0.9971459873459874
23688,0.9971341269841271
23689,1.0
23690,0.5808285124490232
23691,1.0
23692,1.0
23693,1.0
23694,0.9959691974691975
23695,1.0
23696,0.9912301254301255
23697,0.9991921134421134
23698,0.9921097236097237
23699,0.48461191298381723
23700,0.8528879980786334
23701,0.9993777777777778
23702,0.9997142857142858
23703,1.0
23704,0.9950301282051284
23705,0.6012730276259686
23706,1.0
23707,1.0
23708,1.0
23709,1.0
23710,1.0
23711,0.9993333333333333
23712,1.0
23713,1.0
23714,1.0
23715,1.0
23716,1.0
23717,1.0
23718,1.0
23719,1.0
23720,0.9681369038684052
23721,1.0
23722,1.0
23723,1.0
23724,0.9592764418587945
23725,1.0
23726,0.974312315462315
23727,1.0
23728,1.0
23729,1.0
23730,1.0
23731,1.0
23732,0.9924224664224665
23733,0.996052430902431
23734,0.9938012987012987
23735,1.0
23736,1.0
23737,0.99975
23738,1.0
23739,0.9883545093795094
23740,1.0
23741,1.0
23742,0.598271773496542
23743,1.0
23744,1.0
23745,1.0
23746,0.9981236263736264
23747,0.9955452380952381
23748,0.8072260709019226
23749,1.0
23750,1.0
23751,1.0
23752,0.9649910200910199
23753,0.9987606837606837
23754,0.9350015527300354
23755,1.0
23756,0.9342724498669547
23757,0.9974095238095239
23758,0.999095238095238
23759,1.0
23760,1.0
23761,0.9983540903540903
23762,1.0
23763,0.9996363636363637
23764,1.0
23765,1.0
23766,1.0
23767,1.0
23768,1.0
23769,0.9801831196581197
23770,0.9162240615593559
23771,0.9988928571428571
23772,1.0
23773,1.0
23774,1.0
23775,1.0
23776,0.9084565850815851
23777,1.0
23778,1.0
23779,1.0
23780,1.0
23781,0.9997777777777779
23782,1.0
23783,0.662902005467872
23784,1.0
23785,1.0
23786,0.9212338765809359
23787,0.9376821652204004
23788,1.0
23789,1.0
23790,0.9693863247863248
23791,0.9996
23792,0.9985227272727273
23793,1.0
23794,0.9991515151515151
23795,1.0
23796,1.0
23797,1.0
23798,0.9988717948717949
23799,0.6711444221594504
23800,1.0
23801,1.0
23802,0.5597142612289672
23803,0.9452307713528304
23804,0.9988333333333334
23805,0.305214938853716
23806,1.0
23807,0.9994444444444445
23808,1.0
23809,0.9996666666666666
23810,0.9996923076923078
23811,0.7792264059469942
23812,1.0
23813,1.0
23814,0.9946071428571428
23815,0.9994
23816,1.0
23817,1.0
23818,0.7894108847207142
23819,1.0
23820,1.0
23821,1.0
23822,0.9861987567987568
23823,0.99925
23824,0.6240463972302206
23825,1.0
23826,0.40657445463033676
23827,1.0
23828,1.0
23829,0.9947626262626262
23830,0.9980476190476191
23831,1.0
23832,0.808761061161061
23833,0.9980505050505051
23834,0.9953237651237652
23835,1.0
23836,0.9949095238095239
23837,1.0
23838,1.0
23839,1.0
23840,1.0
23841,0.9895926406926406
23842,0.9996363636363637
23843,0.9998181818181818
23844,0.9005076007326006
23845,1.0
23846,1.0
23847,1.0
23848,0.7959710124842472
23849,0.9992000000000001
23850,1.0
23851,1.0
23852,1.0
23853,1.0
23854,0.24551724386724386
23855,1.0
23856,0.9991476190476191
23857,1.0
23858,1.0
23859,1.0
23860,1.0
23861,0.7789076062654239
23862,1.0
23863,0.6357194752906801
23864,1.0
23865,0.9137963109569274
23866,1.0
23867,1.0
23868,1.0
23869,1.0
23870,0.995729365079365
23871,0.9888408924408923
23872,1.0
23873,0.9952126262626264
23874,0.9995961538461539
23875,1.0
23876,0.0737088644671462
23877,1.0
23878,1.0
23879,0.9486430902430901
23880,1.0
23881,0.9970292707292707
23882,1.0
23883,0.9920342324342324
23884,0.9843337316278494
23885,1.0
23886,0.7570113714716656
23887,1.0
23888,1.0
23889,0.9660375763125763
23890,1.0
23891,1.0
23892,1.0
23893,0.9885063207260575
23894,0.9984273504273503
23895,0.9673001266707147
23896,1.0
23897,1.0
23898,1.0
23899,1.0
23900,0.9988051948051948
23901,0.6587451054879077
23902,1.0
23903,0.9926177128427127
23904,1.0
23905,1.0
23906,1.0
23907,1.0
23908,0.9993
23909,0.8159642079368862
23910,0.8981490804173469
23911,1.0
23912,0.9696035964035962
23913,1.0
23914,1.0
23915,0.829673822256175
23916,1.0
23917,1.0
23918,0.9899275446775446
23919,1.0
23920,1.0
23921,1.0
23922,1.0
23923,1.0
23924,0.9996
23925,1.0
23926,1.0
23927,0.9363118190632896
23928,0.9993333333333334
23929,0.7111682312785257
23930,1.0
23931,0.9979619047619047
23932,0.6908896522466176
23933,0.9353192298413666
23934,0.9992307692307693
23935,0.9994285714285714
23936,1.0
23937,1.0
23938,1.0
23939,0.9409953316291553
23940,0.8921596127298914
23941,1.0
23942,0.9946084249084248
23943,1.0
23944,0.9941941447441447
23945,1.0
23946,0.9993333333333334
23947,1.0
23948,1.0
23949,1.0
23950,0.8600751673678919
23951,1.0
23952,1.0
23953,1.0
23954,1.0
23955,0.9998571428571429
23956,0.9709478687978688
23957,0.9886791486291485
23958,0.9989166666666667
23959,1.0
23960,1.0
23961,1.0
23962,1.0
23963,1.0
23964,0.9978681818181818
23965,1.0
23966,0.7233795294574705
23967,0.9838771062271062
23968,0.9944949938949941
23969,0.9992000000000001
23970,1.0
23971,1.0
23972,1.0
23973,1.0
23974,0.9897184759684762
23975,0.39282532287973465
23976,0.9973611888111888
23977,1.0
23978,1.0
23979,1.0
23980,1.0
23981,0.989023914973915
23982,1.0
23983,1.0
23984,0.6880663926316877
23985,0.6813202217716926
23986,0.9996666666666666
23987,0.5229198698618203
23988,1.0
23989,1.0
23990,0.9978461538461538
23991,1.0
23992,1.0
23993,1.0
23994,0.5720385169783776
23995,1.0
23996,0.8448093508343504
23997,1.0
23998,0.972827498181213
23999,0.7323920714390533
24000,1.0
24001,1.0
24002,0.8603347311185544
24003,1.0
24004,1.0
24005,1.0
24006,0.9985041869894812
24007,0.9996
24008,1.0
24009,0.9934620268620268
24010,1.0
24011,1.0
24012,0.9980285714285715
24013,1.0
24014,0.6373035319084084
24015,1.0
24016,0.9915187978687979
24017,1.0
24018,0.9697369824619821
24019,1.0
24020,0.9774423326673328
24021,0.9798249583749583
24022,1.0
24023,1.0
24024,1.0
24025,0.9821439088689089
24026,1.0
24027,0.08766375700323072
24028,1.0
24029,0.993279770882712
24030,0.992857364857365
24031,1.0
24032,0.9724549062049063
24033,1.0
24034,0.9982626262626263
24035,0.9993809523809523
24036,1.0
24037,1.0
24038,0.99925
24039,1.0
24040,1.0
24041,1.0
24042,0.9638280185500777
24043,0.9725770161211342
24044,1.0
24045,1.0
24046,0.9199615404805039
24047,1.0
24048,1.0
24049,0.9897889582639582
24050,0.9997142857142857
24051,1.0
24052,1.0
24053,0.9796217449217451
24054,0.8853151210158953
24055,0.9995555555555555
24056,0.9994
24057,0.18769829494550871
24058,1.0
24059,1.0
24060,0.9992727272727272
24061,1.0
24062,1.0
24063,1.0
24064,0.9958426704014939
24065,1.0
24066,1.0
24067,1.0
24068,0.9984273504273504
24069,1.0
24070,0.9809602242786454
24071,1.0
24072,1.0
24073,1.0
24074,1.0
24075,1.0
24076,1.0
24077,1.0
24078,1.0
24079,1.0
24080,1.0
24081,1.0
24082,0.7710549232844902
24083,1.0
24084,1.0
24085,1.0
24086,1.0
24087,1.0
24088,1.0
24089,1.0
24090,1.0
24091,0.9993277777777778
24092,0.973552877677878
24093,1.0
24094,0.9982000000000001
24095,1.0
24096,0.9941409812409813
24097,0.9997142857142857
24098,1.0
24099,1.0
24100,0.9955577448695094
24101,1.0
24102,1.0
24103,1.0
24104,0.9922398101898104
24105,1.0
24106,0.994870221281986
24107,1.0
24108,1.0
24109,0.9990809523809522
24110,0.9994166666666666
24111,0.9991111111111111
24112,1.0
24113,1.0
24114,1.0
24115,0.9535811244311245
24116,0.9945328643578644
24117,0.9997142857142858
24118,0.9953003663003664
24119,0.9976595238095237
24120,0.9993102453102455
24121,1.0
24122,1.0
24123,1.0
24124,1.0
24125,0.9766384972956182
24126,1.0
24127,0.9997142857142857
24128,1.0
24129,1.0
24130,1.0
24131,1.0
24132,0.8963758389529292
24133,0.14392365396041862
24134,1.0
24135,1.0
24136,1.0
24137,1.0
24138,0.9993333333333334
24139,0.9975174603174601
24140,1.0
24141,0.9983849206349207
24142,0.9961671717171715
24143,0.997958585858586
24144,1.0
24145,1.0
24146,1.0
24147,1.0
24148,1.0
24149,0.9981111111111111
24150,1.0
24151,1.0
24152,1.0
24153,0.9997777777777779
24154,0.9344409423909427
24155,0.9345663422834478
24156,1.0
24157,1.0
24158,1.0
24159,1.0
24160,1.0
24161,0.9996666666666666
24162,0.9982390109890109
24163,1.0
24164,1.0
24165,0.9948036584330702
24166,1.0
24167,0.4708806016888092
24168,1.0
24169,0.9932286213786213
24170,0.9971851638557521
24171,1.0
24172,1.0
24173,0.9994
24174,1.0
24175,1.0
24176,0.9998947368421053
24177,0.9997142857142857
24178,1.0
24179,1.0
24180,1.0
24181,1.0
24182,1.0
24183,0.994413000888001
24184,0.9820381313131316
24185,0.9989090909090909
24186,0.9702760796822718
24187,0.9970027472527473
24188,1.0
24189,0.9975381507381508
24190,1.0
24191,1.0
24192,1.0
24193,1.0
24194,1.0
24195,0.9996333333333334
24196,1.0
24197,0.9973012820512821
24198,1.0
24199,1.0
24200,1.0
24201,0.9069747807747807
24202,0.9997999999999999
24203,1.0
24204,0.9273744933171405
24205,1.0
24206,1.0
24207,0.9996666666666666
24208,1.0
24209,1.0
24210,1.0
24211,1.0
24212,1.0
24213,0.9698960395813336
24214,0.9995555555555555
24215,1.0
24216,1.0
24217,0.49533649021257387
24218,0.9207344461094458
24219,0.9987606837606837
24220,0.9943753246753247
24221,1.0
24222,1.0
24223,0.9859268925518927
24224,0.8761504172727864
24225,1.0
24226,1.0
24227,1.0
24228,0.1228224487930371
24229,0.93124060939061
24230,1.0
24231,0.5990962980517927
24232,1.0
24233,1.0
24234,1.0
24235,0.9715992086345027
24236,0.9873173117731942
24237,1.0
24238,0.9996666666666666
24239,0.6469734733026655
24240,0.9908948329448329
24241,1.0
24242,1.0
24243,1.0
24244,1.0
24245,1.0
24246,0.9995959595959596
24247,0.9993333333333333
24248,1.0
24249,1.0
24250,1.0
24251,0.9993104395604395
24252,1.0
24253,0.9997142857142858
24254,1.0
24255,0.2653708513708513
24256,1.0
24257,1.0
24258,0.9987515151515153
24259,1.0
24260,0.9963290043290043
24261,1.0
24262,0.9903388500388498
24263,1.0
24264,1.0
24265,0.8035668558737445
24266,1.0
24267,0.9987777777777779
24268,0.991714119214119
24269,0.9806311355311356
24270,0.583048343856006
24271,1.0
24272,1.0
24273,0.9988888888888889
24274,0.9983571428571427
24275,0.9996
24276,0.9995
24277,1.0
24278,0.9242416969946893
24279,1.0
24280,1.0
24281,0.998488888888889
24282,1.0
24283,0.7372835235799631
24284,1.0
24285,0.7127171282965399
24286,1.0
24287,0.8952789569907226
24288,0.9997142857142857
24289,0.9996666666666666
24290,1.0
24291,1.0
24292,1.0
24293,1.0
24294,0.9991428571428572
24295,1.0
24296,0.9967714285714288
24297,1.0
24298,1.0
24299,0.9991428571428571
24300,1.0
24301,1.0
24302,1.0
24303,0.997894017094017
24304,1.0
24305,1.0
24306,1.0
24307,1.0
24308,1.0
24309,0.995993201243201
24310,0.9974986263736264
24311,0.9957422466422466
24312,0.9989769119769121
24313,0.9974714285714287
24314,0.31471934650316996
24315,0.9997999999999999
24316,1.0
24317,0.9770801175948235
24318,1.0
24319,0.9731031579531579
24320,0.667425073077937
24321,1.0
24322,0.9997142857142858
24323,1.0
24324,0.99925
24325,1.0
24326,0.9541907842157843
24327,0.993901800976801
24328,1.0
24329,0.9995777777777778
24330,1.0
24331,0.9629154734154736
24332,0.8179179062251816
24333,1.0
24334,0.9967752525252526
24335,0.9994444444444445
24336,1.0
24337,1.0
24338,0.997697619047619
24339,1.0
24340,0.9971740259740259
24341,0.998247619047619
24342,1.0
24343,0.6477960840587
24344,0.9887151237651239
24345,0.974204897879898
24346,1.0
24347,0.9185132423132424
24348,1.0
24349,0.9617190471293412
24350,1.0
24351,1.0
24352,1.0
24353,1.0
24354,1.0
24355,1.0
24356,0.9509204950020742
24357,0.9993333333333333
24358,0.9963431013431012
24359,1.0
24360,1.0
24361,0.9981363636363636
24362,0.9995294117647059
24363,1.0
24364,1.0
24365,0.8077816264574781
24366,1.0
24367,1.0
24368,1.0
24369,0.9997142857142858
24370,0.9941354978354979
24371,0.9136226358608709
24372,1.0
24373,0.7528201871915492
24374,1.0
24375,1.0
24376,1.0
24377,0.999
24378,1.0
24379,0.9964857142857144
24380,0.9953087301587302
24381,0.828822954247335
24382,1.0
24383,0.25998809523809524
24384,1.0
24385,0.9634641667156374
24386,1.0
24387,0.9808117547657023
24388,0.8135660588465536
24389,0.9988250000000001
24390,0.9701965312465309
24391,0.9980177045177044
24392,0.9964429070929072
24393,1.0
24394,1.0
24395,0.9985970695970695
24396,0.9992000000000001
24397,0.9985714285714287
24398,1.0
24399,1.0
24400,1.0
24401,1.0
24402,0.9945
24403,0.9784100437574123
24404,0.9256534718549422
24405,0.9342589227765697
24406,0.9984476190476191
24407,1.0
24408,0.9997142857142857
24409,1.0
24410,1.0
24411,0.2777798114596103
24412,1.0
24413,1.0
24414,0.920988565648318
24415,1.0
24416,0.9996666666666667
24417,1.0
24418,1.0
24419,1.0
24420,1.0
24421,1.0
24422,1.0
24423,1.0
24424,1.0
24425,0.9998461538461538
24426,0.99975
24427,1.0
24428,0.9894873015873017
24429,0.9145050813565521
24430,1.0
24431,1.0
24432,1.0
24433,1.0
24434,1.0
24435,0.7586396262234498
24436,0.8661106073664896
24437,1.0
24438,0.9698135891885893
24439,1.0
24440,1.0
24441,1.0
24442,1.0
24443,1.0
24444,1.0
24445,0.9886481740481741
24446,1.0
24447,1.0
24448,1.0
24449,0.9860610268816149
24450,1.0
24451,0.9987606837606837
24452,0.9976785714285713
24453,0.9812249999999999
24454,1.0
24455,1.0
24456,0.9861997308247309
24457,1.0
24458,1.0
24459,1.0
24460,0.8230542508145449
24461,1.0
24462,0.9982142857142857
24463,0.9962174603174604
24464,1.0
24465,0.9963476190476193
24466,1.0
24467,0.9953809523809524
24468,0.9650251470751469
24469,1.0
24470,1.0
24471,0.9996666666666666
24472,1.0
24473,1.0
24474,0.9989089743589743
24475,0.9993181818181818
24476,0.9998333333333334
24477,1.0
24478,0.9934531163281165
24479,1.0
24480,1.0
24481,1.0
24482,0.9987606837606837
24483,1.0
24484,1.0
24485,0.9404420821009059
24486,0.9995999999999999
24487,0.9718703657453658
24488,1.0
24489,1.0
24490,1.0
24491,1.0
24492,0.40616200466200486
24493,0.990054884004884
24494,1.0
24495,1.0
24496,1.0
24497,1.0
24498,0.9993333333333334
24499,0.9721318749877572
24500,1.0
24501,1.0
24502,0.8907589198383323
24503,0.9291397160029512
24504,1.0
24505,1.0
24506,0.9995
24507,1.0
24508,0.9075535793154209
24509,0.9990285714285715
24510,0.9997777777777779
24511,0.41843478118029237
24512,0.9912704184704184
24513,0.9991688311688312
24514,1.0
24515,0.613693011323042
24516,0.99975
24517,0.554419439598929
24518,1.0
24519,1.0
24520,1.0
24521,1.0
24522,1.0
24523,1.0
24524,1.0
24525,0.9995416666666668
24526,0.9958119047619047
24527,0.5536807166002214
24528,1.0
24529,1.0
24530,1.0
24531,1.0
24532,1.0
24533,1.0
24534,0.18438827377472894
24535,1.0
24536,1.0
24537,1.0
24538,1.0
24539,0.984213700515171
24540,1.0
24541,1.0
24542,0.9977587301587304
24543,0.9997142857142858
24544,1.0
24545,1.0
24546,1.0
24547,0.9903376984126984
24548,1.0
24549,0.99925
24550,0.9689889776889778
24551,0.9936976190476191
24552,1.0
24553,1.0
24554,0.9989785714285715
24555,0.9997777777777779
24556,1.0
24557,1.0
24558,0.9910923076923075
24559,1.0
24560,1.0
24561,1.0
24562,1.0
24563,0.21978034808328942
24564,0.8954435130143331
24565,0.9996666666666666
24566,0.8070963997818487
24567,0.18607299759064483
24568,0.9983500000000001
24569,0.2083317266067267
24570,1.0
24571,0.2594464453846807
24572,0.9967408963585435
24573,1.0
24574,0.2397663598527377
24575,1.0
24576,1.0
24577,1.0
24578,1.0
24579,1.0
24580,1.0
24581,0.996179292929293
24582,0.9997647058823529
24583,0.9985041869894812
24584,0.29066889967617526
24585,1.0
24586,1.0
24587,1.0
24588,0.9996
24589,1.0
24590,0.9976861471861472
24591,0.9989285714285715
24592,0.705061337733474
24593,1.0
24594,0.11558177214941924
24595,0.9824700466200464
24596,0.894445299988192
24597,0.970532553067847
24598,1.0
24599,0.872884447252094
24600,0.9976805555555556
24601,0.9991428571428571
24602,1.0
24603,1.0
24604,1.0
24605,0.301132362185458
24606,0.9989565934065934
24607,1.0
24608,1.0
24609,1.0
24610,0.7312945823354489
24611,1.0
24612,0.17687017884076714
24613,0.9960404761904763
24614,0.9725762376512375
24615,0.9942779560308973
24616,0.9973012820512821
24617,1.0
24618,0.948974880674881
24619,0.9982222222222222
24620,0.9991428571428571
24621,0.9985492063492064
24622,0.9892352286602287
24623,0.9895574952824953
24624,0.9589902208902209
24625,1.0
24626,1.0
24627,0.6994642158581007
24628,0.9866739177489177
24629,1.0
24630,0.9844635836385833
24631,1.0
24632,1.0
24633,0.9294601261311789
24634,0.8808162025109392
24635,0.9986833333333334
24636,1.0
24637,0.9982824675324676
24638,0.9965777777777778
24639,0.9245956192500309
24640,1.0
24641,0.9731062493062492
24642,1.0
24643,1.0
24644,0.9855663974913975
24645,0.9950584415584415
24646,0.9942268398268398
24647,0.997409943977591
24648,0.99975
24649,1.0
24650,1.0
24651,1.0
24652,0.8428202939217646
24653,0.9622670874876755
24654,0.3677672836966955
24655,1.0
24656,1.0
24657,0.823683452392121
24658,0.6926733648704226
24659,1.0
24660,0.9896572649572648
24661,0.9185386224886224
24662,1.0
24663,1.0
24664,0.9987666666666667
24665,0.9771039044289048
24666,0.9998333333333334
24667,0.7438238939307352
24668,0.9737867521367526
24669,1.0
24670,1.0
24671,0.998
24672,1.0
24673,0.9657668147212266
24674,1.0
24675,0.99925
24676,1.0
24677,0.9994285714285714
24678,1.0
24679,0.9991666666666666
24680,0.9770207708957711
24681,0.9973681818181819
24682,0.9993809523809524
24683,0.9738522361883043
24684,0.9961111111111111
24685,0.9996923076923078
24686,0.9951406648906649
24687,0.9993102453102455
24688,1.0
24689,1.0
24690,0.999
24691,0.5604350866483692
24692,1.0
24693,0.9204417275534923
24694,1.0
24695,1.0
24696,0.8874380201669679
24697,1.0
24698,0.9991555555555557
24699,1.0
24700,0.9996
24701,1.0
24702,1.0
24703,0.9898890720390718
24704,0.9971581196581196
24705,1.0
24706,0.9984761904761904
24707,1.0
24708,1.0
24709,1.0
24710,0.9996
24711,1.0
24712,1.0
24713,1.0
24714,0.9668466553913923
24715,1.0
24716,1.0
24717,1.0
24718,0.9921871184371186
24719,0.9982156862745099
24720,0.9609331446331446
24721,1.0
24722,1.0
24723,1.0
24724,0.8615406967817187
24725,0.9283282425873887
24726,1.0
24727,1.0
24728,1.0
24729,0.9997142857142858
24730,0.9989137254901962
24731,0.549450733691833
24732,0.9945090187590188
24733,0.9910346209346209
24734,1.0
24735,1.0
24736,0.6199272362570352
24737,0.9704335997335998
24738,1.0
24739,1.0
24740,0.9978045454545456
24741,1.0
24742,1.0
24743,1.0
24744,1.0
24745,1.0
24746,0.9998181818181818
24747,0.9857979770229768
24748,0.9997999999999999
24749,0.9997999999999999
24750,1.0
24751,0.9997142857142857
24752,1.0
24753,1.0
24754,1.0
24755,0.9909150793650794
24756,1.0
24757,1.0
24758,1.0
24759,1.0
24760,0.9847379204129204
24761,0.9882927627927628
24762,1.0
24763,0.9994848484848486
24764,0.8131728431613113
24765,1.0
24766,1.0
24767,1.0
24768,1.0
24769,1.0
24770,0.9945134920634919
24771,0.9995777777777778
24772,1.0
24773,0.8471270904534064
24774,0.9770437506937506
24775,1.0
24776,0.9995999999999999
24777,0.7960113717036319
24778,0.9991032967032968
24779,0.998675
24780,0.9995384615384616
24781,0.9997142857142858
24782,1.0
24783,1.0
24784,1.0
24785,1.0
24786,1.0
24787,0.9981410256410256
24788,0.9019717948717942
24789,1.0
24790,1.0
24791,1.0
24792,1.0
24793,1.0
24794,1.0
24795,0.9996
24796,1.0
24797,0.9988095238095237
24798,1.0
24799,1.0
24800,0.9997142857142858
24801,1.0
24802,1.0
24803,0.9377657354083825
24804,1.0
24805,1.0
24806,1.0
24807,0.9996666666666666
24808,1.0
24809,1.0
24810,1.0
24811,1.0
24812,0.9649612165612165
24813,1.0
24814,1.0
24815,0.3948445154862337
24816,1.0
24817,0.97767876012876
24818,1.0
24819,0.694676724651338
24820,1.0
24821,0.9966216450216449
24822,1.0
24823,1.0
24824,1.0
24825,0.9566307136791655
24826,0.5958744561476419
24827,1.0
24828,1.0
24829,1.0
24830,1.0
24831,1.0
24832,1.0
24833,0.6759643374599261
24834,0.9896286324786323
24835,0.9507169080919085
24836,0.9998333333333334
24837,1.0
24838,0.9995
24839,0.9993333333333334
24840,1.0
24841,0.9536401986730161
24842,1.0
24843,1.0
24844,1.0
24845,0.9953418803418805
24846,0.9988363636363635
24847,1.0
24848,1.0
24849,0.9995384615384616
24850,0.9995999999999999
24851,0.9117544003382237
24852,1.0
24853,1.0
24854,1.0
24855,0.9991748251748253
24856,0.9993333333333334
24857,0.9765441336441333
24858,0.9770502458755553
24859,1.0
24860,1.0
24861,1.0
24862,1.0
24863,1.0
24864,1.0
24865,0.9996363636363637
24866,0.9418112684700919
24867,1.0
24868,0.999
24869,0.9770306324394562
24870,1.0
24871,1.0
24872,1.0
24873,0.5371377122963034
24874,1.0
24875,1.0
24876,0.9455981854746562
24877,0.9996666666666666
24878,1.0
24879,0.9777949272949273
24880,0.9986282828282829
24881,0.9996666666666667
24882,0.927823291982438
24883,0.9995833333333334
24884,0.9870684237331298
24885,1.0
24886,0.9993055555555556
24887,1.0
24888,1.0
24889,1.0
24890,0.9694168831168827
24891,0.6429951735227284
24892,0.9996363636363637
24893,1.0
24894,1.0
24895,1.0
24896,1.0
24897,1.0
24898,1.0
24899,0.9998333333333332
24900,1.0
24901,0.8174727120918301
24902,0.9995555555555555
24903,0.9652734744014155
24904,0.26451952214452207
24905,1.0
24906,1.0
24907,1.0
24908,0.9991428571428571
24909,0.9971928571428571
24910,1.0
24911,1.0
24912,0.9511171374377259
24913,1.0
24914,1.0
24915,1.0
24916,1.0
24917,0.9997142857142858
24918,1.0
24919,0.9988717948717949
24920,0.9993333333333333
24921,1.0
24922,0.9927827894327895
24923,1.0
24924,1.0
24925,1.0
24926,1.0
24927,0.9992990196078431
24928,1.0
24929,1.0
24930,0.9979143356643356
24931,0.99727215007215
24932,0.9978730158730158
24933,1.0
24934,0.99975
24935,0.6768658305316965
24936,0.5728289670425893
24937,1.0
24938,1.0
24939,1.0
24940,0.9759280164280164
24941,0.9329044711824126
24942,1.0
24943,1.0
24944,0.931467239872271
24945,0.9997999999999999
24946,1.0
24947,0.5280410498771956
24948,0.8630046597537304
24949,1.0
24950,0.9978277777777778
24951,1.0
24952,1.0
24953,1.0
24954,0.9996
24955,0.8601585964345255
24956,0.9995384615384616
24957,0.7731238513120866
24958,1.0
24959,0.99975
24960,0.48444866366863276
24961,1.0
24962,1.0
24963,1.0
24964,0.1599968268199996
24965,0.9964617604617605
24966,1.0
24967,0.7030156767500758
24968,0.9940639527139526
24969,0.9998333333333334
24970,0.9264236542868894
24971,1.0
24972,0.9985245726495727
24973,1.0
24974,0.998937062937063
24975,1.0
24976,1.0
24977,0.9650384624405522
24978,0.9994545454545455
24979,1.0
24980,1.0
24981,0.969771606171606
24982,0.6349856430806896
24983,1.0
24984,1.0
24985,1.0
24986,1.0
24987,1.0
24988,1.0
24989,0.7021146663793719
24990,1.0
24991,1.0
24992,1.0
24993,1.0
24994,0.9898672938172937
24995,1.0
24996,1.0
24997,0.20726718412306633
24998,0.9994444444444445
24999,0.36159599695110534
25000,1.0
25001,1.0
25002,1.0
25003,1.0
25004,1.0
25005,1.0
25006,1.0
25007,0.9997999999999999
25008,1.0
25009,1.0
25010,1.0
25011,1.0
25012,0.9225454887905354
25013,1.0
25014,0.9986642857142857
25015,1.0
25016,0.9981636141636141
25017,1.0
25018,1.0
25019,0.43263193382984416
25020,1.0
25021,0.9854912698412697
25022,1.0
25023,1.0
25024,0.3277280454839278
25025,0.6486840136987199
25026,1.0
25027,0.27935865800865806
25028,1.0
25029,0.9995
25030,0.6869890047860642
25031,1.0
25032,1.0
25033,0.3307365374305778
25034,1.0
25035,1.0
25036,1.0
25037,0.11562238480473783
25038,1.0
25039,0.9396438901827445
25040,1.0
25041,0.9997142857142858
25042,1.0
25043,0.9987181818181818
25044,0.993563852813853
25045,1.0
25046,0.9898878787878789
25047,0.9552311832388459
25048,1.0
25049,1.0
25050,0.7787850856174086
25051,0.1779492904154669
25052,1.0
25053,1.0
25054,1.0
25055,1.0
25056,0.9923629925629925
25057,0.9979333333333333
25058,0.8748234264101912
25059,0.95687331002331
25060,0.9994444444444445
25061,1.0
25062,1.0
25063,0.9996666666666666
25064,0.9958446275946274
25065,1.0
25066,1.0
25067,0.4835602202063503
25068,1.0
25069,0.9996666666666666
25070,1.0
25071,1.0
25072,0.9706253729930202
25073,1.0
25074,0.9873168831168833
25075,1.0
25076,1.0
25077,1.0
25078,0.9996666666666666
25079,1.0
25080,0.9920966833819774
25081,0.9997142857142858
25082,0.9970365079365079
25083,0.8838190045592519
25084,1.0
25085,1.0
25086,0.9480915863548218
25087,1.0
25088,0.9986923076923077
25089,1.0
25090,0.9943743379169849
25091,0.9767024101371626
25092,1.0
25093,1.0
25094,1.0
25095,0.9977581085581085
25096,1.0
25097,1.0
25098,1.0
25099,1.0
25100,1.0
25101,0.9995
25102,0.9966535714285715
25103,0.9979795454545455
25104,0.980435137085137
25105,1.0
25106,1.0
25107,1.0
25108,1.0
25109,0.9980083028083027
25110,0.0002
25111,1.0
25112,0.9648734265734263
25113,1.0
25114,1.0
25115,1.0
25116,0.9922784718205769
25117,0.9432069314672258
25118,0.9920443722943724
25119,0.9998181818181817
25120,1.0
25121,0.9997142857142857
25122,1.0
25123,0.9993333333333334
25124,0.8355210582760899
25125,0.9993333333333333
25126,1.0
25127,1.0
25128,0.9847094516594517
25129,1.0
25130,0.9909505050505047
25131,0.9199782375261475
25132,0.9985273504273505
25133,1.0
25134,0.7878557698063897
25135,0.9920969106057342
25136,1.0
25137,1.0
25138,1.0
25139,1.0
25140,0.9750016150516146
25141,0.9982295454545455
25142,1.0
25143,0.9042984015984019
25144,1.0
25145,0.9190159784659783
25146,0.9994333333333334
25147,1.0
25148,0.998568253968254
25149,1.0
25150,0.8026388157594041
25151,0.9903828782328783
25152,1.0
25153,1.0
25154,1.0
25155,0.9976587301587301
25156,1.0
25157,0.9980848262848261
25158,1.0
25159,1.0
25160,1.0
25161,1.0
25162,1.0
25163,1.0
25164,1.0
25165,1.0
25166,1.0
25167,0.9921761544011545
25168,1.0
25169,0.9993333333333334
25170,0.9991363636363636
25171,0.9997142857142858
25172,0.8635540062878299
25173,0.9966336996336997
25174,1.0
25175,1.0
25176,1.0
25177,1.0
25178,0.9979780303030302
25179,1.0
25180,0.9991428571428571
25181,0.9954987734487735
25182,0.9990940170940171
25183,1.0
25184,0.973256637076374
25185,1.0
25186,1.0
25187,0.9978063492063493
25188,0.9981378787878789
25189,1.0
25190,0.9597412419280064
25191,1.0
25192,0.9972507936507936
25193,1.0
25194,1.0
25195,0.9992000000000001
25196,0.9992181818181819
25197,0.9423077190783072
25198,0.9830657120657119
25199,1.0
25200,1.0
25201,0.5378722511148986
25202,0.9997142857142857
25203,1.0
25204,0.9695127809411093
25205,0.9913825674325677
25206,1.0
25207,0.9988717948717949
25208,0.7765072509190161
25209,0.9507676878676881
25210,0.852167414818666
25211,0.9452865578865579
25212,1.0
25213,0.7095419054467169
25214,1.0
25215,0.9996
25216,1.0
25217,0.9996
25218,1.0
25219,1.0
25220,0.9934442666810316
25221,0.8622305596364424
25222,0.9963242424242424
25223,0.9951860805860805
25224,0.9979989974937343
25225,0.9992571428571428
25226,1.0
25227,1.0
25228,1.0
25229,1.0
25230,0.7848796928561637
25231,1.0
25232,1.0
25233,1.0
25234,1.0
25235,1.0
25236,0.997031746031746
25237,1.0
25238,0.4949154616023809
25239,1.0
25240,1.0
25241,0.9992878787878787
25242,1.0
25243,1.0
25244,0.620225656189356
25245,0.8806490387063919
25246,0.8530496033378385
25247,0.9997999999999999
25248,1.0
25249,1.0
25250,0.3174874060579944
25251,1.0
25252,1.0
25253,0.9734428404928406
25254,0.9984717948717949
25255,0.9727825760496813
25256,1.0
25257,1.0
25258,1.0
25259,1.0
25260,0.9997333333333334
25261,0.5815952178368584
25262,0.9993333333333334
25263,0.7975957505944343
25264,1.0
25265,1.0
25266,1.0
25267,0.9986333333333334
25268,1.0
25269,0.9991
25270,1.0
25271,1.0
25272,1.0
25273,0.49494797522738687
25274,0.9804316294816294
25275,1.0
25276,0.9970293206793208
25277,0.9988888888888889
25278,1.0
25279,1.0
25280,1.0
25281,1.0
25282,1.0
25283,1.0
25284,0.9955940170940172
25285,1.0
25286,0.9691497224997226
25287,0.9216235587168252
25288,0.9978642857142859
25289,0.9998333333333332
25290,1.0
25291,1.0
25292,0.8377798072504462
25293,0.9976821661998132
25294,0.9340115487453722
25295,1.0
25296,0.9254242809478102
25297,0.9637037823287825
25298,1.0
25299,0.9637792402042402
25300,1.0
25301,1.0
25302,0.9998666666666667
25303,0.9973452380952381
25304,1.0
25305,1.0
25306,0.8950237071751781
25307,1.0
25308,1.0
25309,1.0
25310,1.0
25311,0.8314775141525144
25312,1.0
25313,1.0
25314,0.9996363636363637
25315,0.9946003663003664
25316,0.8264855586707749
25317,0.9982051282051282
25318,0.23694729150278684
25319,0.31976046176046174
25320,1.0
25321,0.648793081918082
25322,1.0
25323,0.9982227272727273
25324,1.0
25325,1.0
25326,1.0
25327,0.8018059110823818
25328,0.26170793914547796
25329,1.0
25330,1.0
25331,0.9991846153846153
25332,0.998124531024531
25333,1.0
25334,0.9265636939857526
25335,1.0
25336,0.9996
25337,1.0
25338,1.0
25339,0.9997142857142858
25340,1.0
25341,1.0
25342,1.0
25343,1.0
25344,1.0
25345,1.0
25346,1.0
25347,0.9964273504273504
25348,1.0
25349,0.4509423299249768
25350,1.0
25351,1.0
25352,0.9971964035964036
25353,1.0
25354,1.0
25355,1.0
25356,1.0
25357,0.9930664081017021
25358,1.0
25359,0.993279770882712
25360,1.0
25361,0.9995384615384616
25362,0.9888691697191697
25363,1.0
25364,0.9994285714285714
25365,1.0
25366,1.0
25367,1.0
25368,0.9980714285714286
25369,1.0
25370,1.0
25371,1.0
25372,0.9985252525252526
25373,1.0
25374,1.0
25375,0.9879231490731492
25376,1.0
25377,0.9987611111111113
25378,1.0
25379,1.0
25380,0.9111052256566964
25381,1.0
25382,1.0
25383,0.5197063691812146
25384,1.0
25385,1.0
25386,1.0
25387,1.0
25388,1.0
25389,0.9968658008658009
25390,0.8765083088480152
25391,0.9974542124542124
25392,0.9969404761904761
25393,0.9946612554112555
25394,1.0
25395,1.0
25396,0.9958968253968253
25397,1.0
25398,0.9952750971250971
25399,1.0
25400,0.9989333333333332
25401,0.9791862637362637
25402,1.0
25403,1.0
25404,1.0
25405,0.9995333333333333
25406,1.0
25407,1.0
25408,1.0
25409,0.9727827505827505
25410,1.0
25411,0.16500376903797961
25412,1.0
25413,1.0
25414,0.9997142857142858
25415,1.0
25416,1.0
25417,1.0
25418,1.0
25419,0.9247970033234736
25420,1.0
25421,0.9845753125959008
25422,1.0
25423,0.9994444444444445
25424,1.0
25425,0.997317365967366
25426,0.9957027954501638
25427,0.9989285714285715
25428,0.9777626984126984
25429,0.17266595366278037
25430,1.0
25431,1.0
25432,0.9993846153846153
25433,1.0
25434,0.9017055873864691
25435,1.0
25436,1.0
25437,1.0
25438,0.9666662004662004
25439,1.0
25440,1.0
25441,0.33102928797208986
25442,0.9992051282051282
25443,1.0
25444,0.3284303746906688
25445,0.9977460317460316
25446,1.0
25447,1.0
25448,1.0
25449,0.9764031086560498
25450,1.0
25451,1.0
25452,0.9991428571428572
25453,1.0
25454,0.9994285714285714
25455,0.9987619047619047
25456,1.0
25457,0.9989230769230769
25458,1.0
25459,1.0
25460,0.9991111111111111
25461,0.9977737373737374
25462,0.9995
25463,1.0
25464,1.0
25465,0.7332096247216836
25466,0.9930406177156178
25467,0.9984273504273504
25468,0.9930633033633035
25469,0.9763616729675553
25470,1.0
25471,0.9996666666666666
25472,1.0
25473,0.9993333333333333
25474,1.0
25475,0.9997999999999999
25476,1.0
25477,0.999
25478,1.0
25479,1.0
25480,1.0
25481,1.0
25482,0.9992666666666666
25483,0.9386645028174441
25484,0.9948412698412697
25485,1.0
25486,1.0
25487,1.0
25488,1.0
25489,0.9895791486291488
25490,0.9977581085581085
25491,0.9843747280497281
25492,0.5074439972566135
25493,1.0
25494,0.9817421717171718
25495,1.0
25496,1.0
25497,0.9995
25498,0.34418780114794056
25499,1.0
25500,0.9991111111111111
25501,0.3789330909544533
25502,0.9996666666666666
25503,0.9897334267040149
25504,0.9307378711244036
25505,0.9995999999999999
25506,0.9996666666666667
25507,1.0
25508,1.0
25509,0.999
25510,0.40005470787382574
25511,1.0
25512,0.99925
25513,1.0
25514,0.9808304306804307
25515,0.9376592456305308
25516,0.9996666666666667
25517,1.0
25518,1.0
25519,1.0
25520,0.9967606837606838
25521,0.7516691992789826
25522,1.0
25523,1.0
25524,0.993610245310245
25525,0.9942519536019535
25526,0.9990384615384615
25527,0.9720591020091018
25528,1.0
25529,1.0
25530,1.0
25531,0.9997142857142857
25532,0.99975
25533,0.9993333333333334
25534,0.611574420591449
25535,0.1137000416250416
25536,1.0
25537,1.0
25538,0.9989
25539,0.07717174524821581
25540,0.998129292929293
25541,1.0
25542,1.0
25543,1.0
25544,1.0
25545,0.9563033876254464
25546,1.0
25547,0.9993604395604394
25548,1.0
25549,1.0
25550,0.7728492783274515
25551,1.0
25552,1.0
25553,1.0
25554,1.0
25555,0.3565611111111111
25556,1.0
25557,1.0
25558,0.9913752525252526
25559,0.5038420277950464
25560,0.9995294117647059
25561,0.9998666666666667
25562,0.9412631396381398
25563,1.0
25564,1.0
25565,0.9995384615384616
25566,1.0
25567,0.9987272727272728
25568,0.99975
25569,1.0
25570,0.9758616522366521
25571,1.0
25572,0.9832451492951492
25573,0.43808390495813126
25574,1.0
25575,0.32643669890481025
25576,0.99513204018204
25577,1.0
25578,0.020367044067044066
25579,0.9998461538461538
25580,0.9975619047619048
25581,0.999547619047619
25582,0.8299999549556052
25583,0.9812378321025379
25584,1.0
25585,1.0
25586,1.0
25587,1.0
25588,1.0
25589,1.0
25590,0.9984642857142857
25591,1.0
25592,0.99975
25593,1.0
25594,0.9997777777777779
25595,0.9986031746031746
25596,1.0
25597,1.0
25598,1.0
25599,1.0
25600,0.7957902236652237
25601,0.9992000000000001
25602,0.8084573213336373
25603,1.0
25604,1.0
25605,1.0
25606,0.9882681818181818
25607,1.0
25608,1.0
25609,1.0
25610,0.9951253968253969
25611,1.0
25612,1.0
25613,1.0
25614,1.0
25615,0.9990909090909091
25616,1.0
25617,1.0
25618,1.0
25619,0.9996666666666666
25620,1.0
25621,1.0
25622,1.0
25623,0.997894327894328
25624,1.0
25625,1.0
25626,1.0
25627,0.09920073194779085
25628,0.9982428571428571
25629,1.0
25630,1.0
25631,0.6386497130320663
25632,0.9802555111555112
25633,1.0
25634,1.0
25635,0.8605514416268286
25636,1.0
25637,0.9986212121212122
25638,0.9951399267399268
25639,1.0
25640,1.0
25641,0.9998333333333334
25642,1.0
25643,1.0
25644,1.0
25645,0.9998333333333334
25646,0.9809831390831394
25647,0.9988717948717949
25648,1.0
25649,1.0
25650,0.9998823529411764
25651,1.0
25652,0.9998181818181818
25653,0.9937544011544011
25654,0.972694619269619
25655,0.9634975046195634
25656,0.9982602453102454
25657,0.99890756302521
25658,0.9997142857142858
25659,0.9984273504273503
25660,1.0
25661,1.0
25662,1.0
25663,0.9996
25664,1.0
25665,0.7804562865582989
25666,0.9981666666666668
25667,1.0
25668,1.0
25669,1.0
25670,1.0
25671,0.21785795981624165
25672,1.0
25673,0.990826406926407
25674,1.0
25675,1.0
25676,0.9991666666666666
25677,1.0
25678,0.9987142857142857
25679,0.9629978160728162
25680,1.0
25681,1.0
25682,1.0
25683,1.0
25684,0.5137397710390746
25685,0.9968309523809524
25686,1.0
25687,1.0
25688,0.6689690871134373
25689,1.0
25690,0.9983928571428571
25691,1.0
25692,0.9997142857142857
25693,0.37368609723609736
25694,1.0
25695,1.0
25696,1.0
25697,1.0
25698,1.0
25699,1.0
25700,0.9970061624649859
25701,0.9876647324897326
25702,1.0
25703,0.9995681818181817
25704,1.0
25705,1.0
25706,1.0
25707,1.0
25708,0.9982111111111112
25709,0.9481871905871905
25710,0.9966158730158731
25711,1.0
25712,1.0
25713,0.7531888916638918
25714,0.3024829725829726
25715,1.0
25716,0.8082843202549085
25717,0.9894632312132311
25718,0.6799477259668436
25719,0.7713046979164626
25720,1.0
25721,1.0
25722,0.0632772147357286
25723,1.0
25724,1.0
25725,0.9963693833943835
25726,1.0
25727,1.0
25728,1.0
25729,0.5811301706033903
25730,1.0
25731,1.0
25732,0.9588181873681877
25733,1.0
25734,1.0
25735,1.0
25736,0.998797619047619
25737,0.9241529731963939
25738,0.9655168837698246
25739,1.0
25740,0.9994545454545455
25741,0.9991785714285715
25742,1.0
25743,1.0
25744,1.0
25745,0.9493245235844312
25746,0.5674482323232322
25747,1.0
25748,1.0
25749,1.0
25750,1.0
25751,0.9992000000000001
25752,1.0
25753,1.0
25754,0.9806573870573871
25755,1.0
25756,0.9945242424242425
25757,0.9202752510561333
25758,1.0
25759,1.0
25760,1.0
25761,0.9815285131535131
25762,1.0
25763,1.0
25764,1.0
25765,1.0
25766,0.5893128595260949
25767,1.0
25768,0.2359909301482831
25769,1.0
25770,1.0
25771,1.0
25772,1.0
25773,1.0
25774,1.0
25775,1.0
25776,0.9991714285714287
25777,0.9775487290487289
25778,0.9996666666666666
25779,0.99875
25780,0.9997777777777779
25781,0.9893204184704184
25782,1.0
25783,0.9020311134170264
25784,0.9995277777777778
25785,0.9500013447336978
25786,1.0
25787,0.9985350427350426
25788,0.9654606693959633
25789,1.0
25790,0.9875915861915863
25791,0.8906693682134857
25792,1.0
25793,1.0
25794,0.9515194999444998
25795,0.9822637001887001
25796,1.0
25797,1.0
25798,0.9040754373077904
25799,0.9983075757575758
25800,1.0
25801,0.9848662420912421
25802,0.9987051282051281
25803,0.6804811726886806
25804,1.0
25805,0.9429300033300034
25806,0.9938738095238095
25807,1.0
25808,0.9996
25809,0.3623996465522783
25810,0.9798370213120213
25811,0.9909551864801863
25812,0.13792848834172372
25813,1.0
25814,0.9389330012436823
25815,1.0
25816,0.9971353313353313
25817,0.3972298070178876
25818,0.9982747252747254
25819,0.9992824675324674
25820,0.9988222222222222
25821,1.0
25822,0.9982961538461539
25823,0.9187702456470254
25824,1.0
25825,1.0
25826,1.0
25827,0.9649674271806623
25828,0.99925
25829,1.0
25830,1.0
25831,1.0
25832,1.0
25833,0.9561603507603509
25834,0.9964090909090909
25835,1.0
25836,0.9994
25837,1.0
25838,1.0
25839,1.0
25840,0.4301803044564657
25841,0.9997142857142857
25842,1.0
25843,0.9810414141414142
25844,1.0
25845,0.7127306404379932
25846,1.0
25847,0.9679029898206368
25848,1.0
25849,0.9997999999999999
25850,0.9996666666666667
25851,0.8638342605536877
25852,0.819773198361666
25853,0.9969968531468532
25854,1.0
25855,0.9985277777777778
25856,1.0
25857,0.8521518726371671
25858,1.0
25859,0.9442621419430246
25860,0.9993142857142858
25861,1.0
25862,1.0
25863,0.9613169013734804
25864,1.0
25865,1.0
25866,1.0
25867,1.0
25868,0.9367626540126542
25869,1.0
25870,1.0
25871,1.0
25872,1.0
25873,1.0
25874,0.9995555555555555
25875,0.98900688776308
25876,0.8494438457225605
25877,0.9959035714285714
25878,1.0
25879,1.0
25880,0.8015600898615304
25881,1.0
25882,1.0
25883,1.0
25884,1.0
25885,1.0
25886,0.42312651808975366
25887,1.0
25888,1.0
25889,0.9990666666666668
25890,1.0
25891,1.0
25892,0.9965777777777778
25893,1.0
25894,0.9985454545454545
25895,1.0
25896,0.819024279805162
25897,0.9993333333333333
25898,0.9991785714285715
25899,1.0
25900,1.0
25901,1.0
25902,1.0
25903,0.9944499833499834
25904,0.9640261995400542
25905,0.9445038495817909
25906,0.9956001612766319
25907,1.0
25908,1.0
25909,0.9937124819624821
25910,0.5774436760693724
25911,1.0
25912,0.978574311069048
25913,0.9997999999999999
25914,0.789329400355406
25915,1.0
25916,0.6334826928575379
25917,1.0
25918,0.9978452380952381
25919,0.9994285714285714
25920,1.0
25921,0.9797285454741336
25922,1.0
25923,0.989755133755134
25924,1.0
25925,1.0
25926,0.5584952147439761
25927,1.0
25928,1.0
25929,0.672169089476055
25930,1.0
25931,0.9997142857142858
25932,1.0
25933,1.0
25934,0.7151292338380573
25935,0.8341342379842386
25936,1.0
25937,0.8939006408624056
25938,1.0
25939,0.9882438727938728
25940,0.7366335267673505
25941,0.9802413086913087
25942,0.9991495726495727
25943,0.9929733766233767
25944,0.9994166666666666
25945,1.0
25946,1.0
25947,0.9697750471750473
25948,0.99975
25949,0.9975388888888889
25950,0.8509854499301869
25951,0.503657136654195
25952,1.0
25953,0.9392944499944503
25954,0.9967910533910533
25955,1.0
25956,0.9981452380952381
25957,0.9996666666666666
25958,0.9992000000000001
25959,1.0
25960,0.974706932283403
25961,1.0
25962,0.99190101010101
25963,1.0
25964,1.0
25965,1.0
25966,1.0
25967,1.0
25968,1.0
25969,0.9908178210678211
25970,0.9801836385836383
25971,1.0
25972,1.0
25973,1.0
25974,0.9937132756132758
25975,1.0
25976,1.0
25977,1.0
25978,1.0
25979,0.9930054251304253
25980,0.9639652814505757
25981,0.9826990481740484
25982,0.9672632636970874
25983,0.9628912809412807
25984,0.9984197691197689
25985,0.9973984126984127
25986,1.0
25987,1.0
25988,0.9993030303030302
25989,1.0
25990,1.0
25991,0.9805846764346765
25992,1.0
25993,0.9976111111111111
25994,1.0
25995,0.9694244588744588
25996,1.0
25997,1.0
25998,1.0
25999,0.9994
26000,1.0
26001,0.9982818681318683
26002,0.970355036466801
26003,1.0
26004,1.0
26005,1.0
26006,1.0
26007,1.0
26008,1.0
26009,1.0
26010,1.0
26011,1.0
26012,0.9450235790353437
26013,1.0
26014,0.9893645077145078
26015,1.0
26016,1.0
26017,1.0
26018,1.0
26019,0.9945024866086786
26020,0.9468753906224494
26021,1.0
26022,1.0
26023,1.0
26024,0.586055624604154
26025,1.0
26026,1.0
26027,1.0
26028,1.0
26029,1.0
26030,1.0
26031,0.9997999999999999
26032,1.0
26033,0.9975666666666667
26034,1.0
26035,1.0
26036,1.0
26037,0.9908868104118105
26038,0.642530481876225
26039,1.0
26040,1.0
26041,1.0
26042,1.0
26043,1.0
26044,0.9994285714285714
26045,0.957835780885781
26046,1.0
26047,0.4113967562193568
26048,0.9998666666666667
26049,0.973729031262855
26050,1.0
26051,1.0
26052,1.0
26053,1.0
26054,0.9924427128427128
26055,1.0
26056,1.0
26057,1.0
26058,0.9994166666666666
26059,1.0
26060,1.0
26061,1.0
26062,0.9796746856085092
26063,1.0
26064,0.9942427278603749
26065,1.0
26066,0.99975
26067,1.0
26068,0.9368118022328552
26069,1.0
26070,1.0
26071,1.0
26072,0.9734508685758686
26073,1.0
26074,0.9996666666666666
26075,1.0
26076,1.0
26077,1.0
26078,1.0
26079,1.0
26080,0.9988508771929826
26081,1.0
26082,1.0
26083,1.0
26084,1.0
26085,0.31032063492063494
26086,0.9512614173837858
26087,0.9955675657675659
26088,1.0
26089,0.9997128205128205
26090,0.9983500000000001
26091,1.0
26092,0.9989976689976691
26093,1.0
26094,1.0
26095,1.0
26096,1.0
26097,0.5982418500917728
26098,1.0
26099,1.0
26100,0.9881666666666667
26101,0.9926385225885224
26102,1.0
26103,0.9994285714285714
26104,1.0
26105,0.9998571428571429
26106,1.0
26107,0.999
26108,1.0
26109,1.0
26110,1.0
26111,0.9822644855144854
26112,0.9090246226941271
26113,0.766869888736994
26114,1.0
26115,1.0
26116,1.0
26117,1.0
26118,0.9992307692307693
26119,1.0
26120,0.9985714285714287
26121,1.0
26122,0.998967032967033
26123,0.07101399433899434
26124,1.0
26125,1.0
26126,0.8616960483960489
26127,0.9919151875901876
26128,0.9799072541493591
26129,0.6836842939482263
26130,0.9994444444444445
26131,0.5108232968785599
26132,0.8848951435819079
26133,0.4902112792383664
26134,0.999469696969697
26135,1.0
26136,1.0
26137,1.0
26138,1.0
26139,0.9994444444444445
26140,1.0
26141,0.7091730995011181
26142,0.9897603174603176
26143,1.0
26144,0.9987444444444445
26145,1.0
26146,1.0
26147,1.0
26148,0.34557946106181436
26149,0.46728709002555724
26150,1.0
26151,0.0545073558794147
26152,1.0
26153,0.99975
26154,1.0
26155,0.9090470276455573
26156,1.0
26157,0.9997999999999999
26158,1.0
26159,0.9989666666666667
26160,1.0
26161,0.99925
26162,1.0
26163,1.0
26164,0.9951626984126984
26165,1.0
26166,0.981458888170653
26167,0.9988452380952382
26168,1.0
26169,0.9375216177269583
26170,1.0
26171,0.9833880036630038
26172,1.0
26173,0.9975555555555555
26174,1.0
26175,1.0
26176,1.0
26177,0.9945867521367522
26178,1.0
26179,1.0
26180,0.9689805289481758
26181,1.0
26182,1.0
26183,1.0
26184,1.0
26185,0.6391680622267311
26186,1.0
26187,1.0
26188,0.6351588770706416
26189,0.24627242420462242
26190,1.0
26191,0.9997142857142857
26192,1.0
26193,0.5368393418672831
26194,0.5575843584090491
26195,1.0
26196,0.9997777777777779
26197,0.9985714285714286
26198,1.0
26199,1.0
26200,1.0
26201,1.0
26202,1.0
26203,1.0
26204,0.9929995670995672
26205,0.7584490442563978
26206,1.0
26207,1.0
26208,0.9983860805860806
26209,0.3501325824158642
26210,0.37465969316201525
26211,1.0
26212,0.9904259061200238
26213,1.0
26214,0.9994166666666666
26215,0.9994
26216,0.9993142857142857
26217,1.0
26218,1.0
26219,1.0
26220,1.0
26221,1.0
26222,1.0
26223,1.0
26224,1.0
26225,1.0
26226,0.9977454545454546
26227,0.9983730158730159
26228,0.9991666666666668
26229,1.0
26230,1.0
26231,1.0
26232,0.8884578956990722
26233,1.0
26234,0.9646683143825557
26235,1.0
26236,0.9071156787656786
26237,0.22568144735381596
26238,1.0
26239,1.0
26240,0.9967023809523811
26241,0.998929292929293
26242,0.9985416666666667
26243,0.9983619047619047
26244,0.9997777777777779
26245,0.9793211149961152
26246,0.9963848262848262
26247,1.0
26248,1.0
26249,0.8402882447617741
26250,1.0
26251,0.9995384615384616
26252,1.0
26253,1.0
26254,0.748657509157509
26255,0.9972929292929293
26256,1.0
26257,1.0
26258,1.0
26259,1.0
26260,0.9996666666666667
26261,1.0
26262,1.0
26263,0.9188465206190441
26264,1.0
26265,0.9331399528576002
26266,1.0
26267,1.0
26268,1.0
26269,0.8240291902723144
26270,1.0
26271,0.9998461538461538
26272,1.0
26273,1.0
26274,0.9939829004329003
26275,0.9968045454545454
26276,0.9995999999999999
26277,1.0
26278,0.9848886002886004
26279,1.0
26280,1.0
26281,1.0
26282,1.0
26283,0.9995
26284,0.9987857142857144
26285,0.99875
26286,0.9935290431790432
26287,1.0
26288,1.0
26289,0.9903444999444999
26290,1.0
26291,0.9663512265512265
26292,0.9981375495849182
26293,0.8260014091171985
26294,0.9989545454545455
26295,1.0
26296,1.0
26297,0.9499418481071732
26298,0.9960122230710466
26299,0.9647850282070876
26300,0.10116477692414229
26301,1.0
26302,1.0
26303,0.9441223931297463
26304,1.0
26305,1.0
26306,0.3245944444444444
26307,0.9768934371184372
26308,0.9748411146043496
26309,0.9981966386554622
26310,1.0
26311,0.9991416361416361
26312,0.7138075712213481
26313,1.0
26314,0.9992000000000001
26315,1.0
26316,0.9942095238095239
26317,0.9966382450882451
26318,1.0
26319,0.8318413808413812
26320,0.6681253826239119
26321,0.9980714285714286
26322,1.0
26323,0.9723763194322016
26324,1.0
26325,0.3715432205908986
26326,0.998397619047619
26327,1.0
26328,1.0
26329,0.9917505772005772
26330,0.4836648979159815
26331,0.9304758969788385
26332,1.0
26333,1.0
26334,0.9975048840048839
26335,0.9979897435897435
26336,1.0
26337,0.9989666666666666
26338,1.0
26339,1.0
26340,1.0
26341,0.9964212418300653
26342,0.9901769286269287
26343,1.0
26344,0.8905021901301311
26345,1.0
26346,1.0
26347,1.0
26348,1.0
26349,1.0
26350,0.9989984962406014
26351,0.8232520469726351
26352,1.0
26353,1.0
26354,1.0
26355,0.9957893217893218
26356,1.0
26357,1.0
26358,0.9036169153258159
26359,0.2623904761904762
26360,1.0
26361,1.0
26362,1.0
26363,0.99885
26364,0.9990285714285715
26365,0.540829557722979
26366,1.0
26367,0.9989967532467533
26368,0.9979982683982684
26369,1.0
26370,1.0
26371,1.0
26372,1.0
26373,1.0
26374,1.0
26375,1.0
26376,1.0
26377,1.0
26378,0.6774558051855262
26379,1.0
26380,1.0
26381,1.0
26382,1.0
26383,1.0
26384,1.0
26385,0.9391276605747195
26386,1.0
26387,1.0
26388,1.0
26389,0.9065957431457429
26390,1.0
26391,0.8242862265185796
26392,0.9652719581072522
26393,0.8381676002646591
26394,1.0
26395,1.0
26396,1.0
26397,0.9997142857142858
26398,0.48689150147238425
26399,1.0
26400,0.9995384615384616
26401,0.9996666666666666
26402,1.0
26403,0.996928454878455
26404,1.0
26405,0.3374053136406079
26406,0.8080960846515023
26407,1.0
26408,0.9982919191919191
26409,1.0
26410,1.0
26411,0.995773187923188
26412,0.9949759018759019
26413,1.0
26414,1.0
26415,1.0
26416,1.0
26417,1.0
26418,0.9993333333333334
26419,0.9991476190476191
26420,0.44099659980542355
26421,0.6339468167453461
26422,0.9980404040404041
26423,1.0
26424,1.0
26425,0.9909975746475747
26426,1.0
26427,1.0
26428,0.9971257575757576
26429,1.0
26430,1.0
26431,0.9898926175132058
26432,1.0
26433,1.0
26434,1.0
26435,1.0
26436,0.47941708576081654
26437,1.0
26438,1.0
26439,0.997930735930736
26440,0.9942297979797979
26441,0.5085108376573548
26442,0.9944593540446482
26443,0.9428789702987069
26444,1.0
26445,1.0
26446,1.0
26447,1.0
26448,1.0
26449,1.0
26450,1.0
26451,1.0
26452,0.9990277777777778
26453,1.0
26454,1.0
26455,1.0
26456,0.9994285714285714
26457,1.0
26458,1.0
26459,1.0
26460,1.0
26461,0.99895
26462,1.0
26463,1.0
26464,0.9401744568383114
26465,1.0
26466,1.0
26467,1.0
26468,0.9959272043745728
26469,1.0
26470,1.0
26471,1.0
26472,0.9994
26473,1.0
26474,1.0
26475,1.0
26476,1.0
26477,0.997834054834055
26478,1.0
26479,1.0
26480,1.0
26481,1.0
26482,1.0
26483,1.0
26484,0.9986
26485,0.5683472320163501
26486,1.0
26487,1.0
26488,0.9995555555555555
26489,0.4493412409485938
26490,0.7649771181261119
26491,1.0
26492,0.9997999999999999
26493,0.9957297979797981
26494,0.7455206827142586
26495,0.9891698646125117
26496,1.0
26497,1.0
26498,0.999
26499,0.9972626984126984
26500,1.0
26501,0.9876076035076036
26502,0.999
26503,1.0
26504,0.9852437102113574
26505,1.0
26506,0.9680667332667334
26507,0.9944428848928849
26508,1.0
26509,1.0
26510,0.9978666666666667
26511,0.998086507936508
26512,0.9955666666666667
26513,1.0
26514,1.0
26515,0.9638388622815094
26516,0.6924440946222685
26517,1.0
26518,0.9982286713286713
26519,1.0
26520,1.0
26521,0.9855600621600622
26522,1.0
26523,0.9982333333333333
26524,0.99925
26525,0.4897732783556318
26526,1.0
26527,1.0
26528,1.0
26529,1.0
26530,1.0
26531,1.0
26532,1.0
26533,0.9997999999999999
26534,1.0
26535,0.9975357142857143
26536,0.986885631035631
26537,0.9974424603174602
26538,0.9993392857142858
26539,1.0
26540,0.985647052947053
26541,1.0
26542,0.9993392857142858
26543,1.0
26544,1.0
26545,1.0
26546,0.9985142857142857
26547,1.0
26548,1.0
26549,1.0
26550,1.0
26551,0.9988409090909092
26552,1.0
26553,1.0
26554,1.0
26555,0.9959638361638361
26556,1.0
26557,0.6745817081181636
26558,1.0
26559,1.0
26560,1.0
26561,0.9952016372516371
26562,1.0
26563,1.0
26564,1.0
26565,1.0
26566,1.0
26567,1.0
26568,0.9996
26569,1.0
26570,1.0
26571,1.0
26572,1.0
26573,1.0
26574,1.0
26575,0.7490042432283915
26576,0.9951238095238094
26577,0.9967238095238096
26578,1.0
26579,1.0
26580,1.0
26581,1.0
26582,1.0
26583,1.0
26584,0.9945262265512267
26585,1.0
26586,0.9995384615384616
26587,1.0
26588,0.9961097763347764
26589,0.9602380647130648
26590,1.0
26591,0.36046403926311016
26592,0.9998461538461538
26593,0.9995384615384616
26594,1.0
26595,1.0
26596,1.0
26597,0.13017398362731183
26598,1.0
26599,0.9903913392163392
26600,0.9989230769230769
26601,1.0
26602,1.0
26603,0.9178476925035747
26604,1.0
26605,0.989271475746476
26606,0.9885315573315574
26607,0.9996666666666666
26608,0.9992777777777778
26609,1.0
26610,1.0
26611,1.0
26612,1.0
26613,0.9982051282051282
26614,1.0
26615,1.0
26616,0.9726211445417328
26617,1.0
26618,0.18107306549659494
26619,0.908748703420762
26620,0.9998181818181818
26621,1.0
26622,1.0
26623,1.0
26624,0.9994545454545455
26625,1.0
26626,0.9947774392274392
26627,1.0
26628,0.9981111111111111
26629,1.0
26630,1.0
26631,0.9986428571428569
26632,0.7288356075297253
26633,0.9884497113997113
26634,1.0
26635,1.0
26636,1.0
26637,1.0
26638,1.0
26639,1.0
26640,0.38094652459683437
26641,0.9991666666666666
26642,1.0
26643,1.0
26644,0.983578047605989
26645,1.0
26646,1.0
26647,0.9981230994152047
26648,1.0
26649,0.8852720588664861
26650,0.9996666666666666
26651,1.0
26652,0.9799476415741122
26653,1.0
26654,0.7153931426416723
26655,1.0
26656,0.9998823529411764
26657,0.9129470220697773
26658,0.9938984126984124
26659,0.9017430808536976
26660,1.0
26661,0.9994285714285714
26662,1.0
26663,0.9995555555555555
26664,0.5599509557436024
26665,1.0
26666,0.9983309523809524
26667,0.9998333333333334
26668,0.9799027805527806
26669,0.9889918623859801
26670,1.0
26671,1.0
26672,1.0
26673,1.0
26674,0.21607703407703405
26675,1.0
26676,1.0
26677,0.9788808247308252
26678,1.0
26679,0.9996666666666666
26680,0.9993162393162394
26681,1.0
26682,0.6608531501212185
26683,1.0
26684,0.9948123015873017
26685,0.9572769314019313
26686,1.0
26687,1.0
26688,0.9917616883116885
26689,0.9997999999999999
26690,0.48572765066031326
26691,0.27829475459181346
26692,0.9329296536796543
26693,1.0
26694,0.9963809523809523
26695,0.9656573746514927
26696,1.0
26697,1.0
26698,0.9990375939849624
26699,1.0
26700,0.3407417023121361
26701,1.0
26702,1.0
26703,0.9936120823620824
26704,0.9988717948717949
26705,0.9901549700299701
26706,1.0
26707,1.0
26708,1.0
26709,0.9955230658230658
26710,0.9518154500728028
26711,1.0
26712,1.0
26713,1.0
26714,0.9954226890756301
26715,1.0
26716,1.0
26717,1.0
26718,0.9866674900263137
26719,1.0
26720,1.0
26721,1.0
26722,0.9998666666666667
26723,0.9277719047034838
26724,0.8590864938982584
26725,0.8078565069605314
26726,1.0
26727,1.0
26728,1.0
26729,0.9992698412698412
26730,0.34986127320392035
26731,1.0
26732,1.0
26733,0.9995555555555555
26734,0.9976666666666667
26735,1.0
26736,0.6745838203849812
26737,0.937272377948849
26738,1.0
26739,1.0
26740,0.6409906589196835
26741,1.0
26742,1.0
26743,1.0
26744,0.9998461538461538
26745,0.9998333333333334
26746,1.0
26747,0.9856728771228772
26748,1.0
26749,1.0
26750,0.9997777777777779
26751,1.0
26752,1.0
26753,1.0
26754,1.0
26755,0.9996
26756,1.0
26757,0.9994285714285714
26758,1.0
26759,0.08914293373465204
26760,0.9990642857142858
26761,0.9964298701298699
26762,1.0
26763,0.9993809523809523
26764,1.0
26765,1.0
26766,0.99975
26767,0.999
26768,1.0
26769,0.9783814597683022
26770,0.9950288655788656
26771,1.0
26772,0.9996
26773,0.9448855128531599
26774,0.9989976689976691
26775,0.9971664578111945
26776,0.8947171051171051
26777,1.0
26778,1.0
26779,0.9840418914418912
26780,0.979630833055833
26781,1.0
26782,1.0
26783,0.9990277777777778
26784,0.9976111111111112
26785,1.0
26786,0.9960478188478187
26787,1.0
26788,0.9993873015873016
26789,1.0
26790,0.4105835632633619
26791,0.9996
26792,1.0
26793,0.9784987551664024
26794,0.45414211515664593
26795,1.0
26796,1.0
26797,1.0
26798,0.9998333333333334
26799,1.0
26800,1.0
26801,1.0
26802,1.0
26803,0.7862683189359659
26804,1.0
26805,1.0
26806,1.0
26807,1.0
26808,1.0
26809,0.982941414141414
26810,1.0
26811,1.0
26812,1.0
26813,0.9331339828472182
26814,0.9975781440781442
26815,0.42247510716837344
26816,0.9987272727272728
26817,0.9918394494394493
26818,0.9912286796536797
26819,0.9927680153180154
26820,0.9948667388167389
26821,1.0
26822,0.5749905533492992
26823,1.0
26824,1.0
26825,1.0
26826,0.9994642857142858
26827,0.9063607470960416
26828,0.9963130952380953
26829,1.0
26830,1.0
26831,1.0
26832,0.9994285714285714
26833,0.9753952935952936
26834,1.0
26835,1.0
26836,1.0
26837,1.0
26838,1.0
26839,1.0
26840,1.0
26841,1.0
26842,1.0
26843,1.0
26844,0.9890317515817516
26845,1.0
26846,1.0
26847,1.0
26848,1.0
26849,1.0
26850,1.0
26851,0.9995
26852,0.9997777777777779
26853,0.9993333333333334
26854,0.99925
26855,1.0
26856,1.0
26857,1.0
26858,1.0
26859,0.998371794871795
26860,1.0
26861,0.6678146667831651
26862,0.6530743748511553
26863,0.999
26864,0.9003543309631548
26865,0.9956682539682539
26866,0.9992063492063492
26867,0.991701470751471
26868,0.9789326673326672
26869,0.99975
26870,1.0
26871,0.9990940170940171
26872,0.9995
26873,1.0
26874,0.9988444444444444
26875,0.9992142857142856
26876,0.9000839905192851
26877,0.9790616375454612
26878,0.9997142857142858
26879,1.0
26880,1.0
26881,1.0
26882,0.9983286713286712
26883,1.0
26884,0.9605613414363413
26885,0.9075271636258476
26886,0.9984538961038962
26887,0.9966336996336997
26888,1.0
26889,0.340068253968254
26890,0.9997777777777779
26891,0.9960952380952381
26892,0.9929366013071894
26893,1.0
26894,0.9941651348651347
26895,0.940996128871129
26896,0.17668699894876372
26897,0.9853679487179487
26898,1.0
26899,1.0
26900,0.9351747693482986
26901,1.0
26902,0.9997142857142858
26903,0.9998181818181818
26904,0.27221462671315627
26905,0.9992111111111112
26906,1.0
26907,1.0
26908,0.9996
26909,1.0
26910,0.9993333333333333
26911,1.0
26912,1.0
26913,1.0
26914,0.8602860072933606
26915,0.9984285714285714
26916,0.9991515151515151
26917,0.9968452380952378
26918,1.0
26919,1.0
26920,0.9997142857142857
26921,1.0
26922,0.9991681818181819
26923,1.0
26924,1.0
26925,1.0
26926,0.9774430291930291
26927,1.0
26928,0.9852433233433231
26929,1.0
26930,1.0
26931,1.0
26932,1.0
26933,1.0
26934,0.9995555555555555
26935,0.9177620901028803
26936,0.3385904837766291
26937,0.998661111111111
26938,1.0
26939,1.0
26940,0.897028643578644
26941,0.9886509105273811
26942,0.999
26943,1.0
26944,1.0
26945,1.0
26946,0.9997777777777779
26947,0.9996666666666666
26948,0.9934280219780222
26949,0.9021514960529666
26950,0.6281393820232059
26951,0.9956327838827838
26952,1.0
26953,0.998875
26954,1.0
26955,1.0
26956,1.0
26957,1.0
26958,0.6194844556028771
26959,1.0
26960,1.0
26961,0.9968123515373516
26962,1.0
26963,0.5825846700684936
26964,1.0
26965,1.0
26966,0.768909991307282
26967,0.9951695193695195
26968,0.998672268907563
26969,1.0
26970,0.9995714285714286
26971,1.0
26972,1.0
26973,1.0
26974,1.0
26975,0.9425245979510688
26976,1.0
26977,1.0
26978,0.9911996753246756
26979,0.998589010989011
26980,0.9799262868710237
26981,0.7288311749567945
26982,0.9936690531690533
26983,1.0
26984,1.0
26985,1.0
26986,0.9913448412698412
26987,1.0
26988,1.0
26989,1.0
26990,1.0
26991,1.0
26992,0.9978175602175603
26993,0.9486674417086182
26994,1.0
26995,0.9957494972347913
26996,1.0
26997,0.9998181818181818
26998,0.9984273504273504
26999,1.0
27000,1.0
27001,1.0
27002,1.0
27003,1.0
27004,0.9974967532467534
27005,1.0
27006,0.9982351648351648
27007,1.0
27008,1.0
27009,1.0
27010,0.2175874780448309
27011,0.9997142857142858
27012,0.22150741543458283
27013,1.0
27014,1.0
27015,1.0
27016,1.0
27017,1.0
27018,1.0
27019,1.0
27020,1.0
27021,0.9664809662559661
27022,1.0
27023,0.9995
27024,1.0
27025,1.0
27026,0.9998947368421053
27027,1.0
27028,0.1883454351204352
27029,1.0
27030,0.9835435730935731
27031,1.0
27032,1.0
27033,1.0
27034,1.0
27035,0.8060829359151344
27036,0.9975158508158508
27037,1.0
27038,1.0
27039,1.0
27040,0.2633662720922009
27041,1.0
27042,0.9926557276057276
27043,1.0
27044,0.927689399858827
27045,0.9936341103341104
27046,0.9997777777777779
27047,0.9697080279197926
27048,0.9656249582117228
27049,0.5229541399776696
27050,0.7985343708579004
27051,0.9831954989454991
27052,1.0
27053,1.0
27054,0.9989111111111111
27055,0.9997142857142858
27056,0.958615848040848
27057,0.9946208536561478
27058,0.2998645171821643
27059,0.9496483016983016
27060,1.0
27061,1.0
27062,0.8886585570604145
27063,0.9986495726495728
27064,1.0
27065,1.0
27066,1.0
27067,1.0
27068,0.9996666666666666
27069,1.0
27070,1.0
27071,1.0
27072,1.0
27073,1.0
27074,1.0
27075,0.9760708846708847
27076,0.9275601359798423
27077,1.0
27078,0.9963444444444445
27079,1.0
27080,1.0
27081,0.9996666666666666
27082,0.970956204906205
27083,0.9490787263390204
27084,1.0
27085,0.9924432900432899
27086,1.0
27087,0.9967474747474747
27088,1.0
27089,1.0
27090,1.0
27091,1.0
27092,1.0
27093,1.0
27094,0.9994545454545455
27095,1.0
27096,0.9997142857142858
27097,0.8967432431947138
27098,1.0
27099,0.9867952380952382
27100,0.9960515151515152
27101,1.0
27102,0.997263542340013
27103,0.9997142857142858
27104,0.9984030303030302
27105,1.0
27106,0.9983888888888889
27107,1.0
27108,0.7454937785898318
27109,1.0
27110,0.9971253302253305
27111,0.9995555555555555
27112,0.8677279369753058
27113,0.9804594888771362
27114,1.0
27115,0.9992000000000001
27116,0.9988333333333334
27117,0.9797599456099455
27118,1.0
27119,1.0
27120,0.9862660894660895
27121,1.0
27122,0.9996
27123,0.9879681818181818
27124,0.7491175285498811
27125,1.0
27126,0.8225484789720086
27127,1.0
27128,1.0
27129,1.0
27130,1.0
27131,0.9750305250305252
27132,1.0
27133,1.0
27134,0.9140289937186998
27135,0.9997142857142858
27136,1.0
27137,0.9988181818181817
27138,0.9219579448329448
27139,0.9958997557997559
27140,1.0
27141,1.0
27142,1.0
27143,1.0
27144,0.9576586225865639
27145,0.9962943722943725
27146,0.9986428571428572
27147,1.0
27148,0.8418813550828262
27149,1.0
27150,1.0
27151,1.0
27152,0.9992000000000001
27153,1.0
27154,1.0
27155,1.0
27156,1.0
27157,0.993169191919192
27158,1.0
27159,0.9591106008198889
27160,1.0
27161,0.9992333333333333
27162,1.0
27163,0.9968015873015873
27164,0.6011343032182814
27165,1.0
27166,1.0
27167,1.0
27168,1.0
27169,0.9953186944634314
27170,0.9987349206349206
27171,1.0
27172,0.9998181818181817
27173,1.0
27174,1.0
27175,1.0
27176,1.0
27177,1.0
27178,0.9987777777777779
27179,0.99975
27180,1.0
27181,0.9942285247432306
27182,0.9984
27183,1.0
27184,0.9975714285714287
27185,1.0
27186,0.30284116695474533
27187,1.0
27188,0.8486532600870063
27189,1.0
27190,1.0
27191,1.0
27192,1.0
27193,1.0
27194,1.0
27195,1.0
27196,0.9961892551892553
27197,1.0
27198,1.0
27199,0.9816495254745257
27200,1.0
27201,0.9989142857142858
27202,0.9996666666666666
27203,1.0
27204,0.9998181818181818
27205,1.0
27206,1.0
27207,0.9964940476190478
27208,0.9997777777777779
27209,1.0
27210,0.9511627795407208
27211,1.0
27212,1.0
27213,0.9995555555555555
27214,1.0
27215,0.9985041869894812
27216,1.0
27217,0.9866578643578644
27218,1.0
27219,0.9634685494244319
27220,0.999875
27221,0.9909384615384617
27222,1.0
27223,0.5616187208388446
27224,1.0
27225,1.0
27226,1.0
27227,1.0
27228,0.9787572403087106
27229,1.0
27230,1.0
27231,1.0
27232,1.0
27233,0.9992166666666665
27234,0.9995
27235,0.9833768037518038
27236,0.9995999999999999
27237,0.242960207130331
27238,0.9934118051539104
27239,1.0
27240,0.8207790260393203
27241,0.9604452300967009
27242,1.0
27243,0.9746458505546741
27244,0.9996
27245,0.05099347041847041
27246,0.9845377344877345
27247,1.0
27248,0.9954244366744367
27249,1.0
27250,0.45594735994140007
27251,0.998589010989011
27252,0.9093590632631009
27253,0.9986940170940171
27254,0.6923782842458535
27255,1.0
27256,0.9984285714285714
27257,1.0
27258,0.9825390220890223
27259,1.0
27260,1.0
27261,0.9717663218360587
27262,0.8755233072483073
27263,1.0
27264,1.0
27265,0.964152209555151
27266,1.0
27267,1.0
27268,1.0
27269,1.0
27270,1.0
27271,0.984189072039072
27272,0.5839116736033146
27273,1.0
27274,1.0
27275,1.0
27276,1.0
27277,0.9997999999999999
27278,1.0
27279,0.99875
27280,1.0
27281,1.0
27282,0.9735505618564442
27283,0.9818481657231657
27284,1.0
27285,0.30313492063492065
27286,0.9978146825396825
27287,0.9998181818181818
27288,1.0
27289,0.7126413002030643
27290,1.0
27291,1.0
27292,0.999325396825397
27293,1.0
27294,1.0
27295,1.0
27296,0.9988162393162394
27297,1.0
27298,1.0
27299,1.0
27300,0.9946313852813853
27301,1.0
27302,0.9976833333333334
27303,1.0
27304,1.0
27305,0.42916842507337877
27306,0.9994545454545455
27307,1.0
27308,0.9988333333333332
27309,0.9898224259400731
27310,1.0
27311,0.9697950743700744
27312,1.0
27313,0.9979619047619047
27314,1.0
27315,0.6634434674802316
27316,1.0
27317,1.0
27318,0.99975
27319,0.8421965034965039
27320,1.0
27321,0.7619040604734111
27322,0.9996333333333334
27323,0.7833439459091636
27324,1.0
27325,0.9996666666666666
27326,0.9971349206349207
27327,1.0
27328,1.0
27329,1.0
27330,0.9997777777777779
27331,0.9964555555555555
27332,1.0
27333,1.0
27334,1.0
27335,1.0
27336,1.0
27337,1.0
27338,0.9994920634920635
27339,0.9806338716838717
27340,0.8769469664494435
27341,0.509165218665064
27342,0.996723015873016
27343,0.9953745310245312
27344,1.0
27345,0.9988333333333334
27346,1.0
27347,0.9993333333333334
27348,0.9447728118716513
27349,1.0
27350,1.0
27351,1.0
27352,0.9997999999999999
27353,0.9640133864501509
27354,0.9994
27355,0.4596210147695444
27356,1.0
27357,0.8728662531083282
27358,0.9996666666666667
27359,1.0
27360,1.0
27361,0.9334005994005992
27362,1.0
27363,1.0
27364,1.0
27365,0.9993333333333333
27366,0.5536807166002214
27367,0.6605417666956368
27368,0.943197927072927
27369,0.44156904435433875
27370,0.9975497835497835
27371,1.0
27372,1.0
27373,0.9990915032679738
27374,0.9998333333333332
27375,1.0
27376,0.9494490703740701
27377,1.0
27378,0.9970650793650794
27379,1.0
27380,1.0
27381,1.0
27382,1.0
27383,0.9991212121212121
27384,1.0
27385,1.0
27386,1.0
27387,0.9996
27388,1.0
27389,1.0
27390,1.0
27391,0.999625
27392,0.9759818736818734
27393,0.998377430902431
27394,1.0
27395,1.0
27396,1.0
27397,0.9996
27398,0.8960980194727874
27399,1.0
27400,1.0
27401,0.996001443001443
27402,1.0
27403,1.0
27404,1.0
27405,1.0
27406,0.9998823529411764
27407,0.9333966394716399
27408,0.9981475935828875
27409,1.0
27410,1.0
27411,0.9990923076923077
27412,1.0
27413,0.9978555555555554
27414,0.9996
27415,1.0
27416,1.0
27417,0.9834671606171607
27418,1.0
27419,1.0
27420,0.9102805782281018
27421,1.0
27422,1.0
27423,1.0
27424,1.0
27425,1.0
27426,0.9746177267177271
27427,1.0
27428,0.9989090909090909
27429,0.9928733766233766
27430,0.5402651399254343
27431,0.9809377705627708
27432,0.9983833333333333
27433,1.0
27434,0.9991666666666668
27435,1.0
27436,1.0
27437,1.0
27438,0.7447701843907727
27439,1.0
27440,1.0
27441,1.0
27442,0.5654098542925943
27443,0.9955450216450215
27444,1.0
27445,0.5956857581788696
27446,1.0
27447,0.99925
27448,1.0
27449,1.0
27450,0.9850764624264625
27451,0.5242449010140184
27452,1.0
27453,1.0
27454,0.9986544566544565
27455,1.0
27456,1.0
27457,0.999095238095238
27458,1.0
27459,0.9986594591682827
27460,1.0
27461,1.0
27462,1.0
27463,0.9964531746031746
27464,1.0
27465,0.8358510950178131
27466,1.0
27467,1.0
27468,0.6849720044608563
27469,0.8601916790210137
27470,1.0
27471,0.93685577057961
27472,1.0
27473,0.9991
27474,1.0
27475,0.9515823898323897
27476,0.9954551282051282
27477,1.0
27478,1.0
27479,0.9997777777777779
27480,0.998547619047619
27481,0.9997142857142858
27482,1.0
27483,1.0
27484,0.9973231435231436
27485,0.9982626262626263
27486,1.0
27487,1.0
27488,1.0
27489,1.0
27490,0.9993500000000001
27491,1.0
27492,0.9996
27493,1.0
27494,1.0
27495,0.939886355637826
27496,0.9992142857142856
27497,0.780468496441639
27498,0.9748469863469864
27499,0.9996666666666666
27500,1.0
27501,0.9994545454545455
27502,1.0
27503,1.0
27504,0.9997999999999999
27505,0.9810022239198714
27506,0.628086701860231
27507,1.0
27508,0.9949170634920634
27509,1.0
27510,1.0
27511,1.0
27512,1.0
27513,1.0
27514,0.9489478041566278
27515,0.9972652014652014
27516,0.9968559218559219
27517,1.0
27518,1.0
27519,1.0
27520,0.999
27521,0.9828554723054722
27522,1.0
27523,1.0
27524,0.7999983385121928
27525,1.0
27526,0.9975911754911756
27527,1.0
27528,0.9996666666666666
27529,0.9997999999999999
27530,1.0
27531,1.0
27532,1.0
27533,1.0
27534,0.9782449272949273
27535,1.0
27536,0.9763218892218892
27537,1.0
27538,0.999
27539,0.99975
27540,1.0
27541,1.0
27542,0.9988461538461538
27543,0.9997142857142858
27544,0.99975
27545,0.9843333333333333
27546,1.0
27547,1.0
27548,1.0
27549,0.9970781440781442
27550,1.0
27551,1.0
27552,1.0
27553,1.0
27554,1.0
27555,1.0
27556,0.9996666666666666
27557,0.9398459930592282
27558,1.0
27559,0.9998333333333334
27560,0.9978003663003664
27561,0.949213630813631
27562,0.9824000737566528
27563,0.9279567091405329
27564,1.0
27565,0.38892141061552826
27566,1.0
27567,1.0
27568,1.0
27569,0.9305230669657141
27570,0.7683202978341501
27571,1.0
27572,1.0
27573,1.0
27574,0.9991688311688312
27575,1.0
27576,1.0
27577,1.0
27578,0.9696188034188028
27579,0.9985333333333333
27580,0.9854402569652569
27581,1.0
27582,0.9530783402871639
27583,1.0
27584,1.0
27585,0.9967248473748473
27586,1.0
27587,1.0
27588,0.9136374450712684
27589,1.0
27590,1.0
27591,0.9996666666666666
27592,1.0
27593,1.0
27594,1.0
27595,0.9989285714285715
27596,1.0
27597,0.9721175850293494
27598,1.0
27599,0.6629155964778254
27600,1.0
27601,1.0
27602,0.9988644338118022
27603,1.0
27604,1.0
27605,1.0
27606,1.0
27607,1.0
27608,1.0
27609,1.0
27610,1.0
27611,0.9993500000000001
27612,0.9855123987123988
27613,1.0
27614,1.0
27615,0.9997142857142857
27616,1.0
27617,1.0
27618,0.11840572793219847
27619,1.0
27620,1.0
27621,0.9899332056832059
27622,0.9997142857142858
27623,0.9852847097347097
27624,1.0
27625,1.0
27626,0.17128864236039162
27627,0.6858916314025425
27628,1.0
27629,0.9983058275058274
27630,1.0
27631,1.0
27632,0.8311855748062531
27633,0.9927742047426259
27634,0.8192376892715133
27635,0.9748434092051739
27636,1.0
27637,1.0
27638,0.9954551282051282
27639,1.0
27640,1.0
27641,0.9997142857142857
27642,0.9997777777777779
27643,1.0
27644,0.9996
27645,0.967852442002442
27646,0.9976666666666667
27647,0.9943743379169849
27648,0.7191538819057736
27649,0.9670061699738169
27650,1.0
27651,1.0
27652,0.9860077478077479
27653,1.0
27654,1.0
27655,0.3322758409890764
27656,1.0
27657,1.0
27658,1.0
27659,1.0
27660,0.713135032691766
27661,1.0
27662,0.9973453601953602
27663,0.9505015560462927
27664,1.0
27665,0.9920074425574426
27666,1.0
27667,1.0
27668,0.9924711233211233
27669,1.0
27670,0.8666966160086903
27671,0.9706652533740769
27672,1.0
27673,1.0
27674,0.986009820004557
27675,0.9676558146102264
27676,1.0
27677,0.3146409635084557
27678,1.0
27679,1.0
27680,1.0
27681,1.0
27682,1.0
27683,0.981516111666112
27684,1.0
27685,0.4111967108828562
27686,1.0
27687,0.9995555555555555
27688,1.0
27689,0.9888070707070707
27690,0.9769607337107336
27691,1.0
27692,0.9975333333333334
27693,0.9993333333333333
27694,1.0
27695,1.0
27696,1.0
27697,0.9990825174825175
27698,1.0
27699,0.9927691697191696
27700,0.7779903700874283
27701,0.375643227601432
27702,1.0
27703,1.0
27704,0.7670364077700769
27705,0.9714116994116996
27706,0.3719224560870846
27707,1.0
27708,1.0
27709,1.0
27710,1.0
27711,0.9963003663003663
27712,1.0
27713,0.9992323232323234
27714,1.0
27715,1.0
27716,1.0
27717,0.8692182125064473
27718,0.997234632034632
27719,1.0
27720,0.9951198412698413
27721,1.0
27722,0.99975
27723,1.0
27724,1.0
27725,1.0
27726,0.5508599983107184
27727,0.9980416666666667
27728,0.9935900793650795
27729,1.0
27730,0.8510578207739973
27731,0.8413579091101536
27732,0.9995714285714286
27733,0.9991324675324675
27734,1.0
27735,1.0
27736,1.0
27737,1.0
27738,1.0
27739,1.0
27740,0.5362419923557695
27741,0.9160952506643685
27742,0.9996
27743,0.9991428571428571
27744,1.0
27745,1.0
27746,1.0
27747,0.9997999999999999
27748,1.0
27749,0.9974126984126984
27750,1.0
27751,1.0
27752,0.5760933285668577
27753,1.0
27754,1.0
27755,1.0
27756,0.9961087301587301
27757,1.0
27758,1.0
27759,0.9958429792429794
27760,0.9997142857142858
27761,0.7479319994973727
27762,1.0
27763,1.0
27764,0.10932248829601775
27765,1.0
27766,1.0
27767,0.9967230769230768
27768,1.0
27769,1.0
27770,1.0
27771,1.0
27772,1.0
27773,1.0
27774,1.0
27775,1.0
27776,1.0
27777,0.7027185663579626
27778,0.9978620046620048
27779,0.7311257224801342
27780,1.0
27781,0.8433851950423159
27782,1.0
27783,0.9989679487179487
27784,0.8591028806590723
27785,0.9812940546381724
27786,0.9968217948717949
27787,0.99975
27788,1.0
27789,0.8634492562992557
27790,1.0
27791,0.9855310245310245
27792,1.0
27793,1.0
27794,0.9984467532467534
27795,0.99975
27796,0.9834350262912183
27797,1.0
27798,0.9960116161616162
27799,1.0
27800,1.0
27801,0.9565585634953279
27802,0.9980674603174603
27803,0.9993333333333334
27804,1.0
27805,0.9981717194570137
27806,0.9997999999999999
27807,1.0
27808,1.0
27809,0.9990940170940171
27810,1.0
27811,1.0
27812,1.0
27813,0.9992857142857143
27814,1.0
27815,1.0
27816,0.9971500000000001
27817,1.0
27818,0.9739014901764903
27819,1.0
27820,1.0
27821,1.0
27822,0.44285262172468065
27823,0.9996794871794871
27824,0.7035257848274872
27825,0.9852455072705077
27826,0.3572699522699523
27827,0.9810243110690479
27828,0.99975
27829,0.44568548425258964
27830,0.9892402153402153
27831,0.9184351344733696
27832,1.0
27833,1.0
27834,1.0
27835,1.0
27836,1.0
27837,1.0
27838,1.0
27839,0.1822927773207186
27840,0.9998333333333334
27841,1.0
27842,0.9655215057818001
27843,1.0
27844,1.0
27845,0.9996
27846,1.0
27847,1.0
27848,1.0
27849,1.0
27850,1.0
27851,1.0
27852,1.0
27853,1.0
27854,1.0
27855,1.0
27856,0.9989545454545455
27857,1.0
27858,1.0
27859,1.0
27860,0.9961179653679655
27861,0.9967936507936508
27862,0.9998333333333334
27863,0.9995384615384616
27864,1.0
27865,1.0
27866,1.0
27867,1.0
27868,1.0
27869,1.0
27870,1.0
27871,0.9996666666666667
27872,1.0
27873,0.9991333333333333
27874,0.9998181818181818
27875,0.9997777777777779
27876,0.995842723942724
27877,0.9979492063492064
27878,0.12087481701305237
27879,0.9995499999999999
27880,0.9997142857142858
27881,1.0
27882,0.9994545454545455
27883,1.0
27884,0.99975
27885,0.8688105468061349
27886,0.9985833333333333
27887,1.0
27888,0.9984535714285714
27889,1.0
27890,1.0
27891,1.0
27892,0.9650779093455564
27893,0.9997142857142858
27894,0.21211361416361416
27895,0.9958724822563058
27896,0.9988333333333334
27897,1.0
27898,0.48720969977734674
27899,1.0
27900,0.9962243867243867
27901,0.6287972160192747
27902,1.0
27903,1.0
27904,0.5432117570767727
27905,0.9996666666666666
27906,0.9998333333333334
27907,1.0
27908,0.9689645976572446
27909,1.0
27910,1.0
27911,0.8516882636121149
27912,1.0
27913,1.0
27914,0.9992666666666666
27915,0.9777079143079144
27916,0.9400930393136275
27917,1.0
27918,1.0
27919,0.9998333333333334
27920,0.9870693306693304
27921,1.0
27922,1.0
27923,0.9480110223110223
27924,1.0
27925,0.9982452380952381
27926,1.0
27927,1.0
27928,1.0
27929,0.4585837038176825
27930,0.9981904761904762
27931,1.0
27932,1.0
27933,1.0
27934,1.0
27935,0.9990035714285714
27936,1.0
27937,1.0
27938,1.0
27939,1.0
27940,0.8378653021041567
27941,1.0
27942,1.0
27943,1.0
27944,0.9991428571428571
27945,1.0
27946,0.9860936507936505
27947,1.0
27948,0.70980495746084
27949,1.0
27950,1.0
27951,1.0
27952,0.897028643578644
27953,0.981062703962704
27954,1.0
27955,1.0
27956,1.0
27957,1.0
27958,0.997072268907563
27959,1.0
27960,0.9062388297976534
27961,1.0
27962,0.9983238095238096
27963,1.0
27964,1.0
27965,1.0
27966,1.0
27967,1.0
27968,1.0
27969,1.0
27970,0.9372836578454222
27971,1.0
27972,0.997941391941392
27973,0.9946169275169278
27974,0.9989285714285715
27975,0.9955843711843712
27976,0.9972190476190476
27977,0.9989587301587302
27978,0.9961093370681606
27979,1.0
27980,1.0
27981,1.0
27982,0.7030366419528187
27983,0.6232321820078784
27984,1.0
27985,1.0
27986,0.960247866675808
27987,0.9895709235209235
27988,0.8262747327234161
27989,1.0
27990,1.0
27991,1.0
27992,1.0
27993,1.0
27994,1.0
27995,1.0
27996,1.0
27997,0.9957442640692641
27998,1.0
27999,0.9998947368421053
28000,1.0
28001,1.0
28002,0.9966430791430793
28003,0.8039070560158792
28004,0.9972484126984127
28005,0.9889857614607617
28006,0.9984230769230769
28007,1.0
28008,0.9850269758019757
28009,1.0
28010,0.9972489177489178
28011,0.9984472416472416
28012,1.0
28013,1.0
28014,1.0
28015,1.0
28016,0.9989294871794873
28017,0.9949214285714285
28018,1.0
28019,1.0
28020,0.9983290043290044
28021,1.0
28022,1.0
28023,0.9724172285231107
28024,1.0
28025,1.0
28026,0.9889274225774226
28027,1.0
28028,0.9925796237388342
28029,1.0
28030,0.9993809523809524
28031,1.0
28032,0.6963589330604034
28033,0.988205805305805
28034,0.9929530769883712
28035,1.0
28036,1.0
28037,1.0
28038,0.9954255189255189
28039,0.9995555555555555
28040,1.0
28041,1.0
28042,1.0
28043,1.0
28044,1.0
28045,1.0
28046,1.0
28047,1.0
28048,1.0
28049,1.0
28050,1.0
28051,1.0
28052,1.0
28053,1.0
28054,0.9889698412698412
28055,1.0
28056,1.0
28057,1.0
28058,1.0
28059,1.0
28060,1.0
28061,1.0
28062,1.0
28063,0.21863466333288328
28064,0.655707934317145
28065,1.0
28066,1.0
28067,1.0
28068,0.9995324675324675
28069,1.0
28070,0.9965863636363635
28071,0.9996111111111112
28072,1.0
28073,1.0
28074,0.9995
28075,1.0
28076,0.9996666666666667
28077,0.9997777777777779
28078,0.9995032967032967
28079,0.9071786659419012
28080,1.0
28081,1.0
28082,0.6854810629944531
28083,0.9994545454545455
28084,1.0
28085,1.0
28086,1.0
28087,0.9969893217893219
28088,1.0
28089,1.0
28090,1.0
28091,0.7887424588483413
28092,1.0
28093,1.0
28094,0.7081189186630368
28095,1.0
28096,0.9979333333333333
28097,1.0
28098,1.0
28099,1.0
28100,1.0
28101,1.0
28102,0.9954140692640693
28103,0.9768476195373254
28104,1.0
28105,1.0
28106,0.9672451532127999
28107,1.0
28108,0.9996666666666667
28109,1.0
28110,0.997283380018674
28111,1.0
28112,1.0
28113,1.0
28114,1.0
28115,0.9561249391131744
28116,1.0
28117,0.9949661172161172
28118,0.8926294086632326
28119,1.0
28120,1.0
28121,1.0
28122,1.0
28123,1.0
28124,1.0
28125,0.6370316980147482
28126,0.9930200061376533
28127,0.9962190476190476
28128,0.9998333333333334
28129,1.0
28130,0.9996
28131,1.0
28132,1.0
28133,0.9984689754689755
28134,1.0
28135,0.9548000639539342
28136,1.0
28137,0.9974611111111112
28138,0.9917793928293929
28139,1.0
28140,0.9996666666666667
28141,1.0
28142,0.9048081799779166
28143,0.15312617480558663
28144,1.0
28145,0.7980590946635064
28146,0.5276489493355389
28147,1.0
28148,0.9982467532467533
28149,0.6415290838762204
28150,1.0
28151,1.0
28152,0.9987142857142857
28153,1.0
28154,1.0
28155,1.0
28156,1.0
28157,0.9993786213786214
28158,1.0
28159,0.6657162706574472
28160,1.0
28161,1.0
28162,1.0
28163,1.0
28164,1.0
28165,1.0
28166,1.0
28167,1.0
28168,0.9965471861471862
28169,1.0
28170,0.9956682539682539
28171,0.9933532967032966
28172,0.7861115137786195
28173,1.0
28174,1.0
28175,1.0
28176,1.0
28177,0.9869856532356533
28178,1.0
28179,0.9993333333333334
28180,0.9966904761904762
28181,0.9991333333333333
28182,1.0
28183,1.0
28184,1.0
28185,0.6745620767777114
28186,1.0
28187,1.0
28188,1.0
28189,0.9949238095238094
28190,1.0
28191,1.0
28192,0.9994181818181819
28193,0.9992420634920635
28194,1.0
28195,1.0
28196,0.9581356003473651
28197,1.0
28198,1.0
28199,0.9732113997113998
28200,1.0
28201,1.0
28202,1.0
28203,1.0
28204,1.0
28205,1.0
28206,1.0
28207,1.0
28208,0.9952298701298702
28209,1.0
28210,0.9990476190476192
28211,0.9855271645021645
28212,1.0
28213,1.0
28214,1.0
28215,1.0
28216,0.9996
28217,1.0
28218,1.0
28219,0.9660146432514856
28220,0.9913748196248195
28221,0.9996
28222,1.0
28223,1.0
28224,0.978746658896659
28225,0.9982051282051283
28226,0.99387794982795
28227,1.0
28228,0.8367176316383098
28229,1.0
28230,1.0
28231,1.0
28232,0.9993809523809524
28233,0.9991919191919192
28234,0.9975940170940172
28235,1.0
28236,1.0
28237,1.0
28238,0.9987301587301588
28239,1.0
28240,0.21187537021801722
28241,1.0
28242,1.0
28243,1.0
28244,1.0
28245,1.0
28246,1.0
28247,1.0
28248,1.0
28249,1.0
28250,0.9957241813741813
28251,0.9955021645021644
28252,1.0
28253,0.9989333333333333
28254,0.05505367768626281
28255,0.969458193767017
28256,0.9882682595182595
28257,0.9915019896769899
28258,0.9894299922299923
28259,1.0
28260,1.0
28261,1.0
28262,0.9995
28263,0.994696312021312
28264,1.0
28265,0.9984689754689755
28266,1.0
28267,0.9918101731601733
28268,1.0
28269,0.9923535409035408
28270,1.0
28271,1.0
28272,0.9986309523809523
28273,1.0
28274,1.0
28275,1.0
28276,1.0
28277,1.0
28278,1.0
28279,1.0
28280,0.8809879363326728
28281,1.0
28282,0.9991142857142856
28283,1.0
28284,1.0
28285,1.0
28286,1.0
28287,0.9992666666666666
28288,1.0
28289,1.0
28290,0.9949230658230658
28291,1.0
28292,0.99975
28293,1.0
28294,0.9981027472527473
28295,1.0
28296,1.0
28297,1.0
28298,1.0
28299,1.0
28300,1.0
28301,0.8671702103623928
28302,0.9956628205128205
28303,0.9972000000000001
28304,1.0
28305,1.0
28306,0.9996363636363637
28307,1.0
28308,0.9902429625929626
28309,1.0
28310,0.9719745932430144
28311,1.0
28312,0.9932164502164502
28313,0.998371794871795
28314,0.9940515151515152
28315,0.9994000000000001
28316,1.0
28317,1.0
28318,1.0
28319,0.997297619047619
28320,1.0
28321,0.9957936285936286
28322,1.0
28323,1.0
28324,1.0
28325,0.9145539086902094
28326,0.9986940170940171
28327,0.7776048068116955
28328,1.0
28329,0.9996
28330,0.6915103557691012
28331,0.9971563186813187
28332,1.0
28333,1.0
28334,0.998317082917083
28335,0.9989285714285715
28336,1.0
28337,1.0
28338,0.5412216868099221
28339,0.9995
28340,1.0
28341,1.0
28342,1.0
28343,1.0
28344,0.9940874958374958
28345,1.0
28346,0.8449307876763765
28347,1.0
28348,0.05804824978942624
28349,0.9998181818181817
28350,1.0
28351,1.0
28352,1.0
28353,0.9007543007645945
28354,1.0
28355,1.0
28356,0.9654363665746017
28357,0.9998333333333332
28358,1.0
28359,0.9984273504273503
28360,1.0
28361,0.9952111111111112
28362,0.9994285714285714
28363,0.30506227967938493
28364,0.9998333333333334
28365,0.9997777777777779
28366,1.0
28367,0.9926851370851371
28368,1.0
28369,0.99975
28370,1.0
28371,0.6791227639405661
28372,1.0
28373,1.0
28374,1.0
28375,1.0
28376,1.0
28377,0.9911165001665001
28378,1.0
28379,1.0
28380,0.9973777777777777
28381,0.0960017593517594
28382,1.0
28383,0.9905854851031323
28384,1.0
28385,0.42327329449875895
28386,1.0
28387,0.9557282467532467
28388,0.9756764361111885
28389,0.978828169053169
28390,1.0
28391,1.0
28392,1.0
28393,0.8077296466605286
28394,1.0
28395,1.0
28396,1.0
28397,1.0
28398,1.0
28399,0.982269291819292
28400,1.0
28401,0.9996
28402,0.9975555555555555
28403,0.8026802527537829
28404,1.0
28405,0.057228579341195414
28406,0.8009435351891735
28407,1.0
28408,0.9966722582972583
28409,0.9195245754245759
28410,1.0
28411,1.0
28412,1.0
28413,1.0
28414,1.0
28415,0.9976515151515153
28416,0.14392365396041862
28417,1.0
28418,1.0
28419,0.9996
28420,1.0
28421,1.0
28422,1.0
28423,0.9985396825396825
28424,0.9993333333333334
28425,0.9952054834054834
28426,1.0
28427,1.0
28428,0.9969738095238097
28429,0.9996931818181818
28430,0.6573719628760384
28431,0.9995555555555555
28432,1.0
28433,1.0
28434,0.28427762228311765
28435,1.0
28436,1.0
28437,1.0
28438,1.0
28439,0.10546039516039515
28440,0.9994285714285714
28441,1.0
28442,1.0
28443,1.0
28444,1.0
28445,1.0
28446,1.0
28447,1.0
28448,0.9960616883116883
28449,1.0
28450,1.0
28451,0.9871113203789673
28452,0.9988727272727272
28453,0.9990142857142857
28454,1.0
28455,1.0
28456,1.0
28457,1.0
28458,1.0
28459,1.0
28460,0.9982833333333334
28461,0.8568465700965697
28462,0.9529407897657898
28463,0.99975
28464,0.9996
28465,0.6638797703930058
28466,1.0
28467,1.0
28468,0.9978380230880229
28469,1.0
28470,1.0
28471,0.9992824675324675
28472,0.2071304248954708
28473,1.0
28474,0.888058383558306
28475,0.9960608058608057
28476,1.0
28477,1.0
28478,0.9987272727272728
28479,0.9948870851370851
28480,1.0
28481,0.9986714285714285
28482,1.0
28483,1.0
28484,0.9997142857142857
28485,0.9998461538461538
28486,0.9998181818181818
28487,0.9978809523809523
28488,0.99925
28489,1.0
28490,0.9660986069486069
28491,0.9856757144815967
28492,0.5824344643488604
28493,1.0
28494,0.9961666666666665
28495,0.9441022083437719
28496,1.0
28497,1.0
28498,1.0
28499,1.0
28500,1.0
28501,1.0
28502,1.0
28503,0.9994285714285714
28504,1.0
28505,1.0
28506,1.0
28507,0.9983234265734265
28508,0.9991666666666668
28509,1.0
28510,0.9876452380952379
28511,0.89534518700254
28512,0.9995
28513,0.9980707847707849
28514,1.0
28515,0.9991428571428571
28516,1.0
28517,0.9960146520146521
28518,0.9991428571428571
28519,1.0
28520,1.0
28521,1.0
28522,1.0
28523,1.0
28524,1.0
28525,0.9985555555555555
28526,0.9552383449883451
28527,0.9685841824841823
28528,0.9996
28529,1.0
28530,1.0
28531,1.0
28532,0.7581828064092769
28533,0.9469273213714392
28534,0.9996666666666667
28535,1.0
28536,1.0
28537,1.0
28538,1.0
28539,0.9983998060762768
28540,0.9994444444444445
28541,1.0
28542,0.9974271062271062
28543,1.0
28544,1.0
28545,0.9996
28546,1.0
28547,0.8492773850332676
28548,0.9711819597069594
28549,1.0
28550,1.0
28551,1.0
28552,1.0
28553,0.8846438587556233
28554,0.9976090225563908
28555,0.24602019957167026
28556,1.0
28557,1.0
28558,0.9795884935326113
28559,1.0
28560,0.9895082972582971
28561,0.9992000000000001
28562,1.0
28563,0.9307837466455112
28564,0.9989803921568627
28565,1.0
28566,1.0
28567,0.7976303392685747
28568,1.0
28569,1.0
28570,1.0
28571,0.9768006382506385
28572,0.9997142857142857
28573,0.7618628899823944
28574,1.0
28575,1.0
28576,1.0
28577,1.0
28578,1.0
28579,1.0
28580,1.0
28581,1.0
28582,1.0
28583,0.9689152347652347
28584,1.0
28585,0.9987857142857144
28586,0.9646614155452388
28587,1.0
28588,0.7388725831014531
28589,1.0
28590,0.7092052560819562
28591,1.0
28592,1.0
28593,1.0
28594,1.0
28595,1.0
28596,0.9980539682539683
28597,1.0
28598,1.0
28599,0.9744440846734966
28600,1.0
28601,1.0
28602,1.0
28603,0.9957893939393938
28604,1.0
28605,1.0
28606,1.0
28607,0.9377304612054613
28608,1.0
28609,1.0
28610,0.6315117540955775
28611,1.0
28612,1.0
28613,0.9969551282051282
28614,0.1747877843948278
28615,0.5649484789720084
28616,1.0
28617,1.0
28618,1.0
28619,1.0
28620,1.0
28621,1.0
28622,1.0
28623,1.0
28624,1.0
28625,1.0
28626,1.0
28627,1.0
28628,1.0
28629,0.9851352758352759
28630,1.0
28631,0.8332366375110954
28632,0.9998571428571429
28633,1.0
28634,1.0
28635,1.0
28636,1.0
28637,0.9998181818181818
28638,0.9947277777777779
28639,1.0
28640,1.0
28641,1.0
28642,1.0
28643,1.0
28644,1.0
28645,0.9982239316239316
28646,0.9810793040293042
28647,0.9998823529411764
28648,0.4912136508658179
28649,0.9982309523809523
28650,1.0
28651,1.0
28652,1.0
28653,0.9544102423720072
28654,0.9969144078144078
28655,0.9810386557886555
28656,0.9993333333333333
28657,1.0
28658,0.9206477355977358
28659,1.0
28660,0.9992166666666666
28661,0.9981428571428571
28662,0.15992000759818106
28663,1.0
28664,1.0
28665,0.9996
28666,1.0
28667,1.0
28668,1.0
28669,0.39510871358603555
28670,0.8356409226394521
28671,1.0
28672,1.0
28673,1.0
28674,0.9597475607725607
28675,1.0
28676,0.9995
28677,1.0
28678,0.9936242979242981
28679,1.0
28680,0.99975
28681,1.0
28682,1.0
28683,0.6252793956817171
28684,1.0
28685,1.0
28686,1.0
28687,1.0
28688,0.8816260467602569
28689,1.0
28690,0.9994920634920635
28691,0.9530812507753682
28692,0.9473341658341657
28693,1.0
28694,1.0
28695,1.0
28696,1.0
28697,0.30964475018445636
28698,0.9978162083015023
28699,0.9998571428571429
28700,1.0
28701,0.9997999999999999
28702,1.0
28703,0.9996666666666666
28704,1.0
28705,1.0
28706,1.0
28707,0.99975
28708,0.9993055555555556
28709,0.9718676545676546
28710,1.0
28711,1.0
28712,1.0
28713,1.0
28714,1.0
28715,1.0
28716,1.0
28717,0.9957622294372295
28718,0.9991428571428571
28719,0.9993333333333333
28720,1.0
28721,0.9994285714285714
28722,1.0
28723,1.0
28724,0.9849427566413635
28725,0.998056277056277
28726,1.0
28727,1.0
28728,1.0
28729,0.9987606837606837
28730,1.0
28731,1.0
28732,0.9555552514478987
28733,0.9991111111111111
28734,1.0
28735,0.9792270435446908
28736,0.9488180711445416
28737,0.7949802684243863
28738,0.9995277777777778
28739,1.0
28740,0.999
28741,1.0
28742,0.6177233942613976
28743,1.0
28744,1.0
28745,0.9998333333333334
28746,0.9767051451816157
28747,0.9980793650793649
28748,1.0
28749,1.0
28750,1.0
28751,0.999
28752,1.0
28753,1.0
28754,1.0
28755,0.0221027501738028
28756,1.0
28757,1.0
28758,1.0
28759,1.0
28760,0.9957261904761905
28761,0.9412411005661007
28762,1.0
28763,0.9914799432593551
28764,0.9998181818181818
28765,1.0
28766,0.9074189542483665
28767,1.0
28768,1.0
28769,0.9895301948051946
28770,0.9710480158730157
28771,1.0
28772,1.0
28773,1.0
28774,1.0
28775,0.9750637834387835
28776,1.0
28777,1.0
28778,0.9997142857142858
28779,0.9717087357087356
28780,1.0
28781,1.0
28782,0.999371794871795
28783,0.9932926406926407
28784,0.8474128180642885
28785,1.0
28786,1.0
28787,1.0
28788,1.0
28789,0.9903456487956489
28790,1.0
28791,1.0
28792,1.0
28793,1.0
28794,1.0
28795,1.0
28796,1.0
28797,0.9946975194396247
28798,0.9483127872127869
28799,0.9441669727073752
28800,0.5538323047008032
28801,1.0
28802,0.9980402597402597
28803,0.9547539915966384
28804,0.9791802086802086
28805,0.9615852129896248
28806,1.0
28807,0.49113442452800066
28808,0.6016080096889689
28809,0.999
28810,0.9998666666666667
28811,1.0
28812,0.7322285185488748
28813,0.9804729437229438
28814,1.0
28815,1.0
28816,0.5099467696562124
28817,1.0
28818,1.0
28819,1.0
28820,1.0
28821,1.0
28822,1.0
28823,1.0
28824,1.0
28825,0.9993846153846153
28826,0.9802216505716506
28827,0.9981375495849182
28828,0.4617729650981973
28829,0.9984444444444445
28830,1.0
28831,0.9744607175504232
28832,1.0
28833,1.0
28834,1.0
28835,1.0
28836,1.0
28837,1.0
28838,0.9781535908535907
28839,0.84968357440633
28840,1.0
28841,1.0
28842,1.0
28843,0.9885873376623376
28844,0.9996
28845,1.0
28846,0.998447619047619
28847,0.9952128205128205
28848,1.0
28849,1.0
28850,1.0
28851,1.0
28852,1.0
28853,1.0
28854,0.9993333333333334
28855,1.0
28856,1.0
28857,0.9989230769230769
28858,1.0
28859,1.0
28860,0.9998181818181817
28861,0.9827499222999223
28862,1.0
28863,0.999047619047619
28864,0.9995384615384616
28865,1.0
28866,1.0
28867,0.9953945887445887
28868,0.9996
28869,0.9984500000000001
28870,1.0
28871,0.9991456582633054
28872,1.0
28873,1.0
28874,0.8428172509808726
28875,0.9408716091098444
28876,0.9013437966316453
28877,0.9791450993450992
28878,0.999030525030525
28879,0.9975357142857143
28880,0.9965518592518591
28881,1.0
28882,0.9967807359307361
28883,0.9251016731634379
28884,1.0
28885,0.9980476190476192
28886,1.0
28887,0.9496047792077205
28888,0.9979273504273505
28889,1.0
28890,0.9967308358308359
28891,1.0
28892,1.0
28893,0.9993333333333334
28894,1.0
28895,1.0
28896,0.9989015151515152
28897,0.4083398543664797
28898,1.0
28899,0.15299214592596952
28900,1.0
28901,0.9936866300366298
28902,1.0
28903,0.8857440513396903
28904,1.0
28905,0.9992
28906,1.0
28907,0.982393115364168
28908,1.0
28909,0.99975
28910,1.0
28911,0.9997142857142857
28912,1.0
28913,1.0
28914,1.0
28915,1.0
28916,0.8739777359895008
28917,0.9979333333333333
28918,0.9995384615384616
28919,1.0
28920,0.7449703528239899
28921,1.0
28922,0.9863506299256302
28923,0.09598149432267078
28924,0.999051282051282
28925,1.0
28926,1.0
28927,1.0
28928,0.9874421356421355
28929,0.7489157490428384
28930,0.7813901717563476
28931,1.0
28932,1.0
28933,0.9671477002615549
28934,1.0
28935,1.0
28936,0.9992000000000001
28937,1.0
28938,1.0
28939,1.0
28940,1.0
28941,1.0
28942,0.9945667748917748
28943,0.9998571428571429
28944,0.9995
28945,0.9465883394383396
28946,0.9085738228146131
28947,0.8929754009578312
28948,1.0
28949,0.9041561788314889
28950,0.9825771173271174
28951,1.0
28952,1.0
28953,1.0
28954,0.9997142857142858
28955,1.0
28956,1.0
28957,0.9969333333333334
28958,1.0
28959,0.874488111398406
28960,0.9987587301587302
28961,0.9997999999999999
28962,0.9903412615162617
28963,0.9897341214341213
28964,1.0
28965,1.0
28966,0.9994285714285714
28967,1.0
28968,0.917079666626803
28969,0.5946075668397651
28970,0.9885896103896102
28971,0.9901017149517147
28972,1.0
28973,0.9951406648906649
28974,1.0
28975,0.9993333333333334
28976,1.0
28977,0.9742046897546893
28978,1.0
28979,1.0
28980,0.9989809523809523
28981,0.9972809523809524
28982,0.906794412699444
28983,1.0
28984,1.0
28985,1.0
28986,1.0
28987,0.9853281597487479
28988,0.5490453906774337
28989,0.9871376903797955
28990,0.5914599803361409
28991,0.4099831218145461
28992,1.0
28993,1.0
28994,1.0
28995,1.0
28996,0.99925
28997,1.0
28998,0.9994461538461539
28999,0.9995
29000,1.0
29001,0.9625491778689149
29002,1.0
29003,1.0
29004,0.8623453776357802
29005,0.7456880687252208
29006,0.998124531024531
29007,1.0
29008,0.951983322233322
29009,0.383862751790693
29010,1.0
29011,1.0
29012,1.0
29013,0.9978025308025308
29014,0.6791077961512171
29015,0.9932523809523809
29016,1.0
29017,0.5849570583011756
29018,1.0
29019,0.990169191919192
29020,0.9996666666666666
29021,1.0
29022,0.9855078477078477
29023,1.0
29024,1.0
29025,1.0
29026,0.9997142857142857
29027,0.9997999999999999
29028,0.9994545454545455
29029,1.0
29030,0.9853220945720947
29031,0.8526900661086417
29032,1.0
29033,0.9973605616605618
29034,0.9828134754134755
29035,1.0
29036,1.0
29037,0.9997999999999999
29038,1.0
29039,1.0
29040,0.9884681818181817
29041,0.9966336996336997
29042,1.0
29043,1.0
29044,1.0
29045,1.0
29046,1.0
29047,1.0
29048,0.93323159210071
29049,0.9436611724876431
29050,0.997361111111111
29051,1.0
29052,1.0
29053,0.99925
29054,0.9870782439782441
29055,1.0
29056,1.0
29057,1.0
29058,0.9988709273182959
29059,1.0
29060,1.0
29061,0.9277068918010094
29062,1.0
29063,1.0
29064,1.0
29065,1.0
29066,1.0
29067,1.0
29068,1.0
29069,1.0
29070,0.9788880286380287
29071,1.0
29072,0.9995555555555555
29073,0.982828196605596
29074,1.0
29075,0.999297619047619
29076,0.9623252858252865
29077,0.9940818681318682
29078,0.0455098784256679
29079,1.0
29080,1.0
29081,0.6408905973111855
29082,1.0
29083,1.0
29084,0.9991
29085,0.6418043097425455
29086,1.0
29087,1.0
29088,0.7933135226744368
29089,0.7441129168904708
29090,0.9981999999999999
29091,1.0
29092,0.9490355690061573
29093,1.0
29094,0.6316277239100766
29095,0.8200437970526206
29096,0.9936549783549783
29097,1.0
29098,1.0
29099,0.9994
29100,1.0
29101,1.0
29102,0.9985974025974026
29103,0.9779626151626153
29104,0.9985396825396826
29105,1.0
29106,1.0
29107,1.0
29108,0.9988253968253967
29109,1.0
29110,0.9211709114414993
29111,0.9988333333333332
29112,0.5942277753893853
29113,1.0
29114,1.0
29115,1.0
29116,0.9884491452991453
29117,0.9998461538461538
29118,0.9753508658008656
29119,1.0
29120,0.8360623350333877
29121,0.9994833333333334
29122,1.0
29123,1.0
29124,1.0
29125,0.9985423558897243
29126,1.0
29127,1.0
29128,0.9986
29129,0.9998181818181818
29130,1.0
29131,0.9998333333333334
29132,1.0
29133,1.0
29134,1.0
29135,0.9936742979242981
29136,1.0
29137,1.0
29138,0.997778282828283
29139,0.9995
29140,0.997204292929293
29141,0.5546153651216348
29142,1.0
29143,0.14302863145626316
29144,0.9988888888888889
29145,1.0
29146,1.0
29147,0.42614274891774917
29148,1.0
29149,1.0
29150,0.9955392852245794
29151,0.9997999999999999
29152,0.9997777777777779
29153,0.9990285714285715
29154,1.0
29155,0.9136128405907822
29156,0.9710175574425574
29157,0.9565585634953279
29158,0.9989444444444444
29159,1.0
29160,0.9977489316239316
29161,1.0
29162,0.2795404761904762
29163,1.0
29164,1.0
29165,0.9001602121648569
29166,0.9812757187257188
29167,0.9980631868131868
29168,0.703834479100191
29169,0.3519896825396826
29170,0.1980172962658257
29171,1.0
29172,0.9996666666666666
29173,1.0
29174,0.9337158470614352
29175,1.0
29176,1.0
29177,0.9994848484848485
29178,0.593028903148795
29179,1.0
29180,0.99975
29181,1.0
29182,1.0
29183,0.9990626262626263
29184,0.9980414735591207
29185,1.0
29186,1.0
29187,0.9034856948606949
29188,1.0
29189,0.9989027777777778
29190,1.0
29191,1.0
29192,1.0
29193,0.9213226134976134
29194,0.9992000000000001
29195,1.0
29196,1.0
29197,0.9985238095238096
29198,0.993935405444229
29199,1.0
29200,0.9944880825057295
29201,1.0
29202,1.0
29203,1.0
29204,0.9918093795093795
29205,1.0
29206,0.4912971353809591
29207,1.0
29208,1.0
29209,1.0
29210,1.0
29211,1.0
29212,1.0
29213,1.0
29214,0.9982420634920635
29215,1.0
29216,0.6019092577357281
29217,1.0
29218,0.9993162393162394
29219,0.9833135209819421
29220,0.9794505799755802
29221,1.0
29222,1.0
29223,1.0
29224,1.0
29225,0.9949026334776335
29226,0.9984285714285714
29227,1.0
29228,1.0
29229,1.0
29230,1.0
29231,1.0
29232,0.9998181818181818
29233,0.7825882442119284
29234,0.9244368492618494
29235,1.0
29236,1.0
29237,1.0
29238,0.4984657239389438
29239,1.0
29240,1.0
29241,0.9980714285714286
29242,1.0
29243,0.9985119047619048
29244,1.0
29245,0.9896707209457211
29246,0.9798731898820133
29247,0.9935668248418249
29248,1.0
29249,1.0
29250,0.9985245726495727
29251,0.9252758186258192
29252,0.7317086578110578
29253,1.0
29254,1.0
29255,1.0
29256,0.9996666666666666
29257,0.9402839004133117
29258,0.9326520290167352
29259,0.9565856782106784
29260,0.9981602564102562
29261,1.0
29262,1.0
29263,0.9954621234974176
29264,0.9866234598734599
29265,1.0
29266,0.987107459207459
29267,0.9847094516594517
29268,0.9994166666666667
29269,1.0
29270,0.9641613913863916
29271,1.0
29272,0.9719810337151672
29273,1.0
29274,1.0
29275,1.0
29276,0.9989333333333333
29277,0.9866728604728605
29278,0.9998333333333334
29279,1.0
29280,0.9701994481009187
29281,0.9991142857142857
29282,0.9965264384738071
29283,1.0
29284,0.6847378685470021
29285,1.0
29286,1.0
29287,1.0
29288,1.0
29289,1.0
29290,0.9935300865800866
29291,1.0
29292,1.0
29293,1.0
29294,1.0
29295,0.9963622100122099
29296,1.0
29297,1.0
29298,0.9873877400377402
29299,1.0
29300,0.9780544011544012
29301,0.9993333333333333
29302,0.9983333333333334
29303,1.0
29304,0.9757686563436563
29305,1.0
29306,1.0
29307,1.0
29308,1.0
29309,0.20590861752626477
29310,0.9977460317460317
29311,1.0
29312,1.0
29313,0.9988
29314,1.0
29315,0.9997142857142857
29316,0.9944095238095237
29317,1.0
29318,0.9996
29319,1.0
29320,1.0
29321,1.0
29322,1.0
29323,1.0
29324,0.9856890735081912
29325,1.0
29326,1.0
29327,1.0
29328,1.0
29329,0.9968491341991342
29330,1.0
29331,0.99905
29332,1.0
29333,1.0
29334,0.9945262265512267
29335,0.9957368742368743
29336,1.0
29337,0.7775067461949815
29338,0.9853122405372409
29339,0.9806800671550673
29340,1.0
29341,0.23882319608496083
29342,0.9922506493506492
29343,0.9276084177260648
29344,1.0
29345,1.0
29346,1.0
29347,1.0
29348,0.998638888888889
29349,1.0
29350,1.0
29351,1.0
29352,0.9991809523809524
29353,1.0
29354,1.0
29355,1.0
29356,0.999
29357,1.0
29358,0.9985252525252526
29359,1.0
29360,0.9996
29361,0.9996666666666666
29362,1.0
29363,1.0
29364,0.6346102843492936
29365,1.0
29366,1.0
29367,1.0
29368,1.0
29369,0.9993142857142857
29370,1.0
29371,1.0
29372,0.8906715395715398
29373,0.9992063492063493
29374,1.0
29375,1.0
29376,1.0
29377,1.0
29378,0.9521511408182456
29379,0.9976809523809523
29380,1.0
29381,1.0
29382,0.9969214285714285
29383,1.0
29384,0.9877473914973915
29385,1.0
29386,0.9831596514596515
29387,1.0
29388,0.99975
29389,0.9998333333333334
29390,1.0
29391,1.0
29392,0.9975295853269538
29393,1.0
29394,0.9887266955266955
29395,0.9996666666666666
29396,1.0
29397,1.0
29398,1.0
29399,1.0
29400,1.0
29401,1.0
29402,0.9995777777777778
29403,1.0
29404,1.0
29405,1.0
29406,0.9996666666666667
29407,1.0
29408,0.9916505772005771
29409,1.0
29410,0.9989230769230769
29411,1.0
29412,0.9996666666666666
29413,0.9840240537240539
29414,1.0
29415,1.0
29416,1.0
29417,1.0
29418,0.9954181818181819
29419,1.0
29420,1.0
29421,1.0
29422,0.981960173160173
29423,1.0
29424,1.0
29425,1.0
29426,0.9859209568209568
29427,1.0
29428,1.0
29429,0.49738228205231283
29430,0.9957533189033188
29431,0.8289303887289188
29432,0.39237339311015784
29433,0.9986587301587302
29434,1.0
29435,1.0
29436,0.9995555555555555
29437,0.9057518667606901
29438,1.0
29439,1.0
29440,1.0
29441,1.0
29442,0.9931689033189033
29443,1.0
29444,1.0
29445,0.9772056239512121
29446,1.0
29447,1.0
29448,1.0
29449,1.0
29450,1.0
29451,0.9301783661127317
29452,0.9997999999999999
29453,1.0
29454,1.0
29455,0.44222222951627005
29456,1.0
29457,0.9979
29458,1.0
29459,0.9973333333333334
29460,0.9987
29461,0.9958966810966812
29462,1.0
29463,0.99975
29464,1.0
29465,0.9792450937950941
29466,1.0
29467,0.9985571428571429
29468,1.0
29469,0.9603823140911375
29470,1.0
29471,0.9873579534844241
29472,0.8465994716927383
29473,1.0
29474,0.9995555555555555
29475,0.9988809523809523
29476,0.9950201465201466
29477,0.9993333333333334
29478,0.9780498584748585
29479,1.0
29480,1.0
29481,0.9820680672268907
29482,1.0
29483,1.0
29484,0.8254513778704954
29485,1.0
29486,0.9812381729381731
29487,1.0
29488,0.970737843855491
29489,1.0
29490,0.9991666666666668
29491,1.0
29492,0.9996666666666666
29493,1.0
29494,1.0
29495,1.0
29496,0.8155699458578244
29497,1.0
29498,1.0
29499,0.9996111111111112
29500,1.0
29501,0.9622608603814488
29502,0.9996
29503,0.9998333333333334
29504,1.0
29505,0.9998333333333334
29506,0.9996666666666666
29507,0.9993333333333334
29508,1.0
29509,0.9608163558663556
29510,1.0
29511,0.9989642857142857
29512,0.9786406898656899
29513,0.9633431563534504
29514,1.0
29515,1.0
29516,0.9988285714285715
29517,0.9995555555555555
29518,1.0
29519,1.0
29520,1.0
29521,1.0
29522,0.9992051282051282
29523,0.9900569763569763
29524,0.9974063492063494
29525,1.0
29526,0.8838634328090206
29527,0.6307667428976254
29528,1.0
29529,1.0
29530,0.9973942279942279
29531,0.8995455100626926
29532,1.0
29533,1.0
29534,0.7517637116151819
29535,1.0
29536,0.9928899322899322
29537,0.9848207251898428
29538,0.9987083333333334
29539,1.0
29540,0.9997999999999999
29541,0.9919707792207793
29542,1.0
29543,1.0
29544,1.0
29545,1.0
29546,1.0
29547,0.9975225468975469
29548,0.9997142857142857
29549,1.0
29550,1.0
29551,0.9969991341991342
29552,1.0
29553,1.0
29554,0.7742696118982489
29555,1.0
29556,1.0
29557,0.9733868768486418
29558,1.0
29559,1.0
29560,1.0
29561,0.9973231435231436
29562,0.9815525086025085
29563,1.0
29564,1.0
29565,1.0
29566,1.0
29567,0.04043044440939179
29568,1.0
29569,1.0
29570,1.0
29571,1.0
29572,1.0
29573,1.0
29574,1.0
29575,0.9983638583638583
29576,1.0
29577,1.0
29578,0.9475332500832502
29579,1.0
29580,1.0
29581,0.9945424353424352
29582,0.9981666666666666
29583,1.0
29584,1.0
29585,1.0
29586,1.0
29587,1.0
29588,1.0
29589,0.8719753171664938
29590,0.44378612319053495
29591,1.0
29592,0.9980238095238095
29593,0.9978434620934621
29594,1.0
29595,1.0
29596,0.9960899087840265
29597,1.0
29598,1.0
29599,1.0
29600,1.0
29601,1.0
29602,1.0
29603,0.9996363636363637
29604,0.9523520784770788
29605,1.0
29606,0.2890027777777777
29607,0.9982909090909091
29608,0.9723637031269383
29609,0.998625
29610,0.9870449550449549
29611,0.9516206138632608
29612,0.9253659435335908
29613,1.0
29614,1.0
29615,1.0
29616,1.0
29617,1.0
29618,0.998782905982906
29619,1.0
29620,1.0
29621,1.0
29622,1.0
29623,0.5720876079544813
29624,0.9922496392496393
29625,1.0
29626,0.963898656898657
29627,0.9995142857142856
29628,1.0
29629,0.8708912484574254
29630,0.9399213619713622
29631,0.470187743809338
29632,1.0
29633,1.0
29634,1.0
29635,1.0
29636,0.9944496392496393
29637,1.0
29638,0.9845748917748917
29639,1.0
29640,0.9994642857142858
29641,0.8954825125854543
29642,0.973463921372745
29643,1.0
29644,0.9994285714285714
29645,1.0
29646,1.0
29647,0.9997777777777779
29648,1.0
29649,1.0
29650,1.0
29651,1.0
29652,0.9825086996336995
29653,0.8846636788993603
29654,1.0
29655,0.9667371683871682
29656,0.9988166666666666
29657,1.0
29658,1.0
29659,1.0
29660,0.9096398266765915
29661,0.9541964877485778
29662,0.9992000000000001
29663,0.994413000888001
29664,0.9517392029539088
29665,1.0
29666,1.0
29667,0.9942235125985127
29668,1.0
29669,1.0
29670,1.0
29671,1.0
29672,0.9897688727938727
29673,0.998219696969697
29674,1.0
29675,1.0
29676,0.9970325396825397
29677,0.99975
29678,0.9996666666666666
29679,0.9709398490398492
29680,1.0
29681,1.0
29682,1.0
29683,1.0
29684,0.9994444444444445
29685,1.0
29686,0.9790913891663894
29687,0.2878845376845377
29688,1.0
29689,1.0
29690,1.0
29691,1.0
29692,1.0
29693,1.0
29694,0.9972121212121211
29695,1.0
29696,0.9992527472527473
29697,1.0
29698,0.8957616937929629
29699,1.0
29700,1.0
29701,1.0
29702,1.0
29703,1.0
29704,1.0
29705,0.9966336996336997
29706,1.0
29707,1.0
29708,0.9986041181041182
29709,1.0
29710,1.0
29711,0.9997142857142858
29712,1.0
29713,0.9369105632585508
29714,0.9967532967032965
29715,1.0
29716,1.0
29717,1.0
29718,0.9997142857142858
29719,0.9821047508047508
29720,0.7721777779839702
29721,1.0
29722,1.0
29723,1.0
29724,1.0
29725,1.0
29726,1.0
29727,0.9986940170940171
29728,1.0
29729,1.0
29730,1.0
29731,0.9917954822954824
29732,1.0
29733,1.0
29734,1.0
29735,1.0
29736,0.9517532328782328
29737,1.0
29738,0.8872602190293366
29739,1.0
29740,1.0
29741,0.9973730158730159
29742,1.0
29743,1.0
29744,0.9981166666666667
29745,1.0
29746,1.0
29747,0.8279630883564317
29748,1.0
29749,1.0
29750,0.9982573426573427
29751,0.7573428182928184
29752,0.99925
29753,0.9007817930435575
29754,1.0
29755,1.0
29756,0.9984535714285714
29757,0.9991428571428571
29758,1.0
29759,0.9994545454545455
29760,0.9974444444444446
29761,0.9950386236312706
29762,0.6573348009231902
29763,1.0
29764,0.5815470663323603
29765,0.9996
29766,1.0
29767,1.0
29768,1.0
29769,0.9951193417693418
29770,0.8634847244259006
29771,0.9986666666666667
29772,1.0
29773,1.0
29774,0.03137697351667939
29775,0.9991428571428571
29776,0.9898938969527206
29777,1.0
29778,1.0
29779,0.9996666666666666
29780,1.0
29781,1.0
29782,0.9993500000000001
29783,0.9986428571428572
29784,1.0
29785,1.0
29786,1.0
29787,0.9997142857142858
29788,1.0
29789,1.0
29790,0.9908372294372294
29791,1.0
29792,0.9885080086580087
29793,0.9468989757232795
29794,1.0
29795,0.9310747406188586
29796,0.9946534654887594
29797,0.9992727272727272
29798,0.95181988011988
29799,1.0
29800,1.0
29801,1.0
29802,1.0
29803,0.9857161810411811
29804,0.9601646841462633
29805,1.0
29806,0.6768441114956594
29807,0.9987142857142857
29808,0.9968095238095237
29809,0.9428078714629026
29810,1.0
29811,1.0
29812,1.0
29813,1.0
29814,0.1684875474199004
29815,1.0
29816,1.0
29817,0.8388671096876981
29818,0.9115338249813485
29819,0.9997777777777779
29820,1.0
29821,0.858080097027156
29822,0.98005873015873
29823,1.0
29824,0.9366504795857736
29825,0.9993333333333333
29826,0.9909449328449328
29827,0.9840425574425574
29828,1.0
29829,0.9924303529803531
29830,0.7314900507043693
29831,1.0
29832,1.0
29833,0.6372075396997225
29834,0.9713413665282087
29835,1.0
29836,0.9996666666666667
29837,0.9912210237131288
29838,1.0
29839,0.8051962232212238
29840,0.9867995143745145
29841,0.9991515151515151
29842,0.9993333333333333
29843,1.0
29844,1.0
29845,1.0
29846,0.9975873015873016
29847,1.0
29848,0.9986285714285715
29849,0.9948426406926406
29850,1.0
29851,1.0
29852,1.0
29853,1.0
29854,1.0
29855,0.9969382173382174
29856,0.9744738761238761
29857,0.9986288156288156
29858,1.0
29859,0.9992000000000001
29860,0.6263127385686212
29861,1.0
29862,1.0
29863,0.9285364916301452
29864,1.0
29865,1.0
29866,0.9983166666666666
29867,1.0
29868,0.9993333333333334
29869,0.9996923076923077
29870,1.0
29871,1.0
29872,1.0
29873,0.9960158730158729
29874,0.7391555224015756
29875,0.9623803409009292
29876,0.9803522644022645
29877,0.9845813492063493
29878,1.0
29879,1.0
29880,1.0
29881,0.8593409965593403
29882,1.0
29883,1.0
29884,1.0
29885,0.9994313725490196
29886,0.8313618942804702
29887,0.999875
29888,0.9922664280164281
29889,1.0
29890,0.9765885891885894
29891,1.0
29892,1.0
29893,1.0
29894,0.30700307278720584
29895,1.0
29896,1.0
29897,1.0
29898,0.33404761904761904
29899,0.9995555555555555
29900,1.0
29901,0.9917096207713854
29902,0.9974666666666667
29903,1.0
29904,0.9956594516594518
29905,0.9996666666666667
29906,1.0
29907,1.0
29908,0.9988717948717949
29909,0.9945767794297206
29910,1.0
29911,0.9997142857142857
29912,1.0
29913,0.9997777777777779
29914,0.9985800865800866
29915,0.941702640986464
29916,0.9992747252747253
29917,0.9992000000000001
29918,0.9738377085332968
29919,1.0
29920,1.0
29921,1.0
29922,1.0
29923,1.0
29924,0.997419696969697
29925,1.0
29926,1.0
29927,1.0
29928,0.9088463369963375
29929,1.0
29930,0.9912609668109668
29931,1.0
29932,0.9880697524697525
29933,0.9983452380952381
29934,0.9386457160486572
29935,1.0
29936,1.0
29937,1.0
29938,1.0
29939,0.48438047343093776
29940,0.9984689754689755
29941,1.0
29942,0.9857186813186812
29943,1.0
29944,1.0
29945,1.0
29946,1.0
29947,0.9451469696969699
29948,0.9996643356643357
29949,1.0
29950,1.0
29951,1.0
29952,0.9996666666666666
29953,0.9994285714285714
29954,0.9996
29955,0.9497313825063824
29956,0.9995999999999999
29957,0.6955770215938172
29958,0.45086481753876756
29959,0.9791800996389229
29960,1.0
29961,1.0
29962,0.6311641673428049
29963,1.0
29964,0.9981530303030303
29965,1.0
29966,0.9986507936507935
29967,1.0
29968,1.0
29969,1.0
29970,1.0
29971,1.0
29972,0.9869649334325804
29973,1.0
29974,0.998547619047619
29975,0.9939703463203465
29976,0.9975188311688312
29977,1.0
29978,0.9975090909090909
29979,1.0
29980,0.9981953601953601
29981,1.0
29982,1.0
29983,1.0
29984,0.9994642857142858
29985,0.9792461149961149
29986,0.9801579887432829
29987,0.9989273504273505
29988,1.0
29989,1.0
29990,1.0
29991,0.9990285714285715
29992,0.9959261183261184
29993,1.0
29994,1.0
29995,0.9986277056277056
29996,0.9984727272727273
29997,1.0
29998,0.9958185722773959
29999,1.0
30000,1.0
30001,1.0
30002,1.0
30003,0.9973942279942279
30004,1.0
30005,1.0
30006,0.9124193683595387
30007,0.2251281885726933
30008,1.0
30009,1.0
30010,0.8879125283213521
30011,1.0
30012,0.9942112831612832
30013,1.0
30014,0.9989333333333332
30015,0.987635631035631
30016,1.0
30017,1.0
30018,0.99975
30019,0.727456690454368
30020,0.9981507936507937
30021,0.9436370637274665
30022,0.7350983116556641
30023,0.4421429986679987
30024,1.0
30025,0.9962172161172161
30026,0.9521887695637696
30027,1.0
30028,1.0
30029,0.9924176046176046
30030,0.9998666666666667
30031,0.988768908868909
30032,0.6419923711909004
30033,1.0
30034,1.0
30035,0.9970053391053391
30036,1.0
30037,1.0
30038,0.1979120640797112
30039,1.0
30040,1.0
30041,1.0
30042,1.0
30043,0.9780006909756911
30044,0.9492678876678874
30045,1.0
30046,0.9987809523809523
30047,1.0
30048,1.0
30049,0.972497335997336
30050,1.0
30051,0.9991785714285715
30052,1.0
30053,0.9992000000000001
30054,1.0
30055,0.9949627372627374
30056,1.0
30057,1.0
30058,0.9998461538461538
30059,0.9990444444444446
30060,0.9640352908529377
30061,1.0
30062,0.8241132373474472
30063,0.9530579765865369
30064,0.8382858816201826
30065,0.10181227661227664
30066,0.9991456582633054
30067,1.0
30068,0.9935584415584418
30069,0.9507552530802532
30070,1.0
30071,1.0
30072,1.0
30073,0.9807258907758909
30074,1.0
30075,0.9996666666666667
30076,0.9996
30077,0.857735990969814
30078,1.0
30079,1.0
30080,1.0
30081,1.0
30082,1.0
30083,1.0
30084,0.8265472655578819
30085,0.7438405220596396
30086,0.9991428571428571
30087,1.0
30088,1.0
30089,1.0
30090,1.0
30091,0.999
30092,1.0
30093,0.9576668470418468
30094,0.9993333333333333
30095,1.0
30096,0.999
30097,1.0
30098,1.0
30099,0.5940890096745362
30100,1.0
30101,1.0
30102,0.9080336364615779
30103,0.9983809523809524
30104,0.9959478632478631
30105,0.6923088886345853
30106,1.0
30107,0.9978253968253967
30108,0.8225508003434477
30109,0.9997142857142858
30110,0.9895607142857142
30111,1.0
30112,1.0
30113,0.999875
30114,0.9997142857142858
30115,1.0
30116,1.0
30117,1.0
30118,1.0
30119,0.9995
30120,1.0
30121,1.0
30122,0.6651827610641852
30123,0.9937497724497726
30124,0.9996666666666667
30125,1.0
30126,1.0
30127,1.0
30128,0.9574819143275027
30129,1.0
30130,0.9960404761904761
30131,0.8006395917120369
30132,0.9996666666666667
30133,1.0
30134,0.9994285714285714
30135,1.0
30136,0.99975
30137,1.0
30138,0.9940265151515152
30139,1.0
30140,0.9755776928953399
30141,1.0
30142,0.9989111111111111
30143,1.0
30144,1.0
30145,1.0
30146,0.9996
30147,0.9896844932844933
30148,0.8455125249115321
30149,0.44960628743237424
30150,1.0
30151,1.0
30152,0.9902666666666667
30153,0.9933793706293707
30154,0.9992619047619048
30155,0.9990285714285715
30156,1.0
30157,0.9961892551892553
30158,1.0
30159,0.9992063492063493
30160,0.9968399267399266
30161,1.0
30162,0.9979273504273505
30163,0.9933083694083694
30164,1.0
30165,1.0
30166,0.99925
30167,1.0
30168,1.0
30169,1.0
30170,0.9464618569339156
30171,1.0
30172,1.0
30173,1.0
30174,0.9988888888888889
30175,0.9996
30176,1.0
30177,0.9989230769230769
30178,0.9994285714285714
30179,1.0
30180,0.8184657461046005
30181,1.0
30182,0.9998333333333334
30183,1.0
30184,1.0
30185,1.0
30186,0.9996666666666666
30187,0.9455677231265465
30188,0.9983583333333333
30189,0.9981873015873016
30190,1.0
30191,0.9996
30192,1.0
30193,1.0
30194,0.998920634920635
30195,1.0
30196,0.9997999999999999
30197,1.0
30198,1.0
30199,0.9590038299162138
30200,1.0
30201,1.0
30202,1.0
30203,0.993693253968254
30204,0.9968166666666666
30205,0.18987832477979547
30206,0.9991
30207,1.0
30208,1.0
30209,1.0
30210,1.0
30211,1.0
30212,1.0
30213,1.0
30214,1.0
30215,1.0
30216,0.9372651250710076
30217,0.9417376019405431
30218,1.0
30219,0.9997142857142858
30220,1.0
30221,1.0
30222,0.9965460372960372
30223,0.9936379509379508
30224,0.9982111111111112
30225,0.998782905982906
30226,1.0
30227,0.9189315393756572
30228,0.9970296409472881
30229,1.0
30230,1.0
30231,0.9909491341991342
30232,0.9986785714285714
30233,0.9972440476190477
30234,1.0
30235,0.9940854978354978
30236,0.9985619047619048
30237,1.0
30238,0.8466154367648174
30239,0.9977238095238096
30240,1.0
30241,1.0
30242,1.0
30243,1.0
30244,0.9677717227217228
30245,0.3327111111111111
30246,1.0
30247,1.0
30248,1.0
30249,1.0
30250,0.9896712676212677
30251,0.7626649488570238
30252,1.0
30253,1.0
30254,0.9745638805638807
30255,1.0
30256,0.9609557380527971
30257,0.9996
30258,1.0
30259,1.0
30260,1.0
30261,0.9785809101029689
30262,0.8844978261934144
30263,1.0
30264,1.0
30265,1.0
30266,1.0
30267,1.0
30268,1.0
30269,1.0
30270,0.9985619047619048
30271,0.95984146964147
30272,0.9985396825396826
30273,0.9981912698412698
30274,0.9314151891967685
30275,0.9994285714285714
30276,1.0
30277,0.9971944444444445
30278,1.0
30279,0.9866353308456248
30280,0.990957054057054
30281,1.0
30282,0.9997333333333334
30283,1.0
30284,0.9576244676376252
30285,1.0
30286,0.9951406648906649
30287,0.9989717194570136
30288,0.99925
30289,0.2708121604401791
30290,1.0
30291,0.9839809135309138
30292,0.6310642259878831
30293,0.9984
30294,1.0
30295,1.0
30296,0.9998333333333334
30297,1.0
30298,1.0
30299,0.9996666666666667
30300,1.0
30301,0.9996666666666667
30302,0.997568403818404
30303,1.0
30304,1.0
30305,1.0
30306,0.27507152128916834
30307,1.0
30308,1.0
30309,1.0
30310,1.0
30311,1.0
30312,0.5702115066334883
30313,0.999875
30314,1.0
30315,0.9989188311688312
30316,1.0
30317,1.0
30318,0.9996
30319,0.9991714285714286
30320,1.0
30321,0.9991
30322,1.0
30323,1.0
30324,0.9998461538461538
30325,0.9990739316239317
30326,1.0
30327,1.0
30328,0.6963769795563913
30329,0.9929448646125115
30330,1.0
30331,1.0
30332,1.0
30333,1.0
30334,1.0
30335,1.0
30336,0.991172030583795
30337,1.0
30338,0.9353662376838847
30339,1.0
30340,0.983460350760351
30341,1.0
30342,0.9833401875901874
30343,1.0
30344,1.0
30345,0.9966317460317459
30346,1.0
30347,1.0
30348,0.7706026032790736
30349,1.0
30350,0.9993333333333333
30351,1.0
30352,0.9608943788237906
30353,0.9888668377374261
30354,1.0
30355,1.0
30356,1.0
30357,1.0
30358,0.9704680291930294
30359,0.995526961926962
30360,0.9924393772893773
30361,0.9926404761904762
30362,0.9994642857142858
30363,0.3916554818762253
30364,0.9989666666666667
30365,0.9736737734487736
30366,0.9478678044178047
30367,0.9941722222222221
30368,1.0
30369,1.0
30370,0.9089711631591664
30371,0.9634060273060272
30372,0.9947112002376707
30373,1.0
30374,0.8003320178187828
30375,1.0
30376,0.7889049033955383
30377,1.0
30378,0.28074271284271285
30379,0.9992666666666666
30380,1.0
30381,0.9996
30382,1.0
30383,0.9985392857142857
30384,0.9968631419234361
30385,0.9984717948717949
30386,1.0
30387,0.9311138325726559
30388,1.0
30389,0.9581106846627746
30390,1.0
30391,1.0
30392,0.9998888888888889
30393,1.0
30394,0.584406313947491
30395,0.993080747030747
30396,1.0
30397,0.9940746785893845
30398,0.9520839726063411
30399,1.0
30400,0.13603616791705028
30401,0.9961619047619048
30402,1.0
30403,1.0
30404,1.0
30405,0.991257743563626
30406,1.0
30407,0.796613082127711
30408,1.0
30409,1.0
30410,0.9964717532467533
30411,1.0
30412,0.9620845448411239
30413,0.9997142857142857
30414,1.0
30415,1.0
30416,1.0
30417,0.9795056471306469
30418,1.0
30419,0.9973656343656344
30420,1.0
30421,1.0
30422,0.9982045454545455
30423,0.9985545454545455
30424,1.0
30425,1.0
30426,0.9931540276716748
30427,1.0
30428,0.9997999999999999
30429,1.0
30430,1.0
30431,0.9678814652667591
30432,1.0
30433,0.9825012404262407
30434,0.99975
30435,0.39686763177483
30436,0.9296135975135973
30437,1.0
30438,0.99925
30439,1.0
30440,1.0
30441,0.9954101731601732
30442,0.34179934815786184
30443,0.9991846153846153
30444,0.9861931512931512
30445,1.0
30446,1.0
30447,1.0
30448,1.0
30449,1.0
30450,1.0
30451,1.0
30452,0.9048081799779166
30453,1.0
30454,0.7634478909978911
30455,0.9935305194805195
30456,0.5694001902809953
30457,0.9985002220002223
30458,0.9994848484848486
30459,1.0
30460,0.9895250915750918
30461,1.0
30462,1.0
30463,1.0
30464,1.0
30465,1.0
30466,1.0
30467,0.9988717948717949
30468,0.9997999999999999
30469,1.0
30470,0.9958481028775147
30471,1.0
30472,0.8462095037315622
30473,0.9996
30474,1.0
30475,0.9994166666666667
30476,0.9998333333333332
30477,1.0
30478,1.0
30479,1.0
30480,1.0
30481,1.0
30482,1.0
30483,1.0
30484,1.0
30485,1.0
30486,0.9985396825396825
30487,1.0
30488,1.0
30489,0.855756898528029
30490,1.0
30491,1.0
30492,0.33173213975566923
30493,0.9954259740259742
30494,1.0
30495,1.0
30496,1.0
30497,0.3206005793827774
30498,1.0
30499,0.9934341269841269
30500,0.9988928571428571
30501,1.0
30502,1.0
30503,1.0
30504,1.0
30505,1.0
30506,1.0
30507,0.917338408813409
30508,1.0
30509,1.0
30510,1.0
30511,0.9976046176046176
30512,1.0
30513,1.0
30514,0.8977129483261839
30515,0.9996
30516,1.0
30517,0.9959285714285715
30518,1.0
30519,0.7895841441810011
30520,0.9928984126984124
30521,1.0
30522,1.0
30523,0.9552676906426907
30524,1.0
30525,0.8014575602931643
30526,0.8697606598509849
30527,0.99875
30528,1.0
30529,1.0
30530,1.0
30531,1.0
30532,0.9968253968253967
30533,0.53256781272563
30534,1.0
30535,1.0
30536,1.0
30537,0.9532834665334671
30538,1.0
30539,0.9993333333333334
30540,0.9986428571428573
30541,1.0
30542,1.0
30543,0.9672782162282165
30544,1.0
30545,1.0
30546,1.0
30547,0.6651574931604346
30548,1.0
30549,0.9997142857142857
30550,1.0
30551,0.9992990196078431
30552,1.0
30553,1.0
30554,1.0
30555,1.0
30556,1.0
30557,0.9967047619047618
30558,1.0
30559,1.0
30560,0.5172520456667516
30561,0.8589434516463927
30562,0.9898797313797312
30563,0.9998181818181818
30564,1.0
30565,0.9775809135309136
30566,1.0
30567,0.9413934196522432
30568,1.0
30569,1.0
30570,1.0
30571,1.0
30572,1.0
30573,0.992946264846265
30574,1.0
30575,1.0
30576,1.0
30577,0.1430686275626679
30578,0.9997142857142858
30579,0.9970225885225885
30580,0.9953255326372973
30581,1.0
30582,1.0
30583,0.9995
30584,1.0
30585,1.0
30586,0.9935668248418249
30587,1.0
30588,1.0
30589,0.9985860805860806
30590,1.0
30591,1.0
30592,1.0
30593,0.6834638266016743
30594,0.905707201570359
30595,1.0
30596,1.0
30597,0.9530054174583588
30598,0.9991619047619047
30599,1.0
30600,1.0
30601,1.0
30602,0.9802283396342218
30603,1.0
30604,1.0
30605,1.0
30606,1.0
30607,1.0
30608,1.0
30609,1.0
30610,1.0
30611,1.0
30612,1.0
30613,0.9983982683982684
30614,1.0
30615,1.0
30616,0.9997142857142857
30617,1.0
30618,0.9996666666666667
30619,1.0
30620,0.9993333333333334
30621,0.9968888888888889
30622,1.0
30623,0.9716674573792219
30624,1.0
30625,0.986730957930958
30626,0.7630286610448375
30627,0.7985385188341071
30628,1.0
30629,1.0
30630,1.0
30631,1.0
30632,1.0
30633,0.970823532023532
30634,1.0
30635,0.9993333333333334
30636,1.0
30637,1.0
30638,1.0
30639,0.9957461316461318
30640,1.0
30641,1.0
30642,1.0
30643,0.9992111111111113
30644,0.9844419580419582
30645,0.9975607503607505
30646,1.0
30647,0.6297722236741585
30648,0.9985777777777778
30649,0.9996666666666666
30650,0.6093315380697727
30651,0.9984444444444445
30652,1.0
30653,0.9959478632478631
30654,0.9985
30655,0.99975
30656,1.0
30657,1.0
30658,1.0
30659,0.9963115609536662
30660,1.0
30661,1.0
30662,0.9527477757536583
30663,0.962874855699856
30664,1.0
30665,0.35109228855080266
30666,0.9990940170940171
30667,1.0
30668,0.496734995324294
30669,0.9996
30670,1.0
30671,0.9977420634920636
30672,1.0
30673,1.0
30674,0.9967027167277168
30675,1.0
30676,1.0
30677,0.999371794871795
30678,1.0
30679,1.0
30680,0.9739614441114438
30681,1.0
30682,0.9996666666666667
30683,1.0
30684,0.9983347763347763
30685,1.0
30686,0.9983111111111111
30687,1.0
30688,0.8895464933243571
30689,1.0
30690,1.0
30691,1.0
30692,1.0
30693,1.0
30694,1.0
30695,1.0
30696,1.0
30697,1.0
30698,0.9945150793650793
30699,0.9988333333333334
30700,0.9977007215007215
30701,1.0
30702,1.0
30703,0.8643217586335237
30704,0.9942742979242978
30705,0.9992000000000001
30706,1.0
30707,0.9891000055500055
30708,1.0
30709,0.9977142857142858
30710,0.7930582317063735
30711,0.363791452991453
30712,0.9973560331825038
30713,0.9795686646686652
30714,0.878446481270707
30715,0.9985384615384616
30716,0.995234632034632
30717,1.0
30718,0.9766585404791287
30719,0.9993333333333334
30720,1.0
30721,0.9683046975899916
30722,0.8834711275652457
30723,0.6918321991733761
30724,0.9996923076923078
30725,0.99797113997114
30726,1.0
30727,1.0
30728,0.9913428583112794
30729,0.9991666666666666
30730,0.9901050643800644
30731,0.9991626984126983
30732,1.0
30733,1.0
30734,1.0
30735,0.9981923076923077
30736,0.37782180092868933
30737,1.0
30738,1.0
30739,1.0
30740,1.0
30741,1.0
30742,0.9981560606060605
30743,1.0
30744,1.0
30745,0.9990909090909091
30746,0.9997142857142858
30747,1.0
30748,0.9996923076923078
30749,1.0
30750,1.0
30751,0.9991428571428571
30752,1.0
30753,1.0
30754,0.9996666666666667
30755,1.0
30756,0.9928785459638401
30757,1.0
30758,0.9861732961482961
30759,0.7898525491631658
30760,0.9775158119658116
30761,0.6402631533499186
30762,0.9997333333333334
30763,0.9916300865800866
30764,1.0
30765,0.7353358452606911
30766,1.0
30767,1.0
30768,1.0
30769,1.0
30770,1.0
30771,0.9482226606726607
30772,0.9995384615384616
30773,1.0
30774,0.9848641414141412
30775,1.0
30776,0.9724383589922292
30777,0.9976239316239316
30778,1.0
30779,1.0
30780,1.0
30781,1.0
30782,1.0
30783,1.0
30784,0.9985490196078431
30785,0.9997142857142858
30786,0.9990959595959596
30787,0.99975
30788,1.0
30789,1.0
30790,1.0
30791,0.995955296990591
30792,1.0
30793,0.9997142857142858
30794,1.0
30795,1.0
30796,0.8771790207470548
30797,0.22045536783477976
30798,1.0
30799,1.0
30800,1.0
30801,0.9871656516685929
30802,0.9931272061272064
30803,1.0
30804,1.0
30805,0.9756452158952162
30806,0.998984126984127
30807,0.9913749694749692
30808,1.0
30809,1.0
30810,1.0
30811,0.8421912193327825
30812,0.7830661346823115
30813,0.990209695859696
30814,1.0
30815,1.0
30816,1.0
30817,0.14302863145626316
30818,1.0
30819,1.0
30820,1.0
30821,1.0
30822,0.6288064672771333
30823,1.0
30824,1.0
30825,0.9155116455869557
30826,0.9988333333333334
30827,1.0
30828,0.7512385561720705
30829,1.0
30830,1.0
30831,0.9984444444444445
30832,0.9954104895104896
30833,1.0
30834,1.0
30835,0.6379075884899419
30836,1.0
30837,1.0
30838,1.0
30839,0.9954389027639029
30840,1.0
30841,0.99925
30842,0.979280425130425
30843,1.0
30844,1.0
30845,1.0
30846,0.9995555555555555
30847,0.9985037593984961
30848,1.0
30849,0.9981492063492063
30850,0.9994285714285714
30851,0.9984940170940171
30852,1.0
30853,0.9995
30854,1.0
30855,1.0
30856,0.9842226773226774
30857,1.0
30858,1.0
30859,0.9988888888888889
30860,0.9947679653679653
30861,1.0
30862,1.0
30863,0.9991031746031747
30864,0.9990555555555556
30865,0.1958578064436424
30866,1.0
30867,1.0
30868,1.0
30869,1.0
30870,1.0
30871,0.9992532967032968
30872,0.7970081902875247
30873,1.0
30874,1.0
30875,1.0
30876,1.0
30877,1.0
30878,1.0
30879,1.0
30880,0.9986309523809523
30881,0.9991666666666666
30882,0.99975
30883,1.0
30884,1.0
30885,1.0
30886,1.0
30887,1.0
30888,0.9977689144189145
30889,0.9928110023962966
30890,0.9633252786429255
30891,0.9252742368742367
30892,0.996858166833167
30893,0.9700226662226661
30894,1.0
30895,0.9983627450980391
30896,1.0
30897,0.8723094958962611
30898,0.9946598162071848
30899,1.0
30900,0.9985555555555555
30901,1.0
30902,0.9567243651085757
30903,0.7541232283110766
30904,1.0
30905,1.0
30906,1.0
30907,0.5824049497028599
30908,1.0
30909,0.8015860146561381
30910,1.0
30911,0.985528293928294
30912,0.9936763486513488
30913,1.0
30914,1.0
30915,1.0
30916,0.9828706349206351
30917,0.9992142857142856
30918,0.9991208791208791
30919,1.0
30920,1.0
30921,0.152899287305402
30922,0.9994642857142858
30923,1.0
30924,0.9806423354423354
30925,1.0
30926,0.44465459629809473
30927,0.9948426406926406
30928,0.8926189046247869
30929,1.0
30930,0.21683273461144978
30931,0.9951489177489178
30932,0.24759309777769525
30933,0.99975
30934,0.9966444444444447
30935,0.7617423623418205
30936,0.9976227272727273
30937,0.9998333333333334
30938,1.0
30939,0.8013501661736961
30940,0.9996666666666666
30941,0.916662576846181
30942,1.0
30943,0.9987662337662337
30944,0.9035127148994794
30945,1.0
30946,0.8569850882777352
30947,1.0
30948,0.9365641053391053
30949,1.0
30950,1.0
30951,0.9993333333333334
30952,0.9992142857142856
30953,0.9639761460761461
30954,1.0
30955,0.954281273791568
30956,1.0
30957,0.5852155927491841
30958,1.0
30959,1.0
30960,1.0
30961,1.0
30962,0.9771291061879297
30963,0.9306741982303904
30964,0.9996
30965,1.0
30966,1.0
30967,0.997552602952603
30968,1.0
30969,0.992415800865801
30970,0.9980449220713926
30971,1.0
30972,0.8458856672910852
30973,1.0
30974,1.0
30975,1.0
30976,1.0
30977,0.9981595737595738
30978,1.0
30979,1.0
30980,0.9993500000000001
30981,0.996258585858586
30982,0.9995
30983,0.9996
30984,0.6987588523304468
30985,1.0
30986,1.0
30987,0.9985252525252526
30988,0.9991666666666666
30989,1.0
30990,1.0
30991,1.0
30992,1.0
30993,1.0
30994,1.0
30995,1.0
30996,0.9996
30997,1.0
30998,1.0
30999,1.0
31000,1.0
31001,1.0
31002,1.0
31003,0.8532669227830995
31004,0.38190385557854606
31005,0.9715628373260725
31006,0.9982503968253968
31007,1.0
31008,1.0
31009,1.0
31010,1.0
31011,0.6346143897640032
31012,0.9996666666666666
31013,1.0
31014,1.0
31015,1.0
31016,1.0
31017,0.9982823529411764
31018,0.9443858863358864
31019,0.9988928571428571
31020,0.97502331002331
31021,0.9991470588235294
31022,0.9981515151515151
31023,1.0
31024,0.9957781746031745
31025,1.0
31026,1.0
31027,1.0
31028,0.639264629007044
31029,1.0
31030,0.9917751665001664
31031,1.0
31032,0.9941354978354977
31033,1.0
31034,1.0
31035,1.0
31036,1.0
31037,1.0
31038,0.41757130949545795
31039,0.9941394050394052
31040,0.8309290551897368
31041,1.0
31042,1.0
31043,0.16598840958662955
31044,0.7871309620118442
31045,0.843159968368406
31046,1.0
31047,0.8771927693737294
31048,0.34568706322057735
31049,0.9946943722943723
31050,0.9994285714285714
31051,1.0
31052,0.9320179931179929
31053,0.8756914365046722
31054,0.9905064796314795
31055,0.9642702184726178
31056,0.9978257575757575
31057,0.9850833333333333
31058,1.0
31059,0.8478079534328762
31060,0.9997142857142858
31061,0.9992478632478633
31062,0.9847847402597405
31063,0.9937629204129204
31064,1.0
31065,1.0
31066,0.9415163330133921
31067,0.988965628815629
31068,1.0
31069,1.0
31070,1.0
31071,1.0
31072,0.8487244809456111
31073,0.9997999999999999
31074,1.0
31075,0.9994166666666666
31076,1.0
31077,0.848530436849013
31078,1.0
31079,1.0
31080,0.9997999999999999
31081,0.9562167055167053
31082,0.9080010989010991
31083,1.0
31084,0.9990555555555556
31085,1.0
31086,1.0
31087,1.0
31088,1.0
31089,1.0
31090,1.0
31091,0.9991428571428571
31092,1.0
31093,1.0
31094,1.0
31095,1.0
31096,1.0
31097,0.7408528685452835
31098,0.6528863320889636
31099,0.9982309523809523
31100,1.0
31101,0.6511866535339449
31102,1.0
31103,0.9969909090909091
31104,1.0
31105,1.0
31106,1.0
31107,1.0
31108,1.0
31109,1.0
31110,0.9998333333333334
31111,0.9996666666666667
31112,0.9995
31113,0.9952055833055834
31114,1.0
31115,1.0
31116,0.9997142857142857
31117,0.8412289105545293
31118,1.0
31119,1.0
31120,1.0
31121,1.0
31122,0.99303556998557
31123,0.9569029415029414
31124,1.0
31125,0.99975
31126,0.7785692183633361
31127,1.0
31128,0.9984581085581086
31129,1.0
31130,0.9998333333333332
31131,1.0
31132,0.9835972915972919
31133,0.9994545454545455
31134,1.0
31135,1.0
31136,1.0
31137,1.0
31138,0.9986
31139,0.9864266530854768
31140,0.5684123051011603
31141,1.0
31142,1.0
31143,0.9987731092436974
31144,1.0
31145,0.9981666666666669
31146,1.0
31147,0.9447118085824474
31148,0.9987992530345471
31149,1.0
31150,0.8995372237411708
31151,1.0
31152,0.21366916971916974
31153,1.0
31154,1.0
31155,0.9438508301639881
31156,0.9973012820512821
31157,0.9991428571428571
31158,1.0
31159,1.0
31160,1.0
31161,0.9982166666666665
31162,1.0
31163,1.0
31164,0.9916496392496391
31165,0.9761828948828952
31166,1.0
31167,1.0
31168,1.0
31169,1.0
31170,0.9531514326402872
31171,0.9956730158730158
31172,1.0
31173,1.0
31174,1.0
31175,0.9933300738477208
31176,0.9975595238095237
31177,1.0
31178,0.9998947368421052
31179,0.9823924776204187
31180,0.9674984626484626
31181,1.0
31182,1.0
31183,1.0
31184,1.0
31185,0.9855634199134198
31186,0.9965777777777778
31187,1.0
31188,0.9608481355246062
31189,0.9600103507603508
31190,0.9998461538461538
31191,0.984269918969919
31192,1.0
31193,0.9968483405483405
31194,1.0
31195,0.7040887255503356
31196,0.9239773915626862
31197,0.9734670385170385
31198,1.0
31199,1.0
31200,1.0
31201,0.9884789044289042
31202,1.0
31203,0.9203740169187536
31204,1.0
31205,0.9995714285714286
31206,0.9996
31207,0.4187787434787434
31208,1.0
31209,0.9996
31210,1.0
31211,1.0
31212,0.9942327533577535
31213,1.0
31214,0.9414718474336121
31215,1.0
31216,0.4798806159526745
31217,1.0
31218,0.9417217560217561
31219,1.0
31220,0.46106223695465154
31221,1.0
31222,1.0
31223,1.0
31224,0.26799088671906024
31225,1.0
31226,0.9982619047619048
31227,1.0
31228,0.8318204396910279
31229,0.9968782828282828
31230,1.0
31231,0.9984444444444445
31232,1.0
31233,1.0
31234,0.9656544032764621
31235,0.9994181818181819
31236,0.9971671717171717
31237,0.9996666666666666
31238,1.0
31239,0.9951186424686426
31240,1.0
31241,1.0
31242,1.0
31243,0.9858403318903317
31244,1.0
31245,0.9995
31246,1.0
31247,1.0
31248,1.0
31249,1.0
31250,0.9450998547204427
31251,1.0
31252,1.0
31253,1.0
31254,0.9997142857142858
31255,0.9992000000000001
31256,1.0
31257,1.0
31258,0.9995555555555555
31259,0.9886657398157398
31260,0.9973333333333334
31261,1.0
31262,1.0
31263,1.0
31264,1.0
31265,1.0
31266,1.0
31267,1.0
31268,0.9996
31269,0.9983286213786214
31270,0.9957111111111112
31271,0.9956919913419914
31272,1.0
31273,1.0
31274,1.0
31275,1.0
31276,1.0
31277,0.9271340270840274
31278,1.0
31279,1.0
31280,0.9997142857142858
31281,1.0
31282,0.9119107281607286
31283,1.0
31284,1.0
31285,0.892596599324308
31286,1.0
31287,1.0
31288,0.9994166666666667
31289,0.9772649017649019
31290,0.998294017094017
31291,1.0
31292,0.9996
31293,1.0
31294,0.9995
31295,1.0
31296,1.0
31297,0.9993506493506493
31298,0.9865043734043736
31299,1.0
31300,1.0
31301,1.0
31302,1.0
31303,0.9976556776556776
31304,0.9809548229548231
31305,1.0
31306,1.0
31307,0.5414917374249416
31308,0.992506782106782
31309,1.0
31310,1.0
31311,0.9948323953823954
31312,1.0
31313,1.0
31314,1.0
31315,0.6317166482726071
31316,1.0
31317,1.0
31318,0.9981460784313726
31319,0.9705902030717821
31320,0.9924412698412698
31321,0.8638640350705371
31322,1.0
31323,1.0
31324,0.989157756132756
31325,1.0
31326,0.9987606837606837
31327,1.0
31328,0.9995142857142856
31329,0.987531562881563
31330,0.9751012598512595
31331,0.52138206082703
31332,0.9996
31333,1.0
31334,1.0
31335,1.0
31336,0.9996
31337,1.0
31338,0.9613825840825841
31339,0.6904706269220979
31340,1.0
31341,1.0
31342,0.912727838827839
31343,1.0
31344,1.0
31345,1.0
31346,1.0
31347,1.0
31348,1.0
31349,1.0
31350,0.9996666666666667
31351,0.9971292929292929
31352,0.9992051282051282
31353,1.0
31354,1.0
31355,1.0
31356,1.0
31357,1.0
31358,1.0
31359,1.0
31360,1.0
31361,1.0
31362,0.9975940170940171
31363,1.0
31364,1.0
31365,0.9902409590409589
31366,1.0
31367,0.7452344497521747
31368,1.0
31369,1.0
31370,1.0
31371,0.9692592490842492
31372,1.0
31373,1.0
31374,0.9987992530345471
31375,1.0
31376,1.0
31377,0.9997142857142858
31378,1.0
31379,0.9994285714285714
31380,0.9217427240372289
31381,1.0
31382,1.0
31383,0.9945619047619046
31384,0.612839435521479
31385,0.9976861471861472
31386,1.0
31387,0.5451059742373208
31388,1.0
31389,1.0
31390,1.0
31391,0.9992658008658009
31392,1.0
31393,1.0
31394,1.0
31395,1.0
31396,0.9876397824397825
31397,0.9770816822066822
31398,1.0
31399,0.9916665266106441
31400,1.0
31401,0.9984444444444444
31402,0.966442574092574
31403,0.9998181818181817
31404,1.0
31405,1.0
31406,1.0
31407,1.0
31408,0.9898304345980817
31409,1.0
31410,1.0
31411,0.9990489510489512
31412,1.0
31413,1.0
31414,0.7346944250881559
31415,1.0
31416,0.999
31417,0.9962984126984127
31418,0.9996666666666667
31419,1.0
31420,1.0
31421,1.0
31422,1.0
31423,0.9986071428571429
31424,1.0
31425,1.0
31426,0.9927703157953159
31427,0.9998823529411764
31428,0.9944502801120448
31429,0.9958966810966812
31430,1.0
31431,1.0
31432,1.0
31433,1.0
31434,0.998782905982906
31435,0.8512590964590965
31436,0.7523482321599968
31437,1.0
31438,0.5889022782429136
31439,1.0
31440,0.9735353128897245
31441,1.0
31442,1.0
31443,1.0
31444,1.0
31445,1.0
31446,0.9988409090909092
31447,1.0
31448,1.0
31449,1.0
31450,1.0
31451,1.0
31452,1.0
31453,1.0
31454,1.0
31455,0.26876773602214793
31456,0.9975832611832611
31457,0.9823242616860265
31458,1.0
31459,1.0
31460,0.9840918858918859
31461,1.0
31462,0.9929037338478515
31463,1.0
31464,0.16724876079372994
31465,1.0
31466,1.0
31467,1.0
31468,0.9974045454545454
31469,0.9985961538461539
31470,1.0
31471,1.0
31472,0.878042170084817
31473,1.0
31474,1.0
31475,1.0
31476,1.0
31477,1.0
31478,0.9997142857142857
31479,1.0
31480,1.0
31481,0.9747138361638362
31482,1.0
31483,1.0
31484,1.0
31485,0.997475
31486,0.9983777777777778
31487,0.883198525167643
31488,1.0
31489,1.0
31490,0.9988571428571429
31491,1.0
31492,1.0
31493,1.0
31494,0.9934273781773783
31495,1.0
31496,0.997798901098901
31497,0.994918043068043
31498,0.9756928463693172
31499,1.0
31500,1.0
31501,1.0
31502,0.9952016372516371
31503,1.0
31504,1.0
31505,0.9994833333333334
31506,0.9993475935828877
31507,0.9477944300539501
31508,0.9992280701754386
31509,1.0
31510,0.8293689746527979
31511,1.0
31512,1.0
31513,1.0
31514,0.9170417167799522
31515,1.0
31516,1.0
31517,1.0
31518,0.9699334511893334
31519,0.9783479076479075
31520,0.9810179986679988
31521,0.9960082123758595
31522,0.9912538517038517
31523,0.5946004266974853
31524,1.0
31525,1.0
31526,0.9713662504162507
31527,0.9985142857142856
31528,1.0
31529,1.0
31530,0.9877349483849486
31531,1.0
31532,1.0
31533,1.0
31534,0.9712046057313861
31535,1.0
31536,1.0
31537,1.0
31538,0.9934246031746032
31539,0.9910962797436483
31540,1.0
31541,1.0
31542,0.9978333333333333
31543,0.960338851983481
31544,0.9982820512820513
31545,0.9991428571428571
31546,1.0
31547,0.5692284241987803
31548,0.8651815240315237
31549,1.0
31550,1.0
31551,1.0
31552,1.0
31553,1.0
31554,1.0
31555,0.9945171495171494
31556,1.0
31557,1.0
31558,1.0
31559,1.0
31560,0.946531374181375
31561,0.9361487678987677
31562,1.0
31563,1.0
31564,0.9996666666666667
31565,1.0
31566,1.0
31567,1.0
31568,0.9905632867132868
31569,1.0
31570,1.0
31571,0.99855
31572,0.9348764720573546
31573,1.0
31574,0.989003728624317
31575,1.0
31576,0.9673819357113479
31577,0.9899332972582972
31578,0.9994285714285714
31579,0.9670064213564215
31580,0.9993333333333334
31581,1.0
31582,1.0
31583,0.9977698412698413
31584,1.0
31585,1.0
31586,1.0
31587,1.0
31588,0.988203404928405
31589,0.9998333333333334
31590,0.998218686868687
31591,1.0
31592,1.0
31593,1.0
31594,0.9995555555555555
31595,0.5520366467553774
31596,1.0
31597,1.0
31598,1.0
31599,0.634520414097427
31600,1.0
31601,1.0
31602,1.0
31603,1.0
31604,0.9986666666666666
31605,0.9638477633477633
31606,0.8550790313487681
31607,1.0
31608,1.0
31609,1.0
31610,0.9995
31611,1.0
31612,1.0
31613,1.0
31614,0.9777277333777332
31615,1.0
31616,0.20824369960105263
31617,0.35815426599544214
31618,1.0
31619,0.9987619047619049
31620,1.0
31621,1.0
31622,1.0
31623,0.9986833333333334
31624,0.999547619047619
31625,0.9984444444444445
31626,1.0
31627,1.0
31628,1.0
31629,0.97925920305185
31630,0.9969326007326007
31631,0.9995384615384616
31632,1.0
31633,1.0
31634,1.0
31635,1.0
31636,1.0
31637,1.0
31638,1.0
31639,1.0
31640,0.30187460317460324
31641,1.0
31642,0.9995961538461539
31643,0.9977142857142857
31644,0.9997999999999999
31645,0.9684184620934624
31646,1.0
31647,1.0
31648,1.0
31649,0.9530926129426128
31650,1.0
31651,0.9994363636363637
31652,1.0
31653,1.0
31654,0.355100520572068
31655,1.0
31656,1.0
31657,0.9115549865597082
31658,1.0
31659,1.0
31660,0.998045238095238
31661,1.0
31662,1.0
31663,0.5642867025217643
31664,1.0
31665,1.0
31666,0.99975
31667,1.0
31668,1.0
31669,1.0
31670,1.0
31671,1.0
31672,1.0
31673,1.0
31674,1.0
31675,1.0
31676,0.9994181818181819
31677,0.992029032079032
31678,1.0
31679,1.0
31680,0.9996
31681,0.6844844511250706
31682,1.0
31683,0.18100727107429893
31684,0.9989333333333333
31685,0.8201204745890505
31686,0.9682676622397209
31687,0.9954770618270617
31688,1.0
31689,0.5815470663323603
31690,1.0
31691,1.0
31692,0.8765815722203493
31693,0.17558869067808705
31694,0.9960800144300144
31695,1.0
31696,1.0
31697,1.0
31698,1.0
31699,1.0
31700,0.9995
31701,0.9902861027861026
31702,1.0
31703,0.9932076312576312
31704,0.6610772345301751
31705,0.05614873459873461
31706,1.0
31707,1.0
31708,1.0
31709,0.9956336996336997
31710,1.0
31711,0.994361904761905
31712,1.0
31713,0.9996666666666666
31714,1.0
31715,0.9183023282273279
31716,1.0
31717,0.9982606837606839
31718,1.0
31719,1.0
31720,0.9985
31721,0.9870365356865355
31722,0.9960835775335775
31723,0.9412992499330733
31724,1.0
31725,1.0
31726,0.99074903984904
31727,1.0
31728,0.7586292565106036
31729,0.9936220444588092
31730,1.0
31731,1.0
31732,0.057228579341195414
31733,1.0
31734,1.0
31735,0.9993142857142857
31736,1.0
31737,0.9512984404484403
31738,1.0
31739,1.0
31740,1.0
31741,1.0
31742,1.0
31743,1.0
31744,1.0
31745,0.9983333333333334
31746,1.0
31747,0.87565531968032
31748,1.0
31749,0.9987777777777779
31750,1.0
31751,1.0
31752,1.0
31753,0.9238563145746584
31754,1.0
31755,0.9957003607503607
31756,1.0
31757,0.8906832471450115
31758,0.4598763213824362
31759,1.0
31760,1.0
31761,1.0
31762,0.6873356567065547
31763,1.0
31764,1.0
31765,0.9996363636363637
31766,0.8574291672208083
31767,1.0
31768,0.99975
31769,1.0
31770,1.0
31771,1.0
31772,1.0
31773,1.0
31774,0.682697209163385
31775,1.0
31776,0.9970531746031747
31777,1.0
31778,1.0
31779,1.0
31780,1.0
31781,0.9994
31782,1.0
31783,1.0
31784,0.9977454545454546
31785,1.0
31786,1.0
31787,1.0
31788,1.0
31789,1.0
31790,0.9996
31791,0.9897452269952269
31792,0.7613818882098291
31793,0.99975
31794,0.3730767343767343
31795,1.0
31796,0.9980920634920635
31797,0.8856375775334875
31798,1.0
31799,1.0
31800,1.0
31801,1.0
31802,1.0
31803,0.9954092463092464
31804,1.0
31805,0.6472209277650459
31806,0.9976904040404043
31807,0.9752556575777165
31808,0.9997142857142857
31809,1.0
31810,0.9985499999999999
31811,0.30710634920634927
31812,0.9990833333333332
31813,1.0
31814,0.9828247363747367
31815,0.9952669098874982
31816,0.9951774392274392
31817,0.9986666666666667
31818,1.0
31819,1.0
31820,0.9974038667215137
31821,1.0
31822,0.984025623885918
31823,1.0
31824,1.0
31825,0.99025854978355
31826,0.9842399822399822
31827,0.4194868753795225
31828,0.9956404761904764
31829,1.0
31830,1.0
31831,1.0
31832,0.9951958985458986
31833,1.0
31834,0.9955084249084251
31835,0.9982785714285712
31836,1.0
31837,0.9985273504273505
31838,0.9995
31839,1.0
31840,0.9858787351537349
31841,1.0
31842,0.9209420472544314
31843,0.9031964816229522
31844,0.9052216038347617
31845,1.0
31846,1.0
31847,1.0
31848,0.9866385697635698
31849,1.0
31850,0.9998333333333334
31851,1.0
31852,0.999875
31853,1.0
31854,1.0
31855,0.9996
31856,0.6025930984650022
31857,1.0
31858,0.9997777777777779
31859,1.0
31860,1.0
31861,0.9880037518037517
31862,1.0
31863,1.0
31864,1.0
31865,1.0
31866,1.0
31867,0.9908238531935901
31868,0.9995794871794872
31869,1.0
31870,0.9995555555555555
31871,0.921133927656451
31872,1.0
31873,0.6637869325119323
31874,0.5008237903823042
31875,1.0
31876,1.0
31877,1.0
31878,1.0
31879,0.953796864246864
31880,1.0
31881,1.0
31882,1.0
31883,0.9473050722153661
31884,0.9995555555555555
31885,1.0
31886,0.9960680708180708
31887,0.751288222250746
31888,0.9369035547785554
31889,0.9944139249639251
31890,1.0
31891,0.9997999999999999
31892,1.0
31893,1.0
31894,0.9674977633477635
31895,0.9998333333333334
31896,1.0
31897,0.9948079365079364
31898,0.9724466505716506
31899,1.0
31900,1.0
31901,1.0
31902,1.0
31903,1.0
31904,0.29019430504136395
31905,0.7393560273318011
31906,1.0
31907,1.0
31908,1.0
31909,0.9998333333333334
31910,1.0
31911,0.7311855681212494
31912,0.9959195665445665
31913,1.0
31914,0.9831954989454991
31915,1.0
31916,1.0
31917,0.8763563066878078
31918,0.9921150793650794
31919,0.1579303976639116
31920,1.0
31921,0.9433273559773556
31922,1.0
31923,0.9880639554889554
31924,1.0
31925,1.0
31926,1.0
31927,0.9857885919635919
31928,1.0
31929,0.9885625874125875
31930,1.0
31931,0.9768251609501609
31932,0.9961102564102565
31933,1.0
31934,0.993326479076479
31935,1.0
31936,1.0
31937,0.974558533133533
31938,0.43328561348352385
31939,1.0
31940,1.0
31941,1.0
31942,1.0
31943,0.868331217346465
31944,1.0
31945,0.8906340071693012
31946,1.0
31947,1.0
31948,1.0
31949,1.0
31950,1.0
31951,1.0
31952,1.0
31953,0.8845028585793293
31954,0.9998181818181818
31955,1.0
31956,0.9985936285936287
31957,1.0
31958,0.9981538461538462
31959,0.9983333333333334
31960,1.0
31961,0.9993604395604395
31962,0.9904921793119158
31963,1.0
31964,1.0
31965,1.0
31966,0.7524427449743234
31967,0.9983841269841269
31968,0.9916230158730159
31969,0.9985
31970,0.9978162083015023
31971,1.0
31972,1.0
31973,0.9803108502608504
31974,1.0
31975,0.32286597014097035
31976,0.9973650793650793
31977,1.0
31978,0.9357838672163751
31979,0.9987985347985346
31980,1.0
31981,0.560503486176706
31982,0.4070219468955536
31983,0.9996666666666667
31984,1.0
31985,1.0
31986,1.0
31987,0.011958141858141858
31988,1.0
31989,0.7235474491624642
31990,1.0
31991,1.0
31992,1.0
31993,1.0
31994,0.991117982017982
31995,1.0
31996,1.0
31997,0.37591493815781757
31998,1.0
31999,1.0
32000,1.0
32001,1.0
32002,0.9956515151515153
32003,0.9141834826594113
32004,1.0
32005,1.0
32006,1.0
32007,0.9986573426573426
32008,0.99805
32009,0.9998181818181817
32010,1.0
32011,0.9928548193636428
32012,0.9807608669108667
32013,0.9972756410256411
32014,1.0
32015,1.0
32016,0.997969696969697
32017,0.9630000280764985
32018,1.0
32019,0.9993333333333334
32020,0.8858609659947897
32021,1.0
32022,0.9920491702741703
32023,1.0
32024,1.0
32025,0.4796276524902688
32026,1.0
32027,0.9983467532467534
32028,1.0
32029,0.9817066627816624
32030,1.0
32031,1.0
32032,1.0
32033,1.0
32034,0.6474642633510279
32035,1.0
32036,1.0
32037,1.0
32038,0.9942429070929071
32039,0.6882599771143888
32040,1.0
32041,1.0
32042,0.9977984126984126
32043,0.9954460012210014
32044,0.9998461538461538
32045,0.3089058622749799
32046,1.0
32047,0.5319978990565677
32048,1.0
32049,1.0
32050,1.0
32051,1.0
32052,1.0
32053,1.0
32054,1.0
32055,0.9989563492063492
32056,0.9833435786435784
32057,1.0
32058,0.9760708846708847
32059,0.8234026106246689
32060,1.0
32061,1.0
32062,1.0
32063,1.0
32064,1.0
32065,1.0
32066,1.0
32067,1.0
32068,1.0
32069,0.9986984126984125
32070,1.0
32071,1.0
32072,1.0
32073,0.9985920634920635
32074,0.9041865417434307
32075,0.9981932773109243
32076,1.0
32077,1.0
32078,1.0
32079,0.9996
32080,1.0
32081,0.8655870368193898
32082,1.0
32083,1.0
32084,0.9406523840538547
32085,1.0
32086,1.0
32087,1.0
32088,1.0
32089,1.0
32090,0.9997142857142857
32091,0.15130382196922446
32092,0.9996
32093,0.8803553132539972
32094,0.9983787878787879
32095,1.0
32096,0.9973626984126984
32097,0.9991142857142856
32098,1.0
32099,0.9833357642357643
32100,0.9995277777777778
32101,1.0
32102,1.0
32103,0.9987142857142857
32104,1.0
32105,1.0
32106,0.9962172161172161
32107,1.0
32108,0.9841087384837387
32109,1.0
32110,0.8089492776831018
32111,0.9941830447330448
32112,1.0
32113,1.0
32114,0.9995
32115,1.0
32116,1.0
32117,0.8891097363163146
32118,1.0
32119,0.9799548768225239
32120,1.0
32121,1.0
32122,1.0
32123,0.9191353120735473
32124,0.9994285714285714
32125,0.9996
32126,1.0
32127,1.0
32128,1.0
32129,0.9970000000000001
32130,1.0
32131,1.0
32132,0.970213729081376
32133,1.0
32134,0.9993137254901961
32135,0.22155410123931815
32136,0.9940562326562327
32137,1.0
32138,1.0
32139,0.9941601731601731
32140,0.9971539682539682
32141,0.9377486346986347
32142,0.9985333333333333
32143,0.9972960372960372
32144,0.9714813646879441
32145,0.9992777777777779
32146,1.0
32147,0.9947459373959375
32148,0.7184628516220622
32149,0.9996794871794872
32150,1.0
32151,0.9980998060762768
32152,0.9998571428571429
32153,0.9851400072150075
32154,1.0
32155,0.9996
32156,1.0
32157,0.983421658896659
32158,0.9986824675324676
32159,0.6201527918074358
32160,1.0
32161,1.0
32162,0.9993809523809523
32163,0.4912314677152917
32164,1.0
32165,0.9993475935828877
32166,0.9442296806564606
32167,1.0
32168,1.0
32169,0.9994423076923077
32170,1.0
32171,0.14070401314371905
32172,1.0
32173,1.0
32174,0.9989181818181819
32175,1.0
32176,0.9987333333333334
32177,1.0
32178,0.9974735930735931
32179,1.0
32180,0.9898153679653678
32181,0.9993333333333334
32182,0.9996363636363637
32183,1.0
32184,1.0
32185,1.0
32186,1.0
32187,1.0
32188,1.0
32189,0.9987142857142857
32190,0.9912586580086579
32191,1.0
32192,0.9996666666666666
32193,0.9997777777777779
32194,1.0
32195,1.0
32196,1.0
32197,1.0
32198,0.9995384615384616
32199,1.0
32200,1.0
32201,1.0
32202,0.9987999999999999
32203,0.9996
32204,0.10368533688533688
32205,1.0
32206,0.9997142857142858
32207,1.0
32208,0.11661539099302264
32209,0.7730878236658423
32210,1.0
32211,1.0
32212,0.7830480792771038
32213,0.3896205092808804
32214,0.9998333333333334
32215,1.0
32216,0.7991784890633965
32217,0.4467895697353902
32218,0.9940561743811744
32219,1.0
32220,1.0
32221,0.9955189033189035
32222,1.0
32223,0.5619906235147717
32224,1.0
32225,1.0
32226,1.0
32227,0.994401443001443
32228,1.0
32229,1.0
32230,1.0
32231,1.0
32232,0.963360966810967
32233,1.0
32234,0.9978383838383839
32235,1.0
32236,1.0
32237,1.0
32238,1.0
32239,1.0
32240,1.0
32241,1.0
32242,0.9964603174603175
32243,1.0
32244,1.0
32245,1.0
32246,0.9662328441166673
32247,1.0
32248,0.9894551004551004
32249,0.9964093795093795
32250,1.0
32251,0.7729844642285816
32252,1.0
32253,1.0
32254,1.0
32255,0.9972640692640692
32256,1.0
32257,1.0
32258,0.9493200577200576
32259,0.831270456667516
32260,1.0
32261,1.0
32262,0.9960647019647021
32263,1.0
32264,0.8074016262060385
32265,1.0
32266,0.9959499448264153
32267,0.9997142857142858
32268,0.8029015845265847
32269,0.9976046176046176
32270,1.0
32271,0.6439418829278738
32272,1.0
32273,1.0
32274,0.9277725774225773
32275,0.9225118546486191
32276,1.0
32277,1.0
32278,1.0
32279,1.0
32280,1.0
32281,1.0
32282,0.9998333333333334
32283,1.0
32284,1.0
32285,1.0
32286,0.8333968710426143
32287,1.0
32288,1.0
32289,0.9193376326288093
32290,0.9843906981906978
32291,1.0
32292,0.5557686764645741
32293,0.8732442596619067
32294,0.7004774336774336
32295,1.0
32296,0.9917907842157841
32297,0.9996666666666666
32298,0.6325186429153921
32299,1.0
32300,1.0
32301,1.0
32302,0.9991
32303,0.9988809523809524
32304,1.0
32305,1.0
32306,1.0
32307,1.0
32308,1.0
32309,0.9984273504273504
32310,0.9473479527008939
32311,1.0
32312,0.9735253099841336
32313,0.999040404040404
32314,0.9892880508380508
32315,0.9752547050902314
32316,1.0
32317,0.9799691919191921
32318,1.0
32319,0.9980857142857141
32320,1.0
32321,1.0
32322,0.9983333333333334
32323,1.0
32324,1.0
32325,1.0
32326,0.7976593726620811
32327,1.0
32328,0.9997999999999999
32329,0.9978483183483184
32330,1.0
32331,0.9856812964812967
32332,1.0
32333,0.6768490754343695
32334,1.0
32335,1.0
32336,0.9934083694083694
32337,1.0
32338,1.0
32339,1.0
32340,0.9981999999999999
32341,1.0
32342,1.0
32343,1.0
32344,1.0
32345,0.9185978319925693
32346,0.9882613608613611
32347,1.0
32348,1.0
32349,0.2644949605949606
32350,1.0
32351,0.9863945276945277
32352,1.0
32353,1.0
32354,0.9883890165390166
32355,0.9968584249084249
32356,1.0
32357,1.0
32358,1.0
32359,1.0
32360,0.6855817489785753
32361,1.0
32362,1.0
32363,0.7423914565826323
32364,0.9992698412698412
32365,1.0
32366,1.0
32367,1.0
32368,0.8764467944336365
32369,1.0
32370,0.9995
32371,0.9985227272727274
32372,1.0
32373,1.0
32374,0.9875178210678209
32375,0.9185924048174047
32376,0.9879612165612165
32377,1.0
32378,1.0
32379,1.0
32380,0.9983111111111113
32381,0.985117016317016
32382,1.0
32383,1.0
32384,0.33284553959112784
32385,1.0
32386,0.8309980943205398
32387,0.9976468253968254
32388,0.8346365876813245
32389,1.0
32390,0.09378237394700244
32391,0.9984897324897325
32392,0.9966095238095237
32393,1.0
32394,1.0
32395,1.0
32396,0.8998559407912352
32397,0.9917670329670331
32398,1.0
32399,1.0
32400,0.7016216615084263
32401,0.9960586247086247
32402,1.0
32403,1.0
32404,0.9892127594627593
32405,0.9453616605616606
32406,0.999
32407,1.0
32408,1.0
32409,1.0
32410,0.9994285714285714
32411,1.0
32412,0.9989563492063492
32413,1.0
32414,1.0
32415,1.0
32416,0.9997999999999999
32417,1.0
32418,1.0
32419,1.0
32420,1.0
32421,1.0
32422,1.0
32423,1.0
32424,0.9450285187035183
32425,0.6978386025738964
32426,1.0
32427,1.0
32428,0.9875164973914976
32429,1.0
32430,1.0
32431,1.0
32432,1.0
32433,1.0
32434,0.99975
32435,0.999
32436,1.0
32437,0.9996666666666666
32438,1.0
32439,0.9994285714285714
32440,1.0
32441,0.9982089022089021
32442,0.2474793797705563
32443,1.0
32444,1.0
32445,0.9986349206349208
32446,0.9995555555555555
32447,0.6313917939903233
32448,1.0
32449,1.0
32450,1.0
32451,0.9899621045621045
32452,1.0
32453,1.0
32454,0.9886453712953713
32455,0.9975128205128205
32456,0.9988095238095238
32457,1.0
32458,0.9951333333333333
32459,0.9988357642357643
32460,0.9919443001443004
32461,0.9957878787878788
32462,1.0
32463,0.9992467532467533
32464,1.0
32465,1.0
32466,0.9986590909090909
32467,1.0
32468,0.4189941625110355
32469,1.0
32470,1.0
32471,1.0
32472,1.0
32473,0.30202191547702395
32474,0.9981409090909092
32475,0.9985606837606836
32476,0.9965102009102009
32477,1.0
32478,1.0
32479,1.0
32480,0.9971587301587301
32481,0.9991428571428571
32482,0.9997142857142857
32483,1.0
32484,1.0
32485,1.0
32486,0.30804670162998343
32487,0.8967317515817512
32488,1.0
32489,1.0
32490,0.9850126360567537
32491,1.0
32492,0.9492083943833944
32493,0.9946817460317461
32494,0.9811276667776669
32495,0.9938893557422969
32496,0.9997142857142857
32497,1.0
32498,0.9940820401820403
32499,1.0
32500,0.9987999999999999
32501,0.9555204086762914
32502,0.33135180375180373
32503,1.0
32504,1.0
32505,0.9838915889665888
32506,0.9814834776334779
32507,1.0
32508,0.4938610697781748
32509,1.0
32510,1.0
32511,1.0
32512,1.0
32513,1.0
32514,0.9989642857142857
32515,0.9688337939837943
32516,1.0
32517,0.9994285714285714
32518,0.9972896825396824
32519,0.6476081480610894
32520,0.8211289227112756
32521,1.0
32522,1.0
32523,0.9980539682539683
32524,0.9979777777777777
32525,1.0
32526,1.0
32527,0.99975
32528,1.0
32529,0.9993333333333333
32530,1.0
32531,1.0
32532,0.9908364135864135
32533,1.0
32534,1.0
32535,0.4882404130183542
32536,1.0
32537,1.0
32538,0.9780600371850372
32539,0.06775279165279165
32540,0.926884770784771
32541,1.0
32542,1.0
32543,1.0
32544,1.0
32545,1.0
32546,0.9601941222176521
32547,0.2887395031439151
32548,1.0
32549,1.0
32550,1.0
32551,1.0
32552,1.0
32553,0.7756558132193704
32554,1.0
32555,0.9821525480367587
32556,0.016211688311688312
32557,1.0
32558,0.9982896825396825
32559,1.0
32560,1.0
32561,1.0
32562,1.0
32563,0.9997142857142858
32564,0.9954166666666666
32565,1.0
32566,1.0
32567,0.9997777777777779
32568,1.0
32569,1.0
32570,1.0
32571,1.0
32572,0.9990404040404041
32573,1.0
32574,0.9752483314071547
32575,1.0
32576,0.9886769841269839
32577,0.9571907931937346
32578,0.9799712814962815
32579,0.9982467532467533
32580,0.9917129535497184
32581,1.0
32582,0.46681444547025025
32583,0.9493751589655613
32584,0.9997142857142858
32585,1.0
32586,0.9554554473304468
32587,1.0
32588,1.0
32589,0.981755932955933
32590,1.0
32591,1.0
32592,1.0
32593,0.9992000000000001
32594,1.0
32595,1.0
32596,0.99925
32597,1.0
32598,0.9987606837606837
32599,0.9640186813186816
32600,1.0
32601,1.0
32602,0.9964285714285714
32603,1.0
32604,0.9993333333333334
32605,1.0
32606,0.9082222666222666
32607,1.0
32608,0.9987606837606837
32609,1.0
32610,0.07699075646575647
32611,1.0
32612,0.9779199439449441
32613,0.9996666666666666
32614,1.0
32615,0.15539929580223694
32616,1.0
32617,1.0
32618,0.8514108617417441
32619,0.9528642091568561
32620,0.9994666666666666
32621,0.8888118939883647
32622,1.0
32623,1.0
32624,0.9991604395604395
32625,0.288123487623488
32626,0.8727653258849849
32627,1.0
32628,1.0
32629,1.0
32630,0.9995555555555555
32631,0.7067512348762348
32632,1.0
32633,0.9988166666666666
32634,0.9985961538461539
32635,0.953337121212121
32636,0.9880299145299145
32637,0.9719483816836757
32638,1.0
32639,0.9771954600954601
32640,0.9998333333333332
32641,0.9548572548366665
32642,0.9982000000000001
32643,1.0
32644,0.9965451215451215
32645,0.9996
32646,1.0
32647,1.0
32648,0.8739408596992962
32649,1.0
32650,1.0
32651,0.3580819035625538
32652,0.7897667220464427
32653,1.0
32654,1.0
32655,0.9810352397602402
32656,1.0
32657,1.0
32658,0.9202147510126611
32659,1.0
32660,0.9997999999999999
32661,1.0
32662,1.0
32663,1.0
32664,1.0
32665,0.9704335589676926
32666,0.8646639546585837
32667,1.0
32668,0.9988686868686868
32669,1.0
32670,1.0
32671,1.0
32672,0.9731186063936061
32673,1.0
32674,0.7873865597260464
32675,0.999547619047619
32676,0.9986041181041182
32677,1.0
32678,0.848316496540955
32679,0.9984273504273503
32680,1.0
32681,1.0
32682,0.9985032967032967
32683,1.0
32684,1.0
32685,1.0
32686,1.0
32687,0.4894924985231491
32688,1.0
32689,0.9988698412698414
32690,1.0
32691,0.6700272364288619
32692,1.0
32693,1.0
32694,0.997446153846154
32695,1.0
32696,1.0
32697,0.9903922688422688
32698,1.0
32699,1.0
32700,0.8010017395401299
32701,0.9993333333333333
32702,0.9991515151515151
32703,1.0
32704,1.0
32705,1.0
32706,0.9941830447330448
32707,0.9712179390870568
32708,0.9996666666666666
32709,1.0
32710,1.0
32711,1.0
32712,0.9466682219826958
32713,0.9934912698412698
32714,0.8219338674397495
32715,0.9986166666666668
32716,1.0
32717,1.0
32718,1.0
32719,1.0
32720,1.0
32721,1.0
32722,1.0
32723,0.9529131812631814
32724,1.0
32725,1.0
32726,0.9993333333333333
32727,1.0
32728,1.0
32729,1.0
32730,1.0
32731,1.0
32732,1.0
32733,1.0
32734,0.9864901875901873
32735,0.9986
32736,1.0
32737,1.0
32738,1.0
32739,1.0
32740,0.9966896825396825
32741,0.9994545454545455
32742,1.0
32743,0.9788949328449327
32744,1.0
32745,0.9802307690675335
32746,1.0
32747,1.0
32748,0.9993333333333334
32749,0.24091510711510708
32750,1.0
32751,1.0
32752,0.5645055363796848
32753,1.0
32754,0.9972333333333333
32755,0.6832765502820959
32756,0.9975089743589743
32757,1.0
32758,0.6777335310716113
32759,0.9992142857142855
32760,1.0
32761,1.0
32762,1.0
32763,0.994174558774559
32764,1.0
32765,1.0
32766,0.9997142857142858
32767,1.0
32768,1.0
32769,1.0
32770,0.9983531746031746
32771,0.9428097928215576
32772,1.0
32773,1.0
32774,0.9665452075702077
32775,0.9997777777777779
32776,1.0
32777,0.9987333333333333
32778,0.9985961538461539
32779,0.9984419191919192
32780,1.0
32781,0.9997999999999999
32782,0.9851495670995672
32783,0.813227848458731
32784,0.9982785714285712
32785,0.9982222222222221
32786,0.5699114992459902
32787,1.0
32788,1.0
32789,1.0
32790,0.9995
32791,1.0
32792,1.0
32793,1.0
32794,1.0
32795,1.0
32796,0.9977238095238096
32797,1.0
32798,1.0
32799,1.0
32800,1.0
32801,1.0
32802,0.33025116599087184
32803,1.0
32804,1.0
32805,1.0
32806,0.9893645077145078
32807,0.9813507992007993
32808,1.0
32809,1.0
32810,0.9987285714285714
32811,0.6464150542268192
32812,1.0
32813,1.0
32814,1.0
32815,0.7253740379933105
32816,1.0
32817,0.9838050782550783
32818,1.0
32819,1.0
32820,0.9797294816294813
32821,1.0
32822,0.9957162698412696
32823,1.0
32824,1.0
32825,1.0
32826,1.0
32827,1.0
32828,1.0
32829,1.0
32830,1.0
32831,0.8962472112854465
32832,1.0
32833,0.7435206229700811
32834,0.9994
32835,0.9903922688422688
32836,1.0
32837,0.9758534909534909
32838,0.9983849206349207
32839,0.9948813852813853
32840,1.0
32841,0.9997142857142858
32842,0.9996
32843,1.0
32844,1.0
32845,0.6958715206362261
32846,1.0
32847,1.0
32848,1.0
32849,0.9915281551781552
32850,1.0
32851,1.0
32852,1.0
32853,1.0
32854,0.9971904761904763
32855,1.0
32856,0.5141469442751949
32857,0.99825
32858,1.0
32859,1.0
32860,1.0
32861,1.0
32862,0.9995555555555555
32863,1.0
32864,1.0
32865,1.0
32866,1.0
32867,0.9991785714285715
32868,0.013994910644910645
32869,1.0
32870,0.9996349206349208
32871,1.0
32872,1.0
32873,1.0
32874,1.0
32875,0.9983500000000001
32876,1.0
32877,0.9818721131809367
32878,0.9994065934065934
32879,1.0
32880,0.5832415202358706
32881,1.0
32882,0.9992920634920635
32883,1.0
32884,1.0
32885,0.9984689754689755
32886,0.9981181818181819
32887,1.0
32888,1.0
32889,0.8389250917383266
32890,1.0
32891,1.0
32892,1.0
32893,0.8972870328501907
32894,0.9997999999999999
32895,0.9962294117647058
32896,1.0
32897,1.0
32898,1.0
32899,0.9993333333333334
32900,1.0
32901,0.9965465367965369
32902,1.0
32903,1.0
32904,1.0
32905,1.0
32906,1.0
32907,0.8087896209999151
32908,0.9874409618159619
32909,1.0
32910,1.0
32911,1.0
32912,1.0
32913,0.9737971167721169
32914,1.0
32915,1.0
32916,0.9994642857142857
32917,0.9931624875124876
32918,1.0
32919,1.0
32920,0.7900105776576363
32921,1.0
32922,1.0
32923,1.0
32924,1.0
32925,0.9982626262626262
32926,0.99925
32927,1.0
32928,1.0
32929,0.9968947368421053
32930,1.0
32931,0.9987142857142857
32932,1.0
32933,1.0
32934,1.0
32935,0.863878699241935
32936,1.0
32937,0.9992380952380953
32938,1.0
32939,0.8746403185479807
32940,0.9270573426573426
32941,1.0
32942,1.0
32943,1.0
32944,1.0
32945,0.9998333333333334
32946,0.9997142857142858
32947,1.0
32948,0.9897621489621489
32949,0.9487494936436115
32950,1.0
32951,0.9998571428571429
32952,1.0
32953,1.0
32954,1.0
32955,1.0
32956,0.9806438317530423
32957,1.0
32958,0.9953716727716727
32959,0.9988809523809524
32960,0.9992824675324675
32961,1.0
32962,1.0
32963,1.0
32964,1.0
32965,1.0
32966,0.9991031746031745
32967,1.0
32968,1.0
32969,1.0
32970,1.0
32971,1.0
32972,0.995995670995671
32973,1.0
32974,1.0
32975,0.9996666666666667
32976,0.7686190943129797
32977,1.0
32978,1.0
32979,1.0
32980,1.0
32981,1.0
32982,0.8917376665817842
32983,1.0
32984,1.0
32985,0.9261501165501167
32986,1.0
32987,0.9990476190476191
32988,1.0
32989,0.9939298777246145
32990,0.3579355114441803
32991,0.9994666666666667
32992,0.9953772750125691
32993,0.9590255744255743
32994,1.0
32995,1.0
32996,0.9983619047619048
32997,1.0
32998,1.0
32999,0.9654474081474084
33000,1.0
33001,0.998573015873016
33002,0.9996363636363637
33003,1.0
33004,1.0
33005,0.8975570984570979
33006,0.9937266233766232
33007,1.0
33008,1.0
33009,1.0
33010,1.0
33011,0.6741822605413162
33012,1.0
33013,0.9996666666666666
33014,0.9990940170940171
33015,1.0
33016,0.9996666666666667
33017,1.0
33018,0.9998333333333334
33019,0.9996666666666667
33020,0.9964462037962039
33021,0.9994
33022,1.0
33023,0.9997142857142857
33024,1.0
33025,0.9953190476190475
33026,0.9653881771822947
33027,1.0
33028,0.9168877863966102
33029,1.0
33030,1.0
33031,0.9624732323232325
33032,0.9996363636363637
33033,1.0
33034,1.0
33035,1.0
33036,0.9800930794695503
33037,1.0
33038,1.0
33039,1.0
33040,1.0
33041,0.9791715034965036
33042,0.9988409090909092
33043,1.0
33044,0.9940596073517126
33045,0.9664340603840607
33046,0.4711720816335367
33047,0.8451823474083536
33048,0.9995142857142856
33049,0.9891631721219956
33050,1.0
33051,0.9968309523809524
33052,0.99751341991342
33053,0.9900302586302586
33054,0.9854255466755467
33055,0.9994285714285714
33056,1.0
33057,1.0
33058,0.9416741230991234
33059,1.0
33060,0.9987606837606837
33061,1.0
33062,1.0
33063,0.5233144263287455
33064,0.10987848540348542
33065,0.16092757830404905
33066,0.4016253806049469
33067,1.0
33068,0.8741872627372627
33069,1.0
33070,0.9757142207207999
33071,1.0
33072,1.0
33073,1.0
33074,1.0
33075,1.0
33076,0.9989401709401708
33077,0.922982360535921
33078,1.0
33079,1.0
33080,0.9551048257298258
33081,0.991172030583795
33082,1.0
33083,0.9992000000000001
33084,1.0
33085,0.9790770983402561
33086,1.0
33087,0.9992467532467533
33088,0.6779588942103646
33089,0.9948323953823954
33090,1.0
33091,1.0
33092,1.0
33093,1.0
33094,0.9982333333333333
33095,1.0
33096,0.9623280170809582
33097,0.9988888888888889
33098,1.0
33099,1.0
33100,1.0
33101,1.0
33102,0.6316708255452838
33103,0.9998461538461538
33104,0.9926986291486292
33105,0.9973000000000001
33106,1.0
33107,0.9959060439560439
33108,1.0
33109,0.9719318749877571
33110,1.0
33111,1.0
33112,0.9980857142857141
33113,0.9539379953379953
33114,0.9575788533362063
33115,1.0
33116,1.0
33117,0.9913614718614718
33118,1.0
33119,1.0
33120,1.0
33121,1.0
33122,0.9954776112776113
33123,0.47682851311055663
33124,1.0
33125,1.0
33126,0.31439350332330207
33127,1.0
33128,0.99747113997114
33129,1.0
33130,0.30200006186623846
33131,0.9996071428571429
33132,1.0
33133,0.9842510850260848
33134,0.6633049939770226
33135,1.0
33136,1.0
33137,0.9961174603174603
33138,0.8440062749857641
33139,0.9198931084996882
33140,1.0
33141,1.0
33142,0.17466360975625694
33143,0.9989365079365078
33144,1.0
33145,0.6551995827358054
33146,0.2830711430382483
33147,1.0
33148,1.0
33149,1.0
33150,1.0
33151,1.0
33152,1.0
33153,1.0
33154,1.0
33155,1.0
33156,0.9997142857142858
33157,0.9932242757242757
33158,0.7306528675572792
33159,0.9839696150254973
33160,1.0
33161,1.0
33162,1.0
33163,1.0
33164,0.952525604950605
33165,1.0
33166,0.9792981490731493
33167,1.0
33168,1.0
33169,0.913075492971081
33170,1.0
33171,1.0
33172,1.0
33173,0.9982666666666666
33174,1.0
33175,0.9679593449034624
33176,1.0
33177,0.9943453601953601
33178,1.0
33179,1.0
33180,0.9696033403730773
33181,1.0
33182,0.9977899766899767
33183,1.0
33184,0.9873807054057054
33185,0.9984761904761905
33186,0.9993392857142858
33187,1.0
33188,1.0
33189,1.0
33190,0.9998461538461538
33191,1.0
33192,1.0
33193,0.7169599009349783
33194,0.9979307359307359
33195,0.7210949765404873
33196,0.9984365079365078
33197,1.0
33198,1.0
33199,1.0
33200,0.9991456582633054
33201,0.9691343101343098
33202,1.0
33203,1.0
33204,0.9968230158730159
33205,1.0
33206,1.0
33207,0.9515004773004775
33208,0.9868023809523812
33209,0.934437689331652
33210,1.0
33211,0.9976336996336997
33212,1.0
33213,0.884100590302371
33214,0.576574810105615
33215,0.9897755744255744
33216,1.0
33217,0.99885
33218,1.0
33219,1.0
33220,1.0
33221,0.9958586580086581
33222,1.0
33223,0.9992923076923078
33224,0.9997999999999999
33225,1.0
33226,1.0
33227,0.3704108893944034
33228,0.9982573426573427
33229,1.0
33230,0.9998461538461538
33231,1.0
33232,1.0
33233,1.0
33234,0.9965353174603175
33235,0.8487041074594481
33236,0.2995789942513627
33237,1.0
33238,0.998084126984127
33239,1.0
33240,0.9950994782994782
33241,1.0
33242,1.0
33243,0.6467887169847696
33244,1.0
33245,0.966608222625328
33246,0.9996
33247,0.9996666666666666
33248,0.9994920634920635
33249,1.0
33250,0.9944257575757576
33251,0.9984273504273503
33252,1.0
33253,1.0
33254,1.0
33255,0.9723225996226
33256,1.0
33257,0.23774740259740257
33258,0.6534956851456079
33259,1.0
33260,0.48555972759610533
33261,1.0
33262,0.5377358025187744
33263,1.0
33264,1.0
33265,0.9575105304825892
33266,0.9996
33267,1.0
33268,0.9997142857142858
33269,1.0
33270,1.0
33271,0.9990952380952381
33272,1.0
33273,1.0
33274,0.9946911976911977
33275,0.9991111111111111
33276,0.9898913031413032
33277,1.0
33278,0.99975
33279,0.9965000000000002
33280,0.2137883366031973
33281,0.8552727906080851
33282,1.0
33283,0.7039185856627029
33284,0.269024531024531
33285,0.9991714285714286
33286,1.0
33287,0.38582556936527557
33288,0.9965043845043846
33289,1.0
33290,1.0
33291,1.0
33292,0.9931527417027418
33293,0.9942548007548008
33294,0.9130301215124745
33295,0.9968559218559219
33296,1.0
33297,1.0
33298,0.9803776723276721
33299,0.9978194444444445
33300,0.9576899588715381
33301,1.0
33302,0.9903227022977024
33303,1.0
33304,0.9969559523809525
33305,0.792561956330115
33306,1.0
33307,0.9991515151515151
33308,1.0
33309,0.5925569060712248
33310,0.9730360433426223
33311,0.9970190476190476
33312,0.998734126984127
33313,0.9991666666666666
33314,0.9995555555555555
33315,1.0
33316,1.0
33317,0.9172608780108782
33318,1.0
33319,0.9934967166820109
33320,0.9996
33321,0.9980495726495727
33322,0.9989194139194139
33323,0.9531554033513787
33324,1.0
33325,0.9972960372960372
33326,0.14244653679653682
33327,0.9984071428571428
33328,0.9997999999999999
33329,1.0
33330,1.0
33331,1.0
33332,1.0
33333,0.9980273504273505
33334,1.0
33335,0.9964519841269842
33336,0.9816510473186943
33337,0.9984878787878788
33338,0.9362189064547423
33339,1.0
33340,0.8945665493003732
33341,1.0
33342,1.0
33343,0.9995555555555555
33344,0.7218528543352076
33345,1.0
33346,1.0
33347,1.0
33348,0.9992727272727272
33349,0.9620840331666959
33350,0.9986317016317016
33351,1.0
33352,0.9997777777777779
33353,1.0
33354,0.9977538239538238
33355,1.0
33356,1.0
33357,1.0
33358,1.0
33359,1.0
33360,1.0
33361,1.0
33362,1.0
33363,0.9040461825755942
33364,1.0
33365,1.0
33366,0.9964595238095237
33367,0.998813725490196
33368,1.0
33369,0.8438655218964041
33370,1.0
33371,1.0
33372,0.9997142857142858
33373,1.0
33374,1.0
33375,1.0
33376,0.9882568839657075
33377,1.0
33378,1.0
33379,1.0
33380,1.0
33381,1.0
33382,1.0
33383,0.8324221357074303
33384,0.3578540994952758
33385,1.0
33386,0.9991217532467533
33387,1.0
33388,0.9862221791280614
33389,0.997519696969697
33390,0.988258658008658
33391,0.984455339105339
33392,0.9983500000000001
33393,0.9966309523809525
33394,1.0
33395,1.0
33396,0.9991714285714286
33397,1.0
33398,1.0
33399,1.0
33400,0.5795639555490946
33401,1.0
33402,0.9997999999999999
33403,1.0
33404,0.991612814962815
33405,1.0
33406,0.9775944721944723
33407,1.0
33408,0.4544356947575986
33409,1.0
33410,0.9978571428571428
33411,0.977685764235764
33412,1.0
33413,1.0
33414,1.0
33415,0.9984060606060606
33416,0.9962863414363415
33417,0.9997999999999999
33418,1.0
33419,1.0
33420,0.9119847516862222
33421,0.9756407703407702
33422,0.9973003663003663
33423,1.0
33424,1.0
33425,1.0
33426,1.0
33427,0.9996666666666667
33428,0.9995
33429,1.0
33430,0.9762049651329061
33431,1.0
33432,0.9989545454545455
33433,0.9255659319438733
33434,0.46717017294411994
33435,1.0
33436,0.9975555555555554
33437,0.9606179043179041
33438,0.9874658397158397
33439,0.6817654210168913
33440,1.0
33441,1.0
33442,1.0
33443,1.0
33444,1.0
33445,0.9964
33446,0.9589750943500943
33447,0.9023554703466468
33448,0.9830908036408036
33449,1.0
33450,0.9796896603396601
33451,1.0
33452,1.0
33453,1.0
33454,1.0
33455,1.0
33456,1.0
33457,0.9872839829760881
33458,0.999095238095238
33459,0.8714744572421039
33460,1.0
33461,0.9680623321123323
33462,1.0
33463,1.0
33464,0.9896101731601732
33465,1.0
33466,0.9991428571428572
33467,0.9996
33468,1.0
33469,1.0
33470,0.9997142857142857
33471,1.0
33472,0.9896134976134975
33473,0.9782064239681887
33474,1.0
33475,1.0
33476,0.9590704184704183
33477,1.0
33478,1.0
33479,1.0
33480,1.0
33481,1.0
33482,0.6412279414599847
33483,0.9946816017316016
33484,0.9994285714285714
33485,1.0
33486,1.0
33487,0.9524065018315021
33488,0.9980860805860806
33489,0.9389321270318942
33490,1.0
33491,0.9962642971064025
33492,1.0
33493,1.0
33494,0.9998333333333334
33495,0.9987476190476191
33496,0.28626017316017316
33497,0.9989545454545455
33498,1.0
33499,1.0
33500,0.9971880952380953
33501,1.0
33502,0.9966904317904316
33503,1.0
33504,1.0
33505,1.0
33506,0.9992000000000001
33507,0.5662784654887598
33508,1.0
33509,1.0
33510,0.0996967587967588
33511,1.0
33512,0.07717174524821581
33513,1.0
33514,0.941761457496752
33515,1.0
33516,1.0
33517,0.7104224863371926
33518,1.0
33519,1.0
33520,1.0
33521,1.0
33522,0.6178965851571887
33523,1.0
33524,1.0
33525,0.9715884948384949
33526,0.9963444444444445
33527,1.0
33528,0.998920634920635
33529,1.0
33530,0.9975569985569986
33531,1.0
33532,1.0
33533,1.0
33534,1.0
33535,1.0
33536,0.9998823529411764
33537,0.9566994329200215
33538,1.0
33539,1.0
33540,1.0
33541,0.9994545454545455
33542,1.0
33543,1.0
33544,1.0
33545,1.0
33546,1.0
33547,1.0
33548,1.0
33549,0.9063743943191309
33550,0.9721769269945743
33551,0.9939654234654235
33552,1.0
33553,0.11544140010316487
33554,1.0
33555,0.9993102453102455
33556,1.0
33557,1.0
33558,0.24130123210123205
33559,1.0
33560,1.0
33561,0.9774049107754988
33562,0.9863248251748253
33563,0.5463822871572871
33564,1.0
33565,0.9994423076923077
33566,0.8999269119597293
33567,1.0
33568,0.9998333333333334
33569,1.0
33570,0.987270942945943
33571,1.0
33572,1.0
33573,1.0
33574,0.9996666666666666
33575,1.0
33576,1.0
33577,0.9901168886668887
33578,1.0
33579,0.942872471156295
33580,1.0
33581,1.0
33582,0.5036370400721456
33583,0.9996
33584,0.99875
33585,0.04508685203685202
33586,0.9994
33587,0.9864036150124388
33588,1.0
33589,0.9950325396825397
33590,0.9965777777777778
33591,0.9994545454545455
33592,1.0
33593,0.9854563159063157
33594,1.0
33595,0.9617254711404863
33596,1.0
33597,1.0
33598,1.0
33599,0.7550463497287028
33600,0.9358373321123321
33601,1.0
33602,0.9984166666666667
33603,1.0
33604,0.8989474631577571
33605,1.0
33606,0.97904232989233
33607,0.9996666666666666
33608,1.0
33609,1.0
33610,0.782463751033191
33611,0.9974666666666666
33612,0.9996363636363637
33613,1.0
33614,0.9996666666666666
33615,1.0
33616,0.9988672438672439
33617,1.0
33618,0.9991111111111111
33619,1.0
33620,1.0
33621,0.998069696969697
33622,0.9994065934065934
33623,1.0
33624,1.0
33625,1.0
33626,1.0
33627,1.0
33628,0.9987307692307693
33629,1.0
33630,0.9970047619047617
33631,1.0
33632,1.0
33633,0.9996
33634,0.999095238095238
33635,1.0
33636,1.0
33637,1.0
33638,1.0
33639,0.9970946275946274
33640,1.0
33641,0.999547619047619
33642,1.0
33643,0.9971175602175603
33644,1.0
33645,0.9198475857475858
33646,0.9776463670832094
33647,0.997911038961039
33648,0.9988030303030304
33649,0.0071894915541974354
33650,0.9967309523809524
33651,1.0
33652,1.0
33653,0.9564843822843826
33654,0.9968559218559219
33655,0.9839073593073591
33656,1.0
33657,1.0
33658,1.0
33659,0.9972849206349207
33660,0.9998461538461538
33661,1.0
33662,1.0
33663,0.9989214285714286
33664,1.0
33665,1.0
33666,1.0
33667,0.9998666666666667
33668,1.0
33669,1.0
33670,1.0
33671,1.0
33672,0.9907631313131313
33673,1.0
33674,1.0
33675,0.9950880230880231
33676,0.6875253566952481
33677,0.9855142857142858
33678,1.0
33679,0.9406040371393313
33680,1.0
33681,0.959661124255861
33682,0.9991111111111111
33683,1.0
33684,0.745793205813794
33685,0.9986285714285714
33686,0.9989285714285715
33687,0.9902484265734266
33688,1.0
33689,0.9966337495837496
33690,1.0
33691,1.0
33692,0.9988717948717949
33693,0.9978045454545456
33694,1.0
33695,1.0
33696,0.9996470588235294
33697,1.0
33698,0.9996
33699,0.9994545454545455
33700,1.0
33701,0.990364047064047
33702,0.9846256687756688
33703,0.9995324675324675
33704,1.0
33705,0.9988717948717949
33706,0.9838943399737514
33707,0.9995
33708,1.0
33709,1.0
33710,0.998797619047619
33711,0.9794758736361678
33712,1.0
33713,0.9754625977823348
33714,0.9943573870573869
33715,1.0
33716,0.9976608363858364
33717,0.9875382101558574
33718,1.0
33719,0.5244342710523053
33720,1.0
33721,0.9984700854700854
33722,1.0
33723,1.0
33724,1.0
33725,1.0
33726,1.0
33727,0.9998181818181817
33728,1.0
33729,1.0
33730,0.9994642857142858
33731,1.0
33732,0.9996666666666667
33733,1.0
33734,1.0
33735,0.9990666666666668
33736,0.9984285714285714
33737,1.0
33738,1.0
33739,1.0
33740,1.0
33741,1.0
33742,1.0
33743,1.0
33744,1.0
33745,1.0
33746,0.29268752478171994
33747,0.9942959863665746
33748,1.0
33749,1.0
33750,0.44814235747912223
33751,1.0
33752,0.8950036164643752
33753,0.99885
33754,1.0
33755,1.0
33756,1.0
33757,1.0
33758,0.9986991452991454
33759,1.0
33760,0.9996666666666667
33761,0.998482905982906
33762,1.0
33763,0.9732436917657505
33764,1.0
33765,0.9962357142857143
33766,0.6844053864006655
33767,0.9998888888888889
33768,0.9817619985879275
33769,1.0
33770,1.0
33771,0.9998461538461538
33772,0.987611976911977
33773,0.9983888888888889
33774,1.0
33775,0.9589606047547223
33776,1.0
33777,1.0
33778,0.9684584895324833
33779,1.0
33780,0.9863988922841864
33781,0.98656677094835
33782,0.9830012499196711
33783,0.9963003663003663
33784,0.9179097763347762
33785,0.9997777777777779
33786,1.0
33787,0.8458923923170061
33788,1.0
33789,1.0
33790,1.0
33791,1.0
33792,1.0
33793,1.0
33794,1.0
33795,0.9995324675324676
33796,1.0
33797,0.43771227693874776
33798,1.0
33799,1.0
33800,1.0
33801,1.0
33802,1.0
33803,0.9986608946608948
33804,0.877809845177183
33805,1.0
33806,1.0
33807,0.7947636032268381
33808,1.0
33809,0.9899091686091686
33810,1.0
33811,1.0
33812,1.0
33813,0.19084999587615695
33814,0.9991333333333333
33815,0.9590409840159839
33816,0.994059006679595
33817,1.0
33818,1.0
33819,1.0
33820,0.9990222222222221
33821,1.0
33822,0.999095238095238
33823,0.9979926739926741
33824,1.0
33825,0.9977777777777778
33826,1.0
33827,1.0
33828,1.0
33829,1.0
33830,1.0
33831,0.9962150072150073
33832,1.0
33833,1.0
33834,0.9992000000000001
33835,0.9994642857142857
33836,1.0
33837,1.0
33838,1.0
33839,1.0
33840,1.0
33841,1.0
33842,0.8344033712417612
33843,1.0
33844,1.0
33845,1.0
33846,0.8586712332730907
33847,0.9991428571428572
33848,1.0
33849,1.0
33850,0.9931928571428572
33851,0.9012852819694928
33852,0.9924212121212119
33853,1.0
33854,1.0
33855,1.0
33856,0.8753798443386678
33857,0.641546747533512
33858,0.9763392107892106
33859,1.0
33860,0.3726390819448868
33861,0.988673242933537
33862,0.9988928571428571
33863,1.0
33864,1.0
33865,1.0
33866,1.0
33867,1.0
33868,0.9996643356643357
33869,1.0
33870,1.0
33871,0.98592010095168
33872,1.0
33873,1.0
33874,1.0
33875,1.0
33876,1.0
33877,0.4255533123739006
33878,0.3611228993228993
33879,1.0
33880,0.9995142857142856
33881,1.0
33882,0.9986666666666666
33883,1.0
33884,0.9337540498716966
33885,0.9991333333333333
33886,0.37349428819374636
33887,0.9514191641691642
33888,0.9994642857142858
33889,1.0
33890,0.9982606837606839
33891,1.0
33892,0.49679320603716864
33893,0.9489038961038959
33894,0.9997142857142858
33895,1.0
33896,1.0
33897,1.0
33898,1.0
33899,1.0
33900,0.9244194181549443
33901,1.0
33902,0.9961595238095238
33903,0.8227060550560552
33904,1.0
33905,0.998982905982906
33906,0.9911433621933622
33907,0.9914596958596956
33908,1.0
33909,0.9987333333333334
33910,1.0
33911,0.8017140730184852
33912,1.0
33913,0.9577620601620601
33914,0.9932474747474745
33915,1.0
33916,1.0
33917,1.0
33918,1.0
33919,0.9685372245917137
33920,1.0
33921,0.9960122230710466
33922,1.0
33923,0.9986212121212121
33924,0.9989055555555556
33925,0.9951741341991341
33926,0.9995384615384616
33927,0.8784020638718003
33928,0.9839326418679359
33929,1.0
33930,1.0
33931,1.0
33932,1.0
33933,1.0
33934,0.9992467532467533
33935,1.0
33936,1.0
33937,1.0
33938,0.9531691096343271
33939,1.0
33940,1.0
33941,0.9904712121212121
33942,1.0
33943,1.0
33944,0.9983604395604394
33945,1.0
33946,1.0
33947,1.0
33948,1.0
33949,0.9980940170940171
33950,0.9981666666666666
33951,0.9988717948717949
33952,1.0
33953,1.0
33954,0.9385388999889
33955,1.0
33956,1.0
33957,1.0
33958,0.910153751803752
33959,1.0
33960,1.0
33961,1.0
33962,1.0
33963,0.9997777777777779
33964,1.0
33965,1.0
33966,1.0
33967,0.9850747200511908
33968,0.9996363636363637
33969,1.0
33970,0.9944063492063492
33971,0.9997333333333334
33972,0.9992467532467533
33973,1.0
33974,1.0
33975,1.0
33976,1.0
33977,0.9778288489288491
33978,0.998
33979,1.0
33980,0.586121669567103
33981,0.9998461538461538
33982,0.989196275946276
33983,0.9951816794316795
33984,1.0
33985,1.0
33986,1.0
33987,1.0
33988,0.9996
33989,0.9337723221223225
33990,0.7923233377247781
33991,1.0
33992,1.0
33993,0.30824668991139553
33994,1.0
33995,0.9208579241364072
33996,1.0
33997,1.0
33998,0.9996666666666666
33999,1.0
34000,1.0
34001,1.0
34002,1.0
34003,0.7061224279504467
34004,1.0
34005,1.0
34006,0.9994181818181818
34007,1.0
34008,0.9867315552094964
34009,0.9923629925629925
34010,0.9716739815739819
34011,1.0
34012,1.0
34013,1.0
34014,1.0
34015,1.0
34016,0.9213374987585516
34017,1.0
34018,1.0
34019,1.0
34020,1.0
34021,1.0
34022,0.87340207034108
34023,1.0
34024,0.9966864230540701
34025,1.0
34026,0.9983290043290044
34027,0.9673956279015105
34028,1.0
34029,0.8493842322709969
34030,0.2592053693812209
34031,1.0
34032,0.7665941138840522
34033,0.47200441734907667
34034,1.0
34035,1.0
34036,0.9823818237318239
34037,0.9413593550240612
34038,0.8018133921633924
34039,0.9977933621933622
34040,1.0
34041,1.0
34042,0.9770511488511492
34043,1.0
34044,1.0
34045,1.0
34046,1.0
34047,1.0
34048,1.0
34049,1.0
34050,1.0
34051,0.9991111111111111
34052,0.998969696969697
34053,0.9788123748800219
34054,1.0
34055,1.0
34056,1.0
34057,1.0
34058,0.9967735209235209
34059,0.9988747252747253
34060,0.9955465700965701
34061,1.0
34062,0.9989523809523808
34063,0.7948178452810806
34064,1.0
34065,1.0
34066,0.9891325396825397
34067,1.0
34068,0.058308445149621614
34069,0.9871615609880315
34070,1.0
34071,0.46433971400976065
34072,0.9980317460317459
34073,0.9911808913308913
34074,1.0
34075,0.9980532967032966
34076,0.9992000000000001
34077,0.9988809523809524
34078,1.0
34079,1.0
34080,0.9988309523809523
34081,1.0
34082,0.9600457147427739
34083,1.0
34084,1.0
34085,0.7696818516279049
34086,0.9753120629370631
34087,0.9936543706293708
34088,1.0
34089,1.0
34090,1.0
34091,0.9996666666666666
34092,0.9996
34093,1.0
34094,1.0
34095,1.0
34096,0.9996
34097,1.0
34098,1.0
34099,1.0
34100,0.9997777777777779
34101,0.9989333333333333
34102,0.41825687682331597
34103,1.0
34104,0.8306234895651308
34105,0.9984285714285714
34106,0.9392379661274397
34107,0.9990181818181819
34108,1.0
34109,0.9996
34110,0.9933138528138529
34111,1.0
34112,1.0
34113,1.0
34114,0.9998333333333334
34115,1.0
34116,1.0
34117,1.0
34118,1.0
34119,0.9608406694612578
34120,0.99975
34121,1.0
34122,1.0
34123,0.9959459373959374
34124,1.0
34125,0.9972182539682539
34126,1.0
34127,1.0
34128,1.0
34129,0.9986428571428572
34130,0.9024015318015313
34131,1.0
34132,0.9926547621968674
34133,0.9995
34134,0.9980857142857142
34135,1.0
34136,1.0
34137,0.9035986730589673
34138,1.0
34139,1.0
34140,1.0
34141,1.0
34142,0.9980920634920635
34143,0.35695193119573954
34144,1.0
34145,0.918186304871599
34146,0.9949230769230769
34147,0.997711111111111
34148,1.0
34149,1.0
34150,1.0
34151,0.9970395382395383
34152,0.8695512487512486
34153,0.751496582399369
34154,1.0
34155,0.9997777777777779
34156,1.0
34157,1.0
34158,0.9997999999999999
34159,1.0
34160,0.9991515151515151
34161,1.0
34162,1.0
34163,0.7327758608264803
34164,0.9990952380952381
34165,1.0
34166,1.0
34167,0.7290170350319425
34168,0.9931426704014938
34169,1.0
34170,0.9996
34171,0.8431396131302483
34172,0.8016625309674843
34173,1.0
34174,0.9820952547452552
34175,0.9995499999999999
34176,0.9985206349206348
34177,0.9985777777777778
34178,0.9956682807388689
34179,1.0
34180,1.0
34181,1.0
34182,1.0
34183,0.9995
34184,0.9996666666666666
34185,1.0
34186,1.0
34187,0.9988970588235294
34188,0.6140455704459915
34189,1.0
34190,1.0
34191,1.0
34192,0.9828835759012228
34193,1.0
34194,1.0
34195,0.9997777777777779
34196,1.0
34197,0.9935157287157289
34198,1.0
34199,0.996818253968254
34200,0.983703823953824
34201,0.997334498834499
34202,1.0
34203,1.0
34204,1.0
34205,1.0
34206,1.0
34207,0.9997999999999999
34208,1.0
34209,0.16570080083315383
34210,1.0
34211,0.9899015262515263
34212,1.0
34213,1.0
34214,0.9438040459540462
34215,0.7321947918094979
34216,0.9988461538461538
34217,1.0
34218,1.0
34219,0.7824864798600093
34220,1.0
34221,0.9894569996996467
34222,0.8887792198857216
34223,0.9988175824175825
34224,0.99975
34225,1.0
34226,1.0
34227,1.0
34228,1.0
34229,0.9978717948717948
34230,1.0
34231,1.0
34232,0.9996947368421053
34233,1.0
34234,1.0
34235,1.0
34236,1.0
34237,1.0
34238,1.0
34239,1.0
34240,1.0
34241,0.9991666666666668
34242,0.9988333333333332
34243,1.0
34244,1.0
34245,0.9997142857142858
34246,1.0
34247,1.0
34248,1.0
34249,1.0
34250,1.0
34251,0.9971999999999999
34252,1.0
34253,1.0
34254,0.9997999999999999
34255,1.0
34256,1.0
34257,0.7160258185666206
34258,0.18159747664242548
34259,1.0
34260,1.0
34261,0.9966766233766233
34262,1.0
34263,0.9970700854700855
34264,1.0
34265,0.99975
34266,1.0
34267,0.9991428571428572
34268,0.9993162393162394
34269,1.0
34270,1.0
34271,1.0
34272,1.0
34273,1.0
34274,0.3415961629014263
34275,1.0
34276,0.8840528274796206
34277,0.9768418303918304
34278,0.9972275641025641
34279,1.0
34280,1.0
34281,1.0
34282,0.9992467532467533
34283,1.0
34284,1.0
34285,1.0
34286,1.0
34287,0.2023761821511821
34288,0.8946106229521218
34289,1.0
34290,1.0
34291,1.0
34292,1.0
34293,1.0
34294,0.9990006993006993
34295,0.9994285714285714
34296,0.9262513876646229
34297,1.0
34298,1.0
34299,1.0
34300,1.0
34301,1.0
34302,1.0
34303,1.0
34304,1.0
34305,0.9997142857142857
34306,1.0
34307,1.0
34308,0.6942588390453718
34309,0.5669148641691982
34310,0.9869822566322567
34311,1.0
34312,0.9563206337522128
34313,0.9948760239760241
34314,1.0
34315,0.6991433578719183
34316,1.0
34317,1.0
34318,1.0
34319,0.5760416780072355
34320,1.0
34321,1.0
34322,1.0
34323,0.6955770215938172
34324,0.8827810305707364
34325,1.0
34326,1.0
34327,0.9878236208236206
34328,0.9374826869209226
34329,0.09897736181087582
34330,1.0
34331,1.0
34332,0.9998461538461538
34333,1.0
34334,1.0
34335,0.9711490372200902
34336,0.6582449152155035
34337,0.9988055555555555
34338,0.9073522286536988
34339,0.9987809523809524
34340,1.0
34341,1.0
34342,1.0
34343,0.5185763132292546
34344,0.8947252136752138
34345,1.0
34346,1.0
34347,1.0
34348,0.9993500000000001
34349,1.0
34350,0.9997999999999999
34351,0.9994666666666666
34352,0.9922769119769118
34353,0.9996
34354,0.7557927201883087
34355,0.998929292929293
34356,0.9949004201680671
34357,1.0
34358,1.0
34359,0.9980404040404041
34360,1.0
34361,1.0
34362,1.0
34363,1.0
34364,1.0
34365,1.0
34366,1.0
34367,0.9970671495171496
34368,1.0
34369,0.9995128205128204
34370,1.0
34371,1.0
34372,0.9962530303030303
34373,1.0
34374,1.0
34375,1.0
34376,1.0
34377,1.0
34378,0.9982257448433919
34379,1.0
34380,0.9992527472527473
34381,0.9969221500721501
34382,1.0
34383,0.9983286713286712
34384,0.9942619047619048
34385,1.0
34386,0.9988333333333335
34387,0.9985961538461539
34388,1.0
34389,1.0
34390,0.8243523019636021
34391,0.9839706349206351
34392,0.9996
34393,1.0
34394,0.9973111111111111
34395,1.0
34396,1.0
34397,1.0
34398,1.0
34399,0.9996666666666666
34400,0.9950195526695527
34401,0.03180957113062376
34402,0.9915106782106781
34403,0.5908614457437991
34404,1.0
34405,1.0
34406,1.0
34407,1.0
34408,1.0
34409,0.99975
34410,1.0
34411,0.9777437157613628
34412,0.9998181818181817
34413,0.9994181818181819
34414,1.0
34415,1.0
34416,1.0
34417,0.9624170052170052
34418,1.0
34419,1.0
34420,1.0
34421,0.5788641005107715
34422,1.0
34423,0.7651934250390131
34424,0.9991785714285715
34425,1.0
34426,1.0
34427,1.0
34428,0.9996
34429,1.0
34430,1.0
34431,0.9986190476190477
34432,1.0
34433,0.9573276029526028
34434,1.0
34435,0.9987333333333334
34436,1.0
34437,1.0
34438,0.9996363636363637
34439,1.0
34440,0.9988181818181817
34441,1.0
34442,0.892365737771001
34443,1.0
34444,0.9965166666666665
34445,0.9989610389610389
34446,1.0
34447,1.0
34448,0.9923267815517817
34449,1.0
34450,0.5227355684047633
34451,0.99975
34452,1.0
34453,0.9996333333333334
34454,1.0
34455,1.0
34456,1.0
34457,0.8820392801642799
34458,1.0
34459,1.0
34460,0.7701986468811549
34461,1.0
34462,0.3248107604985313
34463,1.0
34464,1.0
34465,0.9993
34466,1.0
34467,0.9997777777777779
34468,1.0
34469,1.0
34470,0.9996
34471,1.0
34472,0.993776479076479
34473,1.0
34474,1.0
34475,0.8948654359830057
34476,0.9990915032679738
34477,0.9810795565545565
34478,1.0
34479,1.0
34480,1.0
34481,0.9980000000000001
34482,0.9987051282051282
34483,0.9817765484515484
34484,0.953031113331113
34485,1.0
34486,1.0
34487,1.0
34488,0.461447359511833
34489,0.7786598661228694
34490,1.0
34491,0.999
34492,1.0
34493,1.0
34494,1.0
34495,1.0
34496,1.0
34497,1.0
34498,1.0
34499,1.0
34500,1.0
34501,0.46358513452491745
34502,1.0
34503,0.7357851149280716
34504,1.0
34505,0.9602952175017968
34506,1.0
34507,1.0
34508,1.0
34509,1.0
34510,1.0
34511,1.0
34512,1.0
34513,0.99975
34514,1.0
34515,0.8460770674543898
34516,1.0
34517,1.0
34518,1.0
34519,0.9993333333333334
34520,1.0
34521,0.9917310633810634
34522,0.9987971734148205
34523,1.0
34524,0.999
34525,1.0
34526,1.0
34527,1.0
34528,0.9958551948051949
34529,0.06695423187923188
34530,1.0
34531,1.0
34532,0.9997142857142858
34533,0.9844407786657788
34534,0.9983333333333334
34535,1.0
34536,0.9978349206349207
34537,1.0
34538,1.0
34539,0.19153259273406345
34540,1.0
34541,0.9985179487179485
34542,1.0
34543,0.9962641414141414
34544,0.47478927066225823
34545,1.0
34546,0.9758419534713652
34547,0.9996666666666666
34548,1.0
34549,0.9988571428571428
34550,1.0
34551,0.9975378787878789
34552,1.0
34553,0.9995833333333334
34554,1.0
34555,1.0
34556,1.0
34557,0.36569534835649425
34558,1.0
34559,1.0
34560,1.0
34561,1.0
34562,1.0
34563,0.9997894736842106
34564,1.0
34565,0.9516659063159061
34566,0.9965149350649352
34567,1.0
34568,0.987675154910449
34569,0.7784486445614923
34570,1.0
34571,1.0
34572,1.0
34573,1.0
34574,0.9501898031706858
34575,0.9741762404262404
34576,1.0
34577,0.9984054834054833
34578,0.7046243894993894
34579,1.0
34580,1.0
34581,1.0
34582,0.9566478098698689
34583,1.0
34584,1.0
34585,0.9865410435969258
34586,0.9937722999222999
34587,1.0
34588,1.0
34589,1.0
34590,1.0
34591,0.9948055444555446
34592,1.0
34593,1.0
34594,1.0
34595,0.6959063295235896
34596,0.9995499999999999
34597,0.9978555555555556
34598,0.9959448051948052
34599,1.0
34600,0.9770109627300807
34601,0.9996666666666666
34602,0.921701190312955
34603,0.998897435897436
34604,0.9941302086802085
34605,0.9988888888888889
34606,1.0
34607,0.8291727386992093
34608,0.14883842066086658
34609,0.9782913808413806
34610,0.9951428571428572
34611,1.0
34612,1.0
34613,1.0
34614,0.9980333333333334
34615,0.9735202997295103
34616,1.0
34617,0.9996
34618,1.0
34619,0.9985316017316016
34620,1.0
34621,1.0
34622,0.9300277605435505
34623,1.0
34624,1.0
34625,0.9975912698412699
34626,1.0
34627,1.0
34628,0.996530735930736
34629,1.0
34630,0.6691243159575199
34631,1.0
34632,1.0
34633,0.5873117841309018
34634,1.0
34635,0.9166003757680228
34636,0.8825561773194128
34637,1.0
34638,0.9992142857142858
34639,1.0
34640,0.4505548656623735
34641,1.0
34642,0.9472287712287715
34643,1.0
34644,0.9991515151515151
34645,0.6812510201271035
34646,0.9242382667641956
34647,1.0
34648,0.895710325948561
34649,1.0
34650,0.9663233678086619
34651,0.9993333333333334
34652,0.6175821861145392
34653,0.9991428571428571
34654,1.0
34655,1.0
34656,1.0
34657,0.9996
34658,1.0
34659,1.0
34660,0.9675456154956152
34661,0.8139757077545776
34662,0.9918148962148962
34663,0.9997777777777779
34664,1.0
34665,0.9947424963924962
34666,1.0
34667,1.0
34668,0.9689042457542459
34669,1.0
34670,0.9993392857142858
34671,1.0
34672,1.0
34673,1.0
34674,0.9886926906426907
34675,0.9997999999999999
34676,1.0
34677,0.9866113275613276
34678,0.7273956874824521
34679,1.0
34680,0.10084682098946812
34681,0.7315824860468048
34682,1.0
34683,1.0
34684,1.0
34685,0.9992045454545455
34686,1.0
34687,0.9914206652824299
34688,0.99975
34689,0.9960395382395383
34690,0.9910741702741703
34691,1.0
34692,1.0
34693,0.9191700379685678
34694,0.9989642857142857
34695,0.9980604395604395
34696,1.0
34697,1.0
34698,1.0
34699,0.9993823529411765
34700,1.0
34701,1.0
34702,1.0
34703,1.0
34704,1.0
34705,1.0
34706,0.9832387945387946
34707,1.0
34708,1.0
34709,1.0
34710,1.0
34711,1.0
34712,1.0
34713,1.0
34714,1.0
34715,0.43893812804842214
34716,1.0
34717,1.0
34718,1.0
34719,1.0
34720,0.5061650982058875
34721,1.0
34722,1.0
34723,1.0
34724,1.0
34725,0.9981111111111112
34726,1.0
34727,0.31948253968253965
34728,0.8341135002338561
34729,0.9796244144744144
34730,1.0
34731,1.0
34732,1.0
34733,0.9993333333333334
34734,0.99534435009435
34735,1.0
34736,1.0
34737,0.6639877826421943
34738,1.0
34739,1.0
34740,0.9988222222222222
34741,0.9997999999999999
34742,1.0
34743,1.0
34744,1.0
34745,0.9980876623376624
34746,1.0
34747,0.9978444444444444
34748,1.0
34749,1.0
34750,0.93135684397302
34751,1.0
34752,1.0
34753,1.0
34754,0.47008591947268447
34755,0.9982940170940171
34756,1.0
34757,1.0
34758,0.9992285714285715
34759,0.9766307327175748
34760,1.0
34761,0.998939393939394
34762,1.0
34763,1.0
34764,0.994260236985237
34765,1.0
34766,1.0
34767,1.0
34768,1.0
34769,0.9996666666666667
34770,1.0
34771,1.0
34772,0.9939860750360751
34773,1.0
34774,0.9697908508158509
34775,1.0
34776,0.9948845598845598
34777,0.9570508134022842
34778,1.0
34779,1.0
34780,0.8601447428388607
34781,1.0
34782,0.9988717948717949
34783,0.9976011904761904
34784,1.0
34785,0.99875
34786,1.0
34787,0.9965225885225886
34788,1.0
34789,1.0
34790,1.0
34791,1.0
34792,1.0
34793,1.0
34794,0.9931192279942278
34795,1.0
34796,1.0
34797,1.0
34798,0.996074764124764
34799,0.7913719532961015
34800,0.992457387057387
34801,1.0
34802,0.9076815408447763
34803,1.0
34804,0.994416960816961
34805,1.0
34806,0.4460760172833706
34807,1.0
34808,0.9942273504273506
34809,1.0
34810,0.9750328615828615
34811,0.9522758614364654
34812,1.0
34813,0.9814148795648795
34814,1.0
34815,1.0
34816,1.0
34817,0.7322208097801761
34818,0.031995540570540576
34819,0.038344040599922954
34820,1.0
34821,0.9976972222222222
34822,1.0
34823,1.0
34824,0.9991309523809524
34825,1.0
34826,1.0
34827,1.0
34828,1.0
34829,0.9997142857142858
34830,0.9987761904761905
34831,1.0
34832,0.9992698412698414
34833,1.0
34834,1.0
34835,0.9828423354423352
34836,1.0
34837,1.0
34838,1.0
34839,1.0
34840,1.0
34841,0.9963003663003663
34842,0.9910129204129208
34843,1.0
34844,0.9969670329670332
34845,1.0
34846,0.9954067821067821
34847,0.9956968253968255
34848,0.9902873015873015
34849,0.9996666666666667
34850,1.0
34851,1.0
34852,1.0
34853,0.8047810353045646
34854,0.37475984161177645
34855,1.0
34856,1.0
34857,0.9913121933621935
34858,1.0
34859,0.9991785714285715
34860,1.0
34861,1.0
34862,1.0
34863,1.0
34864,1.0
34865,0.9991555555555556
34866,1.0
34867,0.589255820899087
34868,1.0
34869,1.0
34870,1.0
34871,0.9988571428571429
34872,0.9869277205250889
34873,1.0
34874,0.9976288156288157
34875,1.0
34876,1.0
34877,1.0
34878,0.980804723054723
34879,1.0
34880,1.0
34881,0.9341424165445837
34882,0.9955039682539681
34883,1.0
34884,1.0
34885,1.0
34886,1.0
34887,0.48076800917520734
34888,1.0
34889,1.0
34890,1.0
34891,1.0
34892,1.0
34893,0.9982984126984127
34894,1.0
34895,1.0
34896,0.9961954715219421
34897,1.0
34898,1.0
34899,0.9222650601032953
34900,1.0
34901,1.0
34902,1.0
34903,1.0
34904,0.9547162621692032
34905,0.9912935786435785
34906,1.0
34907,1.0
34908,1.0
34909,1.0
34910,0.9991428571428571
34911,1.0
34912,1.0
34913,0.41607747709806553
34914,0.9997142857142858
34915,0.9997777777777779
34916,0.9927643134643135
34917,1.0
34918,1.0
34919,1.0
34920,1.0
34921,0.6338357985152108
34922,0.9984542124542125
34923,1.0
34924,0.9990952380952381
34925,0.9393553255567961
34926,1.0
34927,1.0
34928,1.0
34929,1.0
34930,1.0
34931,0.05145125446448977
34932,0.8900090773605478
34933,1.0
34934,1.0
34935,1.0
34936,0.9998461538461538
34937,0.9986256410256411
34938,1.0
34939,1.0
34940,1.0
34941,0.8538582987274164
34942,1.0
34943,1.0
34944,1.0
34945,1.0
34946,0.7068450053214762
34947,0.9968827838827838
34948,1.0
34949,1.0
34950,0.9987478632478632
34951,1.0
34952,0.999875
34953,1.0
34954,1.0
34955,1.0
34956,1.0
34957,1.0
34958,1.0
34959,1.0
34960,1.0
34961,1.0
34962,0.9980777777777777
34963,0.9944647741147741
34964,0.9785788923494806
34965,1.0
34966,0.9992000000000001
34967,1.0
34968,1.0
34969,1.0
34970,1.0
34971,0.9736093995100188
34972,0.9997999999999999
34973,0.9990166666666667
34974,1.0
34975,0.9996666666666667
34976,1.0
34977,1.0
34978,0.9996
34979,1.0
34980,1.0
34981,0.7175008408086574
34982,0.9994017094017094
34983,0.9803995491436668
34984,1.0
34985,1.0
34986,1.0
34987,1.0
34988,0.9988461538461538
34989,0.9958134920634921
34990,1.0
34991,0.9364241201608849
34992,0.9981989898989899
34993,0.9987606837606837
34994,0.8754256632256635
34995,0.9689669111590161
34996,0.9324784675622605
34997,1.0
34998,0.9998333333333334
34999,0.9191576085679025
35000,0.9991384615384615
35001,1.0
35002,1.0
35003,1.0
35004,0.9994285714285714
35005,0.9998461538461538
35006,1.0
35007,1.0
35008,1.0
35009,1.0
35010,1.0
35011,0.9826415445665446
35012,0.9993333333333334
35013,0.9996666666666666
35014,0.572630590805823
35015,0.9983238095238096
35016,0.9842051198801198
35017,1.0
35018,1.0
35019,0.39921207020533656
35020,1.0
35021,1.0
35022,1.0
35023,0.9996666666666666
35024,0.0906402502726033
35025,0.9992051282051282
35026,0.9989703760291995
35027,1.0
35028,1.0
35029,0.9979396603396603
35030,1.0
35031,1.0
35032,0.9624891580641582
35033,1.0
35034,1.0
35035,0.9610947903403779
35036,1.0
35037,1.0
35038,0.9974666666666668
35039,0.9974833333333334
35040,0.4580061202213675
35041,0.9976722222222223
35042,1.0
35043,1.0
35044,1.0
35045,1.0
35046,0.14619851356074268
35047,1.0
35048,0.9979333333333333
35049,1.0
35050,0.625354295274729
35051,0.9229086719781765
35052,0.9934772247360483
35053,1.0
35054,1.0
35055,1.0
35056,1.0
35057,1.0
35058,0.9988717948717949
35059,1.0
35060,1.0
35061,1.0
35062,1.0
35063,1.0
35064,1.0
35065,1.0
35066,0.9829741702741702
35067,0.9954659007659008
35068,0.9994181818181819
35069,0.827772156464107
35070,0.9959765567765568
35071,1.0
35072,1.0
35073,1.0
35074,0.7388948087859851
35075,0.9974928571428573
35076,0.9775380459409871
35077,1.0
35078,1.0
35079,1.0
35080,1.0
35081,1.0
35082,0.9933598484848485
35083,1.0
35084,1.0
35085,1.0
35086,0.9964666056166056
35087,1.0
35088,0.9994285714285714
35089,1.0
35090,1.0
35091,0.9754042180042181
35092,0.9986666666666666
35093,1.0
35094,1.0
35095,1.0
35096,1.0
35097,1.0
35098,1.0
35099,0.9686252275502278
35100,1.0
35101,0.6204478743049178
35102,1.0
35103,1.0
35104,0.9996666666666667
35105,1.0
35106,0.7454232691457148
35107,1.0
35108,1.0
35109,1.0
35110,1.0
35111,1.0
35112,1.0
35113,0.9976142857142856
35114,0.9979445665445664
35115,1.0
35116,1.0
35117,1.0
35118,1.0
35119,0.9990769230769231
35120,1.0
35121,1.0
35122,1.0
35123,0.589051467967877
35124,0.845704880087233
35125,1.0
35126,1.0
35127,1.0
35128,0.999371794871795
35129,0.9935468253968254
35130,0.9979333333333333
35131,1.0
35132,1.0
35133,1.0
35134,0.9986666666666666
35135,0.9951428571428572
35136,0.12195388777888781
35137,1.0
35138,1.0
35139,0.9990476190476192
35140,1.0
35141,0.9996666666666666
35142,0.9985396825396824
35143,1.0
35144,1.0
35145,1.0
35146,0.9996470588235294
35147,0.9939595515595516
35148,1.0
35149,0.9638399239649239
35150,1.0
35151,1.0
35152,1.0
35153,1.0
35154,1.0
35155,0.3270126984126985
35156,0.9875787046287047
35157,0.9996666666666667
35158,1.0
35159,0.9990634920634921
35160,1.0
35161,0.9537838883338884
35162,1.0
35163,0.9997142857142858
35164,0.8881424626027569
35165,1.0
35166,0.7508325852595975
35167,0.9973888888888889
35168,1.0
35169,1.0
35170,1.0
35171,1.0
35172,0.4552224041658826
35173,0.9909695887445888
35174,0.9989563492063491
35175,0.9700463686640156
35176,0.7094995217201104
35177,1.0
35178,0.998517316017316
35179,1.0
35180,1.0
35181,0.6072189280619621
35182,0.7748021335733414
35183,1.0
35184,1.0
35185,1.0
35186,1.0
35187,0.848816829017216
35188,0.9958541181041183
35189,1.0
35190,0.7131115893480445
35191,0.9055227993540684
35192,1.0
35193,0.8453194878650756
35194,0.9945484126984127
35195,0.9990285714285715
35196,1.0
35197,0.9852401487401484
35198,0.9727944638694639
35199,0.9925779276279277
35200,0.9824380674880672
35201,1.0
35202,0.953960296566179
35203,1.0
35204,1.0
35205,0.9913113553113553
35206,1.0
35207,1.0
35208,0.9508478929567169
35209,0.059495918623859764
35210,0.9854786602286603
35211,0.9534947499868549
35212,1.0
35213,0.9465971042029867
35214,0.965476112776113
35215,0.9996111111111112
35216,0.7271106831450956
35217,0.9995555555555555
35218,0.9727555916305917
35219,1.0
35220,0.8424435707910937
35221,1.0
35222,0.7863300544398839
35223,0.9854258240125886
35224,1.0
35225,0.5643725874281259
35226,1.0
35227,0.9997142857142857
35228,1.0
35229,0.9465190050145934
35230,1.0
35231,0.9669763452234041
35232,1.0
35233,0.9756100815850813
35234,0.9946031746031747
35235,0.9998333333333334
35236,1.0
35237,1.0
35238,0.9995
35239,1.0
35240,0.9997142857142857
35241,0.9998333333333332
35242,0.9976595238095238
35243,0.9995
35244,1.0
35245,0.9996666666666666
35246,1.0
35247,1.0
35248,0.9145559876398109
35249,0.9605720050417419
35250,1.0
35251,0.9945360028860029
35252,0.99975
35253,1.0
35254,0.9434815878565878
35255,0.8086198265786503
35256,1.0
35257,1.0
35258,1.0
35259,1.0
35260,0.9229274170274177
35261,1.0
35262,1.0
35263,0.986583460983461
35264,1.0
35265,0.9821644855144857
35266,1.0
35267,0.0446478676552206
35268,0.9996363636363637
35269,1.0
35270,0.9988285714285714
35271,0.9680233571983572
35272,1.0
35273,1.0
35274,1.0
35275,1.0
35276,1.0
35277,1.0
35278,1.0
35279,1.0
35280,1.0
35281,1.0
35282,1.0
35283,1.0
35284,0.786901298563837
35285,1.0
35286,1.0
35287,0.9698185667273902
35288,1.0
35289,0.9924688311688311
35290,1.0
35291,1.0
35292,1.0
35293,0.9409949023199027
35294,0.99975
35295,0.9981777777777779
35296,0.99975
35297,0.9880927849927852
35298,0.9990476190476191
35299,0.9997333333333334
35300,1.0
35301,1.0
35302,0.6628847400535486
35303,0.7058266853201838
35304,1.0
35305,0.9995
35306,0.6922589658793225
35307,1.0
35308,0.9808664133252372
35309,1.0
35310,1.0
35311,1.0
35312,0.8232937989026226
35313,0.9800977661227663
35314,0.9998333333333334
35315,1.0
35316,1.0
35317,1.0
35318,0.997697619047619
35319,0.9960420634920634
35320,0.9993333333333333
35321,1.0
35322,0.9858070984570984
35323,1.0
35324,0.9982436974789916
35325,1.0
35326,0.9396817812906048
35327,0.9995555555555555
35328,1.0
35329,0.9181890707331883
35330,1.0
35331,0.9794760905760908
35332,0.9994848484848486
35333,0.9993333333333334
35334,0.9996666666666667
35335,1.0
35336,0.47129311362012594
35337,0.99975
35338,0.9904074370074369
35339,0.5922348311045679
35340,0.9995
35341,1.0
35342,1.0
35343,0.7511772903652933
35344,0.9980666666666667
35345,0.9973208791208791
35346,1.0
35347,0.8854827468283354
35348,1.0
35349,0.9335543900543899
35350,1.0
35351,1.0
35352,1.0
35353,1.0
35354,1.0
35355,0.9905120102120103
35356,1.0
35357,1.0
35358,1.0
35359,0.9948251082251083
35360,1.0
35361,1.0
35362,1.0
35363,0.9913717393717394
35364,0.9995
35365,1.0
35366,1.0
35367,0.9993333333333333
35368,1.0
35369,0.9990909090909091
35370,1.0
35371,0.997568253968254
35372,1.0
35373,0.6566529777412131
35374,0.9886801587301589
35375,0.99925
35376,0.7287114098319979
35377,1.0
35378,0.753296834048305
35379,1.0
35380,0.9023902981005925
35381,0.759626598153391
35382,1.0
35383,1.0
35384,1.0
35385,0.997711111111111
35386,1.0
35387,1.0
35388,0.9978349206349207
35389,0.9997142857142857
35390,0.951282292544057
35391,1.0
35392,1.0
35393,0.9995
35394,1.0
35395,0.950177011877012
35396,1.0
35397,0.08746755074990376
35398,0.9992857142857143
35399,0.9381436804423645
35400,0.9855245777098717
35401,1.0
35402,0.9692247918747917
35403,1.0
35404,0.3061141414141414
35405,0.4533737982433802
35406,0.9448960892049127
35407,1.0
35408,0.9985041869894812
35409,1.0
35410,0.9588687058039996
35411,1.0
35412,1.0
35413,1.0
35414,0.9988280701754386
35415,1.0
35416,0.7207565494962551
35417,1.0
35418,1.0
35419,0.9983003246753248
35420,0.9997142857142858
35421,1.0
35422,1.0
35423,1.0
35424,1.0
35425,0.9715406508524154
35426,1.0
35427,1.0
35428,0.9942126984126985
35429,1.0
35430,0.32766667956226797
35431,0.7265894916487019
35432,0.9979527777777778
35433,0.9928419913419912
35434,1.0
35435,0.9993333333333334
35436,0.9928126984126983
35437,1.0
35438,0.9730368464868463
35439,1.0
35440,0.9989285714285715
35441,1.0
35442,1.0
35443,1.0
35444,1.0
35445,1.0
35446,0.9929067155067154
35447,1.0
35448,1.0
35449,1.0
35450,1.0
35451,0.8446199703890876
35452,1.0
35453,1.0
35454,0.9986816516816518
35455,1.0
35456,1.0
35457,1.0
35458,0.99975
35459,0.9987166666666667
35460,1.0
35461,0.9995555555555555
35462,0.9981190476190476
35463,1.0
35464,1.0
35465,1.0
35466,1.0
35467,0.9996
35468,1.0
35469,1.0
35470,1.0
35471,0.9996
35472,1.0
35473,0.9556122088695619
35474,1.0
35475,0.997334126984127
35476,1.0
35477,1.0
35478,1.0
35479,1.0
35480,0.47508648361106304
35481,1.0
35482,1.0
35483,0.9997142857142858
35484,1.0
35485,1.0
35486,1.0
35487,1.0
35488,1.0
35489,1.0
35490,0.9761693697255618
35491,0.9980952380952381
35492,0.9989142857142858
35493,0.8051142924069394
35494,0.5361785706467594
35495,0.9996666666666667
35496,1.0
35497,0.9998181818181818
35498,1.0
35499,0.9996
35500,0.2023761821511821
35501,0.9992000000000001
35502,1.0
35503,1.0
35504,0.9141102083588926
35505,1.0
35506,0.9997142857142857
35507,1.0
35508,0.9976161172161172
35509,0.99975
35510,1.0
35511,1.0
35512,1.0
35513,1.0
35514,0.14439699499846562
35515,1.0
35516,1.0
35517,1.0
35518,0.745718267654258
35519,0.9983333333333333
35520,0.9997142857142858
35521,0.9990333333333334
35522,1.0
35523,0.9988717948717949
35524,1.0
35525,0.8105916239762989
35526,1.0
35527,1.0
35528,0.9985316017316016
35529,1.0
35530,0.9990525030525029
35531,0.9978666666666667
35532,0.9548038115479294
35533,0.9997777777777779
35534,1.0
35535,0.9875399711399713
35536,1.0
35537,1.0
35538,0.936720435120435
35539,0.9960642135642137
35540,1.0
35541,0.9946670634920635
35542,1.0
35543,1.0
35544,1.0
35545,1.0
35546,0.9974822843822846
35547,0.9970494864612511
35548,0.9995999999999999
35549,1.0
35550,1.0
35551,1.0
35552,0.9977948717948717
35553,0.9689872016872016
35554,0.3072203299968006
35555,1.0
35556,0.7781128441819617
35557,0.9998333333333332
35558,0.8830310610442191
35559,0.9854257575757576
35560,0.9994285714285714
35561,0.8329262696110222
35562,0.9992083333333334
35563,1.0
35564,1.0
35565,1.0
35566,0.9893996642246643
35567,0.7898864768358582
35568,0.7824566935386594
35569,1.0
35570,1.0
35571,0.9976021645021645
35572,0.99925
35573,1.0
35574,1.0
35575,0.9984
35576,1.0
35577,1.0
35578,0.9903855552943788
35579,1.0
35580,0.9921255688755689
35581,1.0
35582,0.7859627700730643
35583,1.0
35584,1.0
35585,0.941739877279583
35586,0.9953959373959372
35587,0.9997777777777779
35588,0.9923542313895255
35589,0.9900067396655631
35590,1.0
35591,1.0
35592,1.0
35593,0.9994166666666667
35594,1.0
35595,1.0
35596,1.0
35597,1.0
35598,0.999
35599,1.0
35600,0.9995
35601,1.0
35602,1.0
35603,1.0
35604,1.0
35605,1.0
35606,0.9776916087180793
35607,1.0
35608,0.9995
35609,1.0
35610,0.8798192430118905
35611,0.9976071428571429
35612,0.9869971195471197
35613,0.998304761904762
35614,0.9687168969918973
35615,1.0
35616,0.9815751970251971
35617,1.0
35618,1.0
35619,1.0
35620,1.0
35621,0.6044936058437603
35622,1.0
35623,1.0
35624,0.9990642857142857
35625,0.9950888888888888
35626,1.0
35627,0.5038458948773966
35628,1.0
35629,1.0
35630,0.9517956595691894
35631,0.9964031746031746
35632,0.8014359339662748
35633,0.2014541592222707
35634,1.0
35635,1.0
35636,0.9997777777777779
35637,1.0
35638,1.0
35639,1.0
35640,1.0
35641,1.0
35642,1.0
35643,1.0
35644,1.0
35645,0.9997999999999999
35646,0.9475828227328227
35647,0.5279750891437424
35648,1.0
35649,0.8387691995654845
35650,0.9992380952380951
35651,0.9774713952713954
35652,0.24521550753168395
35653,1.0
35654,1.0
35655,1.0
35656,1.0
35657,0.9977285714285715
35658,1.0
35659,0.9943625457875457
35660,0.9986280701754386
35661,1.0
35662,1.0
35663,0.8210109001335779
35664,1.0
35665,0.8339251144452379
35666,1.0
35667,1.0
35668,0.997561038961039
35669,1.0
35670,1.0
35671,1.0
35672,0.9813226162726166
35673,1.0
35674,1.0
35675,1.0
35676,0.9994444444444445
35677,1.0
35678,0.5721335084849787
35679,1.0
35680,1.0
35681,0.9419012903762902
35682,0.974757905982906
35683,1.0
35684,1.0
35685,0.9996239316239316
35686,1.0
35687,1.0
35688,0.9992285714285714
35689,0.9634642045089412
35690,1.0
35691,1.0
35692,1.0
35693,1.0
35694,0.8721983292850942
35695,1.0
35696,1.0
35697,1.0
35698,1.0
35699,1.0
35700,0.9891446592623065
35701,1.0
35702,1.0
35703,1.0
35704,0.987492309651133
35705,1.0
35706,1.0
35707,1.0
35708,0.9876213952713953
35709,1.0
35710,1.0
35711,1.0
35712,0.9784215034965037
35713,1.0
35714,1.0
35715,0.949380919733861
35716,1.0
35717,0.9948897102897104
35718,1.0
35719,0.7966775660613894
35720,1.0
35721,1.0
35722,0.9974803113553113
35723,0.9987642857142857
35724,1.0
35725,0.9954932773109244
35726,0.9997142857142858
35727,1.0
35728,1.0
35729,1.0
35730,1.0
35731,1.0
35732,1.0
35733,0.4239018404883726
35734,0.549590385457336
35735,1.0
35736,0.9606326284826286
35737,1.0
35738,1.0
35739,1.0
35740,1.0
35741,1.0
35742,0.9988717948717949
35743,1.0
35744,0.9997142857142857
35745,0.8519545803869333
35746,1.0
35747,1.0
35748,1.0
35749,1.0
35750,1.0
35751,1.0
35752,0.9721431623931625
35753,1.0
35754,1.0
35755,1.0
35756,1.0
35757,1.0
35758,1.0
35759,1.0
35760,1.0
35761,1.0
35762,0.9947910533910534
35763,0.9737210705960707
35764,1.0
35765,0.9316898280683884
35766,0.9486527802263094
35767,0.9993333333333333
35768,0.9992878787878788
35769,1.0
35770,0.9618417400453002
35771,1.0
35772,0.9941710456210455
35773,1.0
35774,1.0
35775,0.9381341893400718
35776,0.9425469791646263
35777,1.0
35778,0.9137039643363173
35779,1.0
35780,0.9112066544566542
35781,0.9989090909090909
35782,1.0
35783,0.9849574231324231
35784,1.0
35785,1.0
35786,1.0
35787,0.9959619047619047
35788,0.9811098734598733
35789,1.0
35790,0.9836937993379169
35791,0.9940404817404819
35792,1.0
35793,1.0
35794,1.0
35795,1.0
35796,0.9997999999999999
35797,1.0
35798,0.9982000000000001
35799,1.0
35800,0.9984928571428572
35801,0.9946084415584415
35802,0.9871309523809524
35803,1.0
35804,1.0
35805,0.9852440392940394
35806,1.0
35807,1.0
35808,0.9713008241758244
35809,1.0
35810,1.0
35811,1.0
35812,1.0
35813,1.0
35814,1.0
35815,1.0
35816,1.0
35817,1.0
35818,1.0
35819,1.0
35820,0.9388104331942567
35821,0.9991
35822,0.9943587301587302
35823,1.0
35824,1.0
35825,1.0
35826,1.0
35827,0.8685839488942425
35828,1.0
35829,0.996188467088467
35830,1.0
35831,1.0
35832,0.9162341602841602
35833,1.0
35834,1.0
35835,1.0
35836,0.7249194723319335
35837,0.9915499999999998
35838,1.0
35839,1.0
35840,1.0
35841,0.9951379509379508
35842,0.999
35843,1.0
35844,1.0
35845,0.5633043366592125
35846,1.0
35847,0.986458320764203
35848,1.0
35849,0.9995
35850,1.0
35851,0.8435533957872192
35852,1.0
35853,1.0
35854,1.0
35855,1.0
35856,1.0
35857,1.0
35858,1.0
35859,0.9960849673202614
35860,1.0
35861,1.0
35862,1.0
35863,0.9841295954045954
35864,0.9998461538461538
35865,1.0
35866,0.9990545454545455
35867,0.9785381229881229
35868,0.9993333333333334
35869,0.9923615079365079
35870,1.0
35871,0.9993142857142858
35872,0.68580494983173
35873,1.0
35874,0.9553604895104894
35875,1.0
35876,1.0
35877,1.0
35878,0.9964776733500419
35879,1.0
35880,1.0
35881,1.0
35882,0.9997999999999999
35883,0.9312619002342685
35884,1.0
35885,0.9986785714285714
35886,1.0
35887,1.0
35888,0.4518743747480589
35889,1.0
35890,0.9990285714285715
35891,1.0
35892,0.8370665205709319
35893,1.0
35894,1.0
35895,1.0
35896,1.0
35897,1.0
35898,1.0
35899,0.998
35900,1.0
35901,0.9934856310356309
35902,0.9924941752691755
35903,0.9983763125763127
35904,1.0
35905,0.9947626262626262
35906,0.9224889140271495
35907,0.9347784937284935
35908,1.0
35909,1.0
35910,1.0
35911,1.0
35912,1.0
35913,0.998797619047619
35914,1.0
35915,1.0
35916,0.9640133864501509
35917,1.0
35918,1.0
35919,1.0
35920,0.9920967166820108
35921,1.0
35922,1.0
35923,0.9995
35924,0.9026205415499537
35925,0.47321497560410586
35926,1.0
35927,1.0
35928,0.44270041543423916
35929,1.0
35930,0.9996666666666666
35931,1.0
35932,1.0
35933,0.9994285714285714
35934,1.0
35935,0.999371794871795
35936,0.9869974358974358
35937,1.0
35938,0.9992000000000001
35939,0.9513847180597179
35940,1.0
35941,0.9980992063492063
35942,1.0
35943,0.9901798701298703
35944,1.0
35945,0.7017415075120949
35946,0.9969220557220557
35947,0.9992999999999999
35948,1.0
35949,0.990624544899545
35950,1.0
35951,1.0
35952,0.9996666666666666
35953,1.0
35954,0.9980404040404041
35955,1.0
35956,1.0
35957,1.0
35958,1.0
35959,1.0
35960,1.0
35961,1.0
35962,1.0
35963,1.0
35964,1.0
35965,1.0
35966,0.9736765873015873
35967,1.0
35968,0.6649985991133048
35969,0.9679014901764905
35970,1.0
35971,1.0
35972,0.996787012987013
35973,1.0
35974,1.0
35975,1.0
35976,1.0
35977,0.9546931818181815
35978,0.9994761904761905
35979,0.9993809523809523
35980,0.9979965700965703
35981,0.9940263791763791
35982,0.9487919180492712
35983,0.9996
35984,0.9996
35985,0.9886453712953713
35986,0.9984580586080588
35987,1.0
35988,1.0
35989,1.0
35990,0.9945189754689753
35991,0.8935016898134543
35992,1.0
35993,1.0
35994,1.0
35995,1.0
35996,1.0
35997,1.0
35998,1.0
35999,1.0
36000,0.9959772283272283
36001,1.0
36002,0.9993604395604395
36003,1.0
36004,1.0
36005,0.7271397648103527
36006,1.0
36007,1.0
36008,0.9996363636363637
36009,1.0
36010,0.9996666666666666
36011,1.0
36012,1.0
36013,0.7436448768293966
36014,0.9886550338550338
36015,0.9622985981338925
36016,0.8513302143934498
36017,1.0
36018,0.9941104395604394
36019,0.8800183372870686
36020,1.0
36021,0.9786264735264736
36022,1.0
36023,1.0
36024,1.0
36025,0.6679951618900534
36026,1.0
36027,1.0
36028,0.9854877400377402
36029,1.0
36030,1.0
36031,1.0
36032,0.9980833333333332
36033,0.9695449872452969
36034,1.0
36035,1.0
36036,0.737916922341952
36037,1.0
36038,0.9984095238095239
36039,1.0
36040,1.0
36041,0.758313626811008
36042,0.983785065261536
36043,0.9985396825396824
36044,0.9934024276377217
36045,0.8449250048541064
36046,0.884412021775954
36047,1.0
36048,0.9998181818181818
36049,1.0
36050,0.9987606837606837
36051,1.0
36052,1.0
36053,0.99825
36054,1.0
36055,1.0
36056,0.5284208143164025
36057,1.0
36058,0.9992747252747253
36059,0.9109213231213232
36060,0.9873532523032522
36061,1.0
36062,0.9972142857142858
36063,1.0
36064,1.0
36065,1.0
36066,0.5154917428976252
36067,1.0
36068,0.16764330256946366
36069,0.9962301120448179
36070,0.9971110805860806
36071,1.0
36072,1.0
36073,0.9734571474792839
36074,1.0
36075,1.0
36076,0.9595053657127189
36077,1.0
36078,0.9898542124542127
36079,1.0
36080,0.9958656177156177
36081,1.0
36082,1.0
36083,1.0
36084,0.9997142857142858
36085,1.0
36086,0.9994848484848484
36087,0.9990772283272285
36088,0.982749531024531
36089,1.0
36090,1.0
36091,1.0
36092,1.0
36093,1.0
36094,1.0
36095,0.9919449494949496
36096,1.0
36097,0.9984217948717948
36098,0.9160570462217521
36099,1.0
36100,1.0
36101,1.0
36102,1.0
36103,1.0
36104,1.0
36105,1.0
36106,0.9956581363081363
36107,1.0
36108,1.0
36109,1.0
36110,1.0
36111,1.0
36112,1.0
36113,0.9986000000000002
36114,1.0
36115,0.9964298701298699
36116,1.0
36117,1.0
36118,1.0
36119,0.9994285714285714
36120,1.0
36121,1.0
36122,0.9852537705758295
36123,0.99975
36124,0.9792878815628817
36125,1.0
36126,1.0
36127,0.9083720398882161
36128,1.0
36129,0.9342611408199641
36130,0.9989142857142858
36131,0.9940622315592905
36132,1.0
36133,0.9864901875901873
36134,0.6867314499226261
36135,1.0
36136,1.0
36137,1.0
36138,1.0
36139,1.0
36140,1.0
36141,1.0
36142,1.0
36143,0.9984071428571428
36144,0.787912748689219
36145,1.0
36146,0.9922061605061605
36147,1.0
36148,0.9987809523809524
36149,0.9977222222222223
36150,1.0
36151,0.9994181818181819
36152,0.9850702075702076
36153,1.0
36154,1.0
36155,1.0
36156,0.9988571428571428
36157,1.0
36158,0.9542842213342213
36159,0.9969649350649351
36160,1.0
36161,1.0
36162,1.0
36163,0.9938540182040184
36164,0.9984273504273504
36165,0.6723835687188627
36166,1.0
36167,1.0
36168,1.0
36169,1.0
36170,0.9601023296706735
36171,1.0
36172,1.0
36173,0.9954114718614718
36174,1.0
36175,0.9991666666666666
36176,0.8463887744951988
36177,0.9692745504495506
36178,1.0
36179,1.0
36180,1.0
36181,0.8086420321508562
36182,1.0
36183,0.7366892339686453
36184,0.9997142857142857
36185,0.9993142857142857
36186,1.0
36187,1.0
36188,1.0
36189,1.0
36190,1.0
36191,0.9739969252969253
36192,0.922408327783328
36193,1.0
36194,0.9996666666666666
36195,1.0
36196,1.0
36197,1.0
36198,0.9987606837606837
36199,0.31906257499810126
36200,1.0
36201,0.9948888888888888
36202,1.0
36203,0.9848613886113886
36204,0.9964215665053902
36205,1.0
36206,0.9797760017760017
36207,1.0
36208,0.183292820586706
36209,1.0
36210,1.0
36211,0.9955428571428571
36212,1.0
36213,0.9984051948051949
36214,0.9993658008658008
36215,0.9550480981436865
36216,1.0
36217,1.0
36218,0.9922415917415919
36219,1.0
36220,0.9994666666666666
36221,0.9959039682539683
36222,0.9843807747807748
36223,1.0
36224,1.0
36225,0.9973728715728716
36226,1.0
36227,0.9943857142857142
36228,1.0
36229,0.998576911976912
36230,1.0
36231,0.999
36232,0.9838356444209387
36233,0.9765921744921744
36234,1.0
36235,0.9996363636363637
36236,1.0
36237,0.7778994773716136
36238,0.9993333333333334
36239,0.9964035714285715
36240,0.9980404040404041
36241,1.0
36242,1.0
36243,1.0
36244,1.0
36245,0.9754715083162453
36246,1.0
36247,1.0
36248,1.0
36249,1.0
36250,1.0
36251,0.9990940170940171
36252,1.0
36253,0.9998333333333332
36254,1.0
36255,1.0
36256,0.9099496882202764
36257,1.0
36258,1.0
36259,1.0
36260,1.0
36261,1.0
36262,1.0
36263,1.0
36264,1.0
36265,0.9915966727716726
36266,0.9997999999999999
36267,1.0
36268,1.0
36269,1.0
36270,1.0
36271,1.0
36272,0.9165928395134278
36273,0.9922509315847552
36274,1.0
36275,1.0
36276,0.9914849456099456
36277,0.9997142857142857
36278,1.0
36279,0.9908046231546233
36280,1.0
36281,0.9947328643578645
36282,0.9994848484848485
36283,0.9984273504273504
36284,1.0
36285,0.9965633477633478
36286,0.9676860368389778
36287,0.99975
36288,1.0
36289,0.9762059995559996
36290,1.0
36291,0.9991428571428571
36292,1.0
36293,1.0
36294,1.0
36295,0.9958677045177045
36296,1.0
36297,1.0
36298,0.9924136502386504
36299,0.9205499497234793
36300,0.9931223443223444
36301,1.0
36302,0.687350214817862
36303,1.0
36304,1.0
36305,0.6313659539892518
36306,0.996997435897436
36307,1.0
36308,0.7691497114770333
36309,0.999
36310,1.0
36311,1.0
36312,1.0
36313,1.0
36314,1.0
36315,0.9854122405372405
36316,1.0
36317,1.0
36318,0.7678303473100685
36319,1.0
36320,1.0
36321,0.9650888433204226
36322,0.95448957806899
36323,1.0
36324,1.0
36325,1.0
36326,1.0
36327,1.0
36328,1.0
36329,1.0
36330,0.9632594389270858
36331,1.0
36332,1.0
36333,0.33615611682607055
36334,0.9969473316157528
36335,0.99975
36336,0.8652217366826503
36337,0.2728282818059136
36338,0.9997142857142858
36339,1.0
36340,0.9973285714285713
36341,1.0
36342,1.0
36343,1.0
36344,1.0
36345,1.0
36346,1.0
36347,1.0
36348,1.0
36349,0.9984273504273504
36350,1.0
36351,0.99925
36352,1.0
36353,1.0
36354,0.6571772868084785
36355,1.0
36356,1.0
36357,0.9957217948717949
36358,0.9967246031746031
36359,1.0
36360,0.9995555555555555
36361,0.44586485057769915
36362,1.0
36363,1.0
36364,0.9995384615384616
36365,0.9652909645909649
36366,1.0
36367,1.0
36368,0.9936972222222223
36369,1.0
36370,1.0
36371,0.9991666666666666
36372,1.0
36373,0.3933353935280408
36374,0.9964809523809524
36375,1.0
36376,0.9681222235281058
36377,1.0
36378,1.0
36379,0.9576784880410268
36380,0.9992142857142856
36381,0.9946991841491842
36382,1.0
36383,1.0
36384,0.9959907203907205
36385,1.0
36386,1.0
36387,1.0
36388,1.0
36389,0.8841162203809264
36390,0.9957751803751804
36391,0.9840803418803418
36392,1.0
36393,1.0
36394,0.9997777777777779
36395,1.0
36396,1.0
36397,0.42166428310251874
36398,0.9991111111111111
36399,1.0
36400,1.0
36401,0.9344605841526896
36402,0.9950850427350428
36403,1.0
36404,0.9888235307176484
36405,0.9987545454545455
36406,0.9990285714285715
36407,0.7945493181569038
36408,0.998984126984127
36409,0.9994666666666667
36410,1.0
36411,1.0
36412,1.0
36413,0.13957984597102258
36414,0.9383444469788896
36415,1.0
36416,0.9991428571428571
36417,1.0
36418,1.0
36419,1.0
36420,1.0
36421,0.9399706626706624
36422,0.9933166666666667
36423,0.9976892551892553
36424,1.0
36425,1.0
36426,1.0
36427,1.0
36428,1.0
36429,0.9998181818181818
36430,1.0
36431,1.0
36432,0.9895310384060384
36433,0.9988333333333334
36434,0.8946850255953194
36435,0.9980317460317459
36436,1.0
36437,0.8376782849417528
36438,1.0
36439,1.0
36440,0.9984444444444445
36441,1.0
36442,1.0
36443,0.5567649901611974
36444,1.0
36445,1.0
36446,1.0
36447,0.9024497078085321
36448,1.0
36449,1.0
36450,1.0
36451,0.9996931818181818
36452,0.9997142857142857
36453,0.9962590318178552
36454,0.99975
36455,1.0
36456,0.9998181818181817
36457,1.0
36458,0.25283149595502546
36459,1.0
36460,1.0
36461,0.8266283409401058
36462,1.0
36463,0.9924042457542456
36464,1.0
36465,1.0
36466,0.9996666666666666
36467,0.6601752064327144
36468,1.0
36469,1.0
36470,0.5382813513284098
36471,0.9985714285714286
36472,0.9497346938235484
36473,1.0
36474,1.0
36475,0.8784217339076469
36476,0.950334999314411
36477,0.9992045454545455
36478,0.7903770704527665
36479,1.0
36480,0.9942349206349205
36481,0.9545792829719304
36482,0.3245896396431224
36483,1.0
36484,0.9012425380261291
36485,0.99975
36486,0.983388394938395
36487,0.9784580680757151
36488,0.9949873015873016
36489,1.0
36490,0.8861704080233491
36491,1.0
36492,1.0
36493,1.0
36494,1.0
36495,1.0
36496,1.0
36497,0.9984624395212631
36498,0.9562594975286154
36499,1.0
36500,1.0
36501,0.9994545454545455
36502,1.0
36503,0.9953743284493285
36504,1.0
36505,0.9992051282051282
36506,0.9955325396825397
36507,1.0
36508,0.8150748520829015
36509,1.0
36510,1.0
36511,0.9996666666666666
36512,1.0
36513,1.0
36514,1.0
36515,1.0
36516,0.2362942519898403
36517,1.0
36518,1.0
36519,1.0
36520,0.9960515873015874
36521,0.2024598833742798
36522,1.0
36523,0.9993392857142858
36524,0.9763680092783033
36525,1.0
36526,1.0
36527,0.998971794871795
36528,1.0
36529,0.9997777777777779
36530,1.0
36531,1.0
36532,1.0
36533,1.0
36534,1.0
36535,1.0
36536,1.0
36537,0.9986415140415141
36538,0.9985550527903468
36539,0.7241891241799141
36540,0.983580360815655
36541,1.0
36542,0.9815174547674542
36543,0.9969880341880342
36544,0.9845586524586522
36545,1.0
36546,0.851373389699396
36547,1.0
36548,1.0
36549,0.9996923076923077
36550,0.6010139306771665
36551,1.0
36552,0.5674658343204781
36553,1.0
36554,0.9151663740637552
36555,1.0
36556,1.0
36557,0.809274759554171
36558,1.0
36559,0.99975
36560,1.0
36561,1.0
36562,0.9989285714285715
36563,1.0
36564,1.0
36565,1.0
36566,1.0
36567,0.9962785714285713
36568,0.9993333333333334
36569,1.0
36570,1.0
36571,1.0
36572,0.9998333333333332
36573,1.0
36574,0.9934491841491842
36575,1.0
36576,1.0
36577,0.9054981485834429
36578,1.0
36579,0.992417205017205
36580,0.9968947368421053
36581,0.9996
36582,1.0
36583,1.0
36584,1.0
36585,1.0
36586,1.0
36587,0.9983075757575758
36588,1.0
36589,1.0
36590,1.0
36591,0.9981999999999999
36592,0.9967365079365079
36593,0.9094990065490067
36594,1.0
36595,1.0
36596,1.0
36597,0.9522033921960392
36598,1.0
36599,0.9996
36600,1.0
36601,1.0
36602,0.9152464658750262
36603,0.9995
36604,1.0
36605,1.0
36606,0.9997999999999999
36607,1.0
36608,0.0622269753122694
36609,0.991340873015873
36610,1.0
36611,0.9286346514596517
36612,0.9992666666666666
36613,0.9992467532467533
36614,1.0
36615,0.9954363636363637
36616,0.9897897070250011
36617,1.0
36618,0.6480697215323378
36619,0.9994545454545455
36620,1.0
36621,1.0
36622,1.0
36623,1.0
36624,0.9163536639493025
36625,1.0
36626,1.0
36627,0.9987179487179487
36628,1.0
36629,1.0
36630,0.9564589632675546
36631,1.0
36632,0.9997142857142857
36633,1.0
36634,1.0
36635,1.0
36636,1.0
36637,0.995384632034632
36638,0.3282941260150238
36639,0.9519883449883452
36640,0.42323236432470207
36641,0.9988888888888889
36642,0.9995555555555555
36643,1.0
36644,0.9979170829170831
36645,0.1844941293828292
36646,1.0
36647,0.9990666666666667
36648,0.9996666666666666
36649,0.7001419667478489
36650,1.0
36651,0.9464362761421582
36652,1.0
36653,1.0
36654,1.0
36655,0.9975940170940171
36656,1.0
36657,0.9995604395604396
36658,1.0
36659,0.9997777777777779
36660,1.0
36661,0.9984500000000001
36662,0.9535743877897127
36663,1.0
36664,0.9974397824397824
36665,1.0
36666,0.9553629852603538
36667,0.9972521645021646
36668,1.0
36669,0.8953429070929069
36670,0.9990909090909091
36671,0.4565270091020088
36672,0.9857119880119881
36673,0.9882933760683761
36674,1.0
36675,0.9329536264389204
36676,0.9985333333333333
36677,1.0
36678,1.0
36679,0.9459681614652975
36680,0.9124408879648043
36681,1.0
36682,1.0
36683,1.0
36684,1.0
36685,1.0
36686,0.999497668997669
36687,1.0
36688,1.0
36689,1.0
36690,1.0
36691,1.0
36692,1.0
36693,0.9996666666666666
36694,0.4414853902289664
36695,1.0
36696,1.0
36697,1.0
36698,1.0
36699,1.0
36700,1.0
36701,1.0
36702,1.0
36703,0.998
36704,1.0
36705,1.0
36706,1.0
36707,1.0
36708,0.9987777777777779
36709,1.0
36710,0.9948148656898658
36711,0.9990808080808081
36712,0.9984351204351204
36713,0.9985075757575758
36714,1.0
36715,0.8055413457543487
36716,0.9536341147156937
36717,1.0
36718,1.0
36719,1.0
36720,1.0
36721,1.0
36722,0.9978730158730158
36723,0.9997142857142858
36724,0.9935900793650795
36725,1.0
36726,0.9985178571428571
36727,0.4029072533675478
36728,1.0
36729,0.9997999999999999
36730,1.0
36731,0.9877433961463371
36732,0.9993
36733,0.9550814796314797
36734,1.0
36735,0.9463177427006072
36736,0.9972642857142856
36737,0.9548673992673994
36738,1.0
36739,1.0
36740,1.0
36741,1.0
36742,1.0
36743,0.999
36744,0.9996666666666666
36745,1.0
36746,1.0
36747,0.9984206349206349
36748,0.9857912975912976
36749,1.0
36750,1.0
36751,0.9995384615384616
36752,1.0
36753,0.9994285714285714
36754,1.0
36755,0.9930754356754357
36756,1.0
36757,1.0
36758,0.9499494929906693
36759,0.9991428571428571
36760,1.0
36761,0.9952060606060606
36762,0.6753476267025029
36763,0.997984126984127
36764,1.0
36765,1.0
36766,1.0
36767,0.99975
36768,1.0
36769,0.9995
36770,1.0
36771,1.0
36772,0.9948132534132534
36773,0.9988214285714285
36774,1.0
36775,1.0
36776,1.0
36777,0.6343475662022876
36778,1.0
36779,0.9995
36780,0.9992271062271062
36781,1.0
36782,1.0
36783,0.9984444444444445
36784,0.9607563226247436
36785,1.0
36786,1.0
36787,1.0
36788,0.9864259074259074
36789,0.9977737373737374
36790,0.7548030192030188
36791,0.9681877068322116
36792,1.0
36793,0.9996666666666666
36794,0.9580880619380616
36795,1.0
36796,0.9997777777777779
36797,1.0
36798,1.0
36799,1.0
36800,1.0
36801,1.0
36802,1.0
36803,1.0
36804,1.0
36805,1.0
36806,1.0
36807,0.99925
36808,0.26168467851378063
36809,0.987495143745144
36810,1.0
36811,0.9889647019647022
36812,0.9827828424843129
36813,1.0
36814,0.9649104833075423
36815,1.0
36816,1.0
36817,1.0
36818,1.0
36819,0.923515325816255
36820,1.0
36821,0.991175951825952
36822,0.9982285714285714
36823,0.9987777777777779
36824,1.0
36825,0.9995384615384616
36826,1.0
36827,1.0
36828,0.9877673881673882
36829,1.0
36830,1.0
36831,1.0
36832,1.0
36833,1.0
36834,0.9990476190476191
36835,0.8719358770314651
36836,0.9596221157927038
36837,1.0
36838,0.9122850837758731
36839,0.9993162393162394
36840,0.996527731092437
36841,1.0
36842,0.9997142857142857
36843,0.8454633567412979
36844,1.0
36845,0.9996
36846,1.0
36847,0.9994285714285714
36848,1.0
36849,1.0
36850,1.0
36851,0.9541964877485778
36852,1.0
36853,0.9950727272727273
36854,0.9870939393939394
36855,0.9967023809523811
36856,0.9996
36857,0.9758982572982573
36858,1.0
36859,1.0
36860,1.0
36861,1.0
36862,1.0
36863,1.0
36864,1.0
36865,1.0
36866,0.9996666666666666
36867,0.9967142857142857
36868,0.9928857142857144
36869,0.981941414141414
36870,0.9587504301254302
36871,0.8226428685693391
36872,1.0
36873,1.0
36874,1.0
36875,1.0
36876,0.9995
36877,0.9766246031746029
36878,1.0
36879,0.8385050260540969
36880,1.0
36881,1.0
36882,0.9996666666666666
36883,1.0
36884,1.0
36885,0.9398264183528889
36886,0.9911415249782899
36887,1.0
36888,1.0
36889,0.9995142857142856
36890,1.0
36891,1.0
36892,1.0
36893,1.0
36894,1.0
36895,0.9966563492063493
36896,0.9990642857142857
36897,0.9992051282051282
36898,0.9984717948717949
36899,0.9992000000000001
36900,1.0
36901,1.0
36902,1.0
36903,0.9987606837606837
36904,0.9985896825396827
36905,0.9630558713989831
36906,1.0
36907,0.9979333333333332
36908,1.0
36909,0.9165979654332592
36910,0.9712004873695276
36911,0.9963218614718614
36912,1.0
36913,0.9908520499108734
36914,1.0
36915,1.0
36916,1.0
36917,1.0
36918,1.0
36919,0.7775732112658582
36920,0.9985765460030167
36921,0.9356871837313012
36922,1.0
36923,0.9772056239512121
36924,1.0
36925,1.0
36926,1.0
36927,1.0
36928,1.0
36929,0.973987948162948
36930,0.9993162393162394
36931,1.0
36932,0.9991688311688312
36933,0.7132408586511527
36934,1.0
36935,1.0
36936,0.9190420889567945
36937,0.9986848484848485
36938,0.997397619047619
36939,1.0
36940,1.0
36941,0.9993809523809524
36942,1.0
36943,1.0
36944,1.0
36945,0.7297878088467226
36946,0.9996666666666666
36947,0.8011461866221159
36948,1.0
36949,0.99905
36950,1.0
36951,1.0
36952,0.9856453601953602
36953,1.0
36954,0.9752808044896281
36955,1.0
36956,0.8226012568099256
36957,0.1996375328919446
36958,0.9761616066939598
36959,1.0
36960,0.6023076393334904
36961,0.9996
36962,1.0
36963,1.0
36964,0.2655137085137085
36965,0.9991111111111111
36966,0.5627798095523334
36967,0.9746092863019336
36968,1.0
36969,1.0
36970,0.9844723443223442
36971,0.9996
36972,1.0
36973,0.997791514041514
36974,1.0
36975,1.0
36976,1.0
36977,0.9960404761904761
36978,1.0
36979,1.0
36980,1.0
36981,1.0
36982,0.99975
36983,1.0
36984,0.18264213400978108
36985,1.0
36986,1.0
36987,1.0
36988,0.9222154781493015
36989,0.9982696969696969
36990,1.0
36991,1.0
36992,1.0
36993,0.9995555555555555
36994,1.0
36995,0.9996666666666666
36996,0.9977349206349206
36997,0.8163496640012895
36998,1.0
36999,1.0
37000,0.9930687146187147
37001,1.0
37002,0.9942126984126984
37003,1.0
37004,1.0
37005,0.19972551786019277
37006,1.0
37007,1.0
37008,1.0
37009,1.0
37010,0.9498872230710466
37011,0.9381203162850218
37012,0.9995961538461539
37013,0.9202376943318119
37014,0.9986785714285714
37015,0.9982089022089021
37016,0.531847450975237
37017,0.9589821887263063
37018,1.0
37019,1.0
37020,1.0
37021,1.0
37022,1.0
37023,1.0
37024,0.636780049199167
37025,1.0
37026,0.9996363636363637
37027,0.9946084415584415
37028,1.0
37029,0.9895306970806969
37030,1.0
37031,1.0
37032,0.9936579365079364
37033,1.0
37034,0.9996
37035,1.0
37036,0.998984126984127
37037,0.99975
37038,0.99925
37039,0.9856341547341544
37040,0.9990476190476191
37041,0.9977238095238096
37042,1.0
37043,1.0
37044,1.0
37045,1.0
37046,0.9993333333333334
37047,1.0
37048,1.0
37049,0.9531000749250749
37050,1.0
37051,1.0
37052,1.0
37053,0.9996
37054,1.0
37055,1.0
37056,1.0
37057,1.0
37058,0.880275176131059
37059,1.0
37060,0.9830517485782192
37061,1.0
37062,1.0
37063,0.9997142857142858
37064,1.0
37065,1.0
37066,1.0
37067,1.0
37068,1.0
37069,1.0
37070,1.0
37071,1.0
37072,0.9911380397380397
37073,0.9979115079365078
37074,0.9746730519480519
37075,0.9079261966533637
37076,1.0
37077,0.8639902467329713
37078,0.947326776001776
37079,1.0
37080,0.9899746031746033
37081,0.9980904040404043
37082,1.0
37083,1.0
37084,1.0
37085,0.8799084950146995
37086,0.99975
37087,1.0
37088,1.0
37089,0.5661108804594102
37090,0.8259135669885672
37091,1.0
37092,0.9970732683982683
37093,0.9693988206238203
37094,1.0
37095,1.0
37096,0.9984142857142857
37097,1.0
37098,1.0
37099,0.9404653157300218
37100,0.3320083619940434
37101,0.9975231435231436
37102,1.0
37103,0.9979199633699632
37104,0.9985666666666666
37105,0.7249783302524795
37106,0.9985495543672013
37107,0.9995128205128204
37108,1.0
37109,1.0
37110,1.0
37111,0.9281288955798239
37112,0.999004761904762
37113,1.0
37114,1.0
37115,1.0
37116,1.0
37117,0.9901458652458653
37118,1.0
37119,0.9997777777777779
37120,0.9989230769230769
37121,1.0
37122,0.4014640555351082
37123,1.0
37124,1.0
37125,1.0
37126,0.9996
37127,1.0
37128,1.0
37129,0.9994285714285714
37130,1.0
37131,0.40929716328895666
37132,0.9996
37133,1.0
37134,1.0
37135,0.9062947405535644
37136,1.0
37137,1.0
37138,1.0
37139,1.0
37140,1.0
37141,1.0
37142,0.9994285714285714
37143,1.0
37144,1.0
37145,1.0
37146,0.9997142857142857
37147,1.0
37148,1.0
37149,0.9998333333333334
37150,0.9994642857142858
37151,1.0
37152,1.0
37153,1.0
37154,1.0
37155,0.730905125215342
37156,0.9995555555555555
37157,1.0
37158,0.15384312419606544
37159,1.0
37160,1.0
37161,0.99975
37162,0.9890539099789102
37163,1.0
37164,1.0
37165,1.0
37166,1.0
37167,1.0
37168,0.19197672796759482
37169,0.9996666666666666
37170,1.0
37171,1.0
37172,1.0
37173,0.9961298701298701
37174,0.9740588267941206
37175,1.0
37176,1.0
37177,0.7897434908087088
37178,1.0
37179,1.0
37180,1.0
37181,1.0
37182,1.0
37183,0.9995555555555555
37184,1.0
37185,0.9942910481331534
37186,1.0
37187,0.99925
37188,0.9776765651015649
37189,0.999095238095238
37190,1.0
37191,1.0
37192,1.0
37193,1.0
37194,1.0
37195,1.0
37196,1.0
37197,0.6897119470398885
37198,0.9990476190476191
37199,1.0
37200,0.9972354978354978
37201,0.9994226190476191
37202,1.0
37203,1.0
37204,1.0
37205,1.0
37206,1.0
37207,0.9968626984126984
37208,1.0
37209,0.9974571428571428
37210,1.0
37211,1.0
37212,1.0
37213,1.0
37214,0.991964502164502
37215,1.0
37216,1.0
37217,0.6411165448930154
37218,1.0
37219,0.9997
37220,0.9996666666666666
37221,1.0
37222,1.0
37223,0.34511742596928335
37224,0.6336343024622435
37225,0.9974045454545454
37226,1.0
37227,1.0
37228,0.5210584493937434
37229,1.0
37230,1.0
37231,1.0
37232,1.0
37233,0.8306720242176123
37234,1.0
37235,1.0
37236,1.0
37237,1.0
37238,0.9996666666666666
37239,1.0
37240,1.0
37241,0.9739776715974084
37242,1.0
37243,0.9824436119436121
37244,0.9996
37245,0.9962523809523809
37246,0.9957277777777778
37247,1.0
37248,1.0
37249,1.0
37250,1.0
37251,0.9979884615384614
37252,1.0
37253,1.0
37254,1.0
37255,1.0
37256,0.9979897435897435
37257,1.0
37258,0.8901221542475413
37259,1.0
37260,1.0
37261,1.0
37262,1.0
37263,0.9605213067634121
37264,1.0
37265,0.9823428571428573
37266,1.0
37267,1.0
37268,1.0
37269,1.0
37270,1.0
37271,0.2751513170953574
37272,1.0
37273,1.0
37274,0.7377166466544481
37275,1.0
37276,0.998561038961039
37277,1.0
37278,1.0
37279,1.0
37280,0.942489804854588
37281,1.0
37282,1.0
37283,1.0
37284,0.9902464646464647
37285,1.0
37286,1.0
37287,1.0
37288,0.9997999999999999
37289,0.9206635860871154
37290,1.0
37291,1.0
37292,1.0
37293,0.9933645679483916
37294,0.9982095238095239
37295,0.9521966117645684
37296,0.9992777777777778
37297,0.9815642602495546
37298,0.9946169275169278
37299,0.9959182539682542
37300,0.8545651995665159
37301,1.0
37302,0.9969540129804835
37303,1.0
37304,0.9334163315442728
37305,1.0
37306,1.0
37307,0.9984273504273503
37308,1.0
37309,1.0
37310,1.0
37311,1.0
37312,1.0
37313,1.0
37314,0.9894142031171441
37315,1.0
37316,0.9987916666666666
37317,1.0
37318,0.9984206349206349
37319,1.0
37320,1.0
37321,0.9993333333333334
37322,1.0
37323,0.5613447050885125
37324,1.0
37325,0.9989173881673883
37326,0.9358655899655901
37327,1.0
37328,0.9991470588235294
37329,1.0
37330,1.0
37331,1.0
37332,0.38927507391129684
37333,0.9959816017316017
37334,1.0
37335,1.0
37336,0.9985273504273505
37337,1.0
37338,0.9994000000000001
37339,1.0
37340,0.9367409110497346
37341,1.0
37342,1.0
37343,0.9941282106782107
37344,1.0
37345,0.9993104395604395
37346,0.9045342733921381
37347,0.9996
37348,1.0
37349,0.9996
37350,0.9997777777777779
37351,0.27688519895137553
37352,1.0
37353,0.9824929903429902
37354,1.0
37355,1.0
37356,1.0
37357,0.9988030303030304
37358,0.9980198412698413
37359,0.9595584387834386
37360,1.0
37361,0.9993113636363635
37362,1.0
37363,1.0
37364,1.0
37365,0.9996666666666667
37366,1.0
37367,0.8681432152246732
37368,1.0
37369,0.7613739815739813
37370,1.0
37371,1.0
37372,0.9955655622155622
37373,0.6657878965919988
37374,1.0
37375,1.0
37376,1.0
37377,1.0
37378,1.0
37379,0.9995961538461539
37380,1.0
37381,0.9747994061494061
37382,1.0
37383,0.9990338680926917
37384,1.0
37385,0.8719585365614775
37386,0.42855911651128364
37387,0.9994285714285714
37388,0.9991785714285715
37389,1.0
37390,1.0
37391,1.0
37392,0.6041179219473343
37393,0.9823924776204187
37394,1.0
37395,1.0
37396,0.8233963940342423
37397,1.0
37398,1.0
37399,0.9941959956709957
37400,1.0
37401,1.0
37402,1.0
37403,1.0
37404,1.0
37405,1.0
37406,0.9831808178749356
37407,1.0
37408,1.0
37409,0.9596730938995641
37410,0.9985416666666667
37411,0.9479797868797872
37412,0.9977888167388168
37413,1.0
37414,0.9995777777777778
37415,1.0
37416,1.0
37417,1.0
37418,1.0
37419,0.9707361276838059
37420,1.0
37421,1.0
37422,1.0
37423,0.9878948107448108
37424,0.9085454432048862
37425,0.6272727663289583
37426,0.8409509030185501
37427,0.3086614947144359
37428,1.0
37429,0.9996
37430,1.0
37431,1.0
37432,1.0
37433,1.0
37434,1.0
37435,1.0
37436,1.0
37437,1.0
37438,0.9994444444444445
37439,1.0
37440,0.9690236322157373
37441,1.0
37442,1.0
37443,1.0
37444,0.7056752539514153
37445,1.0
37446,1.0
37447,1.0
37448,1.0
37449,0.9408167332667331
37450,0.8870481972276091
37451,0.895643919169925
37452,1.0
37453,1.0
37454,1.0
37455,0.9970828837828839
37456,0.7191743990558225
37457,1.0
37458,1.0
37459,1.0
37460,1.0
37461,1.0
37462,0.650769514154576
37463,1.0
37464,1.0
37465,1.0
37466,0.997778144078144
37467,0.9497210764725472
37468,1.0
37469,0.8968249906268486
37470,1.0
37471,0.48451890053530944
37472,1.0
37473,0.9981157287157286
37474,1.0
37475,1.0
37476,1.0
37477,1.0
37478,1.0
37479,0.9998181818181818
37480,0.992922091797092
37481,0.851666973841432
37482,1.0
37483,0.998057142857143
37484,1.0
37485,1.0
37486,0.9937012987012988
37487,0.999
37488,1.0
37489,1.0
37490,0.9738422466422463
37491,1.0
37492,0.9928016594516593
37493,0.997962148962149
37494,1.0
37495,1.0
37496,1.0
37497,1.0
37498,0.9962968031968032
37499,0.9997142857142858
37500,0.9886791486291485
37501,1.0
37502,1.0
37503,1.0
37504,1.0
37505,1.0
37506,0.9552995672628026
37507,0.9161887778630041
37508,0.9988928571428571
37509,1.0
37510,1.0
37511,0.05757177213910961
37512,1.0
37513,0.9997142857142858
37514,0.9997777777777779
37515,0.999
37516,1.0
37517,0.9972884615384615
37518,1.0
37519,1.0
37520,0.9791990976859398
37521,0.9960828643578645
37522,1.0
37523,0.9991333333333333
37524,1.0
37525,0.9998461538461538
37526,0.999
37527,0.9972717948717948
37528,0.9909720057720058
37529,0.9962333610833609
37530,1.0
37531,0.9086483692777813
37532,1.0
37533,1.0
37534,1.0
37535,1.0
37536,0.9995555555555555
37537,1.0
37538,1.0
37539,0.6555573377602787
37540,1.0
37541,0.9395551810934163
37542,0.7978346947170483
37543,1.0
37544,0.9430631368631371
37545,1.0
37546,0.9609763046894627
37547,1.0
37548,1.0
37549,1.0
37550,1.0
37551,0.9220573429838137
37552,0.8192190737367198
37553,1.0
37554,0.9933610167610167
37555,1.0
37556,1.0
37557,1.0
37558,1.0
37559,1.0
37560,1.0
37561,1.0
37562,0.9969545454545455
37563,0.9790440115440117
37564,1.0
37565,0.9918243867243868
37566,0.9996
37567,1.0
37568,1.0
37569,0.9765187950937952
37570,0.9826327773533654
37571,0.9986095238095238
37572,0.9407539016539022
37573,0.4176570920050026
37574,0.9068373582300049
37575,1.0
37576,0.9907431651681652
37577,1.0
37578,1.0
37579,1.0
37580,1.0
37581,1.0
37582,1.0
37583,0.9975047619047619
37584,0.24351083361083356
37585,1.0
37586,1.0
37587,1.0
37588,0.9995777777777778
37589,1.0
37590,0.995643654591023
37591,1.0
37592,1.0
37593,0.9903221472971471
37594,0.9995490196078431
37595,0.6954897120853001
37596,0.9662147176095321
37597,0.9699638861138863
37598,0.998942857142857
37599,1.0
37600,0.9960532523032524
37601,0.9985309523809524
37602,0.8541475703862704
37603,0.332618253968254
37604,0.997683116883117
37605,0.8771314201622255
37606,1.0
37607,1.0
37608,0.9907128900511253
37609,1.0
37610,1.0
37611,1.0
37612,0.9225684688720296
37613,0.9791904595404597
37614,0.9971800865800865
37615,0.9613349487114194
37616,0.8853752850091088
37617,1.0
37618,0.780021948871562
37619,0.9989166666666668
37620,1.0
37621,0.9983753968253968
37622,0.050201087801087785
37623,1.0
37624,1.0
37625,0.9994285714285714
37626,0.9699095473154298
37627,0.9907645576645576
37628,0.8994324656337822
37629,1.0
37630,1.0
37631,0.09330108241431777
37632,1.0
37633,0.9366258073625723
37634,0.9987111111111111
37635,0.2007116323219265
37636,0.8867443494414089
37637,0.99975
37638,1.0
37639,0.9996666666666666
37640,1.0
37641,0.99885
37642,0.9986813186813187
37643,1.0
37644,0.9998333333333334
37645,1.0
37646,0.9967558080808079
37647,0.8513831624859491
37648,0.9980432900432901
37649,0.9823936028883397
37650,1.0
37651,1.0
37652,1.0
37653,1.0
37654,1.0
37655,0.9703768590886237
37656,0.9989642857142857
37657,1.0
37658,1.0
37659,0.9898061827061828
37660,1.0
37661,0.9811865222496803
37662,0.998576911976912
37663,1.0
37664,0.9165229076479076
37665,0.7906495302341275
37666,1.0
37667,1.0
37668,1.0
37669,0.9912260822510822
37670,1.0
37671,0.961993598068598
37672,1.0
37673,0.9921084907782276
37674,0.5643290079201846
37675,0.9996666666666666
37676,0.9981991341991342
37677,1.0
37678,1.0
37679,0.9795810411810414
37680,1.0
37681,1.0
37682,0.9989523809523809
37683,1.0
37684,0.9982273504273503
37685,1.0
37686,0.9930413717001954
37687,0.9983762903762904
37688,1.0
37689,1.0
37690,1.0
37691,0.9988888888888889
37692,1.0
37693,1.0
37694,1.0
37695,1.0
37696,1.0
37697,1.0
37698,0.9968600122100122
37699,1.0
37700,0.9464483914778035
37701,1.0
37702,1.0
37703,0.7921386781519139
37704,0.9004372883652296
37705,0.9720195304695306
37706,1.0
37707,1.0
37708,0.7238199714553555
37709,0.9865472664590313
37710,1.0
37711,1.0
37712,1.0
37713,0.9976011904761904
37714,1.0
37715,1.0
37716,1.0
37717,1.0
37718,1.0
37719,1.0
37720,1.0
37721,1.0
37722,1.0
37723,1.0
37724,0.9980132756132757
37725,0.9995555555555555
37726,1.0
37727,0.9952293650793651
37728,1.0
37729,1.0
37730,0.9359488400230658
37731,0.9993214285714287
37732,1.0
37733,1.0
37734,0.9462573981573984
37735,0.9687767106302708
37736,1.0
37737,0.9996666666666666
37738,1.0
37739,1.0
37740,1.0
37741,0.961224719561484
37742,1.0
37743,1.0
37744,0.23052777760595097
37745,1.0
37746,1.0
37747,0.9895946664446664
37748,0.9825274725274721
37749,1.0
37750,1.0
37751,1.0
37752,1.0
37753,1.0
37754,0.888081030029482
37755,1.0
37756,0.9761388167388168
37757,0.9911861471861474
37758,1.0
37759,1.0
37760,1.0
37761,1.0
37762,0.03066744970715558
37763,1.0
37764,1.0
37765,1.0
37766,1.0
37767,1.0
37768,1.0
37769,1.0
37770,1.0
37771,1.0
37772,0.8646402776703861
37773,0.05822061516914458
37774,1.0
37775,0.960913029127735
37776,0.7237558137940486
37777,1.0
37778,1.0
37779,0.999
37780,0.9991714285714287
37781,0.9881772644022643
37782,1.0
37783,1.0
37784,0.99842326007326
37785,0.9920124542124542
37786,0.994257142857143
37787,1.0
37788,0.9637047107862896
37789,1.0
37790,1.0
37791,1.0
37792,0.9787789664583781
37793,1.0
37794,0.9986666666666667
37795,1.0
37796,0.9966349206349208
37797,1.0
37798,1.0
37799,1.0
37800,1.0
37801,0.7621880529257463
37802,0.9931467166820108
37803,0.7669852635926169
37804,1.0
37805,1.0
37806,1.0
37807,0.9985595238095237
37808,0.9996666666666666
37809,1.0
37810,0.9574043291675645
37811,1.0
37812,0.9879090187590187
37813,1.0
37814,0.9906540182040182
37815,0.9988149350649349
37816,1.0
37817,1.0
37818,0.9309928561634442
37819,1.0
37820,1.0
37821,0.5083504793795816
37822,1.0
37823,1.0
37824,0.9671945332445333
37825,1.0
37826,1.0
37827,1.0
37828,0.99925
37829,1.0
37830,0.9986156565656565
37831,0.99875
37832,1.0
37833,1.0
37834,0.3401747500435578
37835,1.0
37836,0.9971456848706848
37837,1.0
37838,1.0
37839,1.0
37840,1.0
37841,0.9740380912946704
37842,0.9998947368421052
37843,1.0
37844,1.0
37845,0.44888070524246976
37846,1.0
37847,1.0
37848,1.0
37849,0.9963003663003663
37850,1.0
37851,1.0
37852,1.0
37853,1.0
37854,0.6809061073257665
37855,1.0
37856,1.0
37857,0.9997777777777779
37858,1.0
37859,1.0
37860,0.9232791552960282
37861,0.4126411899761749
37862,0.9953149096002039
37863,0.35187676294293935
37864,1.0
37865,1.0
37866,1.0
37867,0.9976336996336997
37868,1.0
37869,0.9998461538461538
37870,0.9994181818181819
37871,1.0
37872,1.0
37873,1.0
37874,0.6937143411713848
37875,1.0
37876,0.9987606837606837
37877,0.9458835210970663
37878,1.0
37879,1.0
37880,0.9985506493506492
37881,1.0
37882,1.0
37883,1.0
37884,0.9968123515373516
37885,0.9904211899211899
37886,1.0
37887,1.0
37888,1.0
37889,0.8698979007920185
37890,0.9965666666666667
37891,0.9907127196333079
37892,0.7844401142631019
37893,0.9995
37894,1.0
37895,0.9190004970519674
37896,0.8333570707642222
37897,1.0
37898,0.99402326007326
37899,0.9393183150183149
37900,0.9986674641148325
37901,1.0
37902,0.9909374014874016
37903,1.0
37904,0.9903626179376179
37905,1.0
37906,0.9356308413808414
37907,0.5811379756981921
37908,0.7898351708748766
37909,1.0
37910,1.0
37911,0.9955674603174602
37912,0.9863304306804307
37913,1.0
37914,1.0
37915,0.9989333333333332
37916,1.0
37917,0.35281269744187704
37918,1.0
37919,0.9132324074188627
37920,1.0
37921,0.9994545454545455
37922,1.0
37923,0.9270116457072336
37924,0.9963136446886447
37925,0.9995
37926,1.0
37927,0.3038503261444439
37928,1.0
37929,1.0
37930,1.0
37931,0.284356296524253
37932,1.0
37933,0.9996
37934,0.8845002564257208
37935,1.0
37936,1.0
37937,0.7573761294261292
37938,1.0
37939,1.0
37940,0.9995555555555555
37941,0.9941830447330448
37942,1.0
37943,1.0
37944,1.0
37945,1.0
37946,1.0
37947,1.0
37948,1.0
37949,1.0
37950,0.968055239205239
37951,0.9923103174603174
37952,0.9931047286047285
37953,1.0
37954,0.9993
37955,0.961342776667777
37956,1.0
37957,1.0
37958,1.0
37959,0.0455098784256679
37960,0.99925
37961,1.0
37962,0.9984273504273504
37963,0.9998461538461538
37964,0.9994848484848485
37965,0.952385830835831
37966,1.0
37967,1.0
37968,0.9997999999999999
37969,1.0
37970,1.0
37971,1.0
37972,1.0
37973,1.0
37974,0.9701042624042626
37975,1.0
37976,1.0
37977,1.0
37978,0.9994545454545455
37979,1.0
37980,0.998939393939394
37981,1.0
37982,0.9989428571428571
37983,0.9996333333333334
37984,1.0
37985,0.48717571138012294
37986,0.8289764200196097
37987,0.30919030381383344
37988,1.0
37989,1.0
37990,0.9983111111111111
37991,1.0
37992,1.0
37993,0.9989
37994,1.0
37995,0.9901569763569763
37996,1.0
37997,0.9410677914964293
37998,1.0
37999,0.6309664952469884
38000,0.4506187258733704
38001,0.36407189512413946
38002,1.0
38003,1.0
38004,1.0
38005,1.0
38006,1.0
38007,1.0
38008,1.0
38009,0.9991666666666666
38010,1.0
38011,1.0
38012,0.9836248695748695
38013,1.0
38014,1.0
38015,0.9993809523809523
38016,1.0
38017,0.8432153523892684
38018,1.0
38019,1.0
38020,0.6581629310575903
38021,1.0
38022,1.0
38023,1.0
38024,0.8936663745611112
38025,1.0
38026,0.9214320873570878
38027,0.9981873015873016
38028,0.9857680375180375
38029,0.9411209179709179
38030,0.9717127434656845
38031,1.0
38032,0.34205604720357063
38033,1.0
38034,1.0
38035,1.0
38036,1.0
38037,1.0
38038,1.0
38039,1.0
38040,0.9997333333333334
38041,0.9997999999999999
38042,0.9977817460317461
38043,1.0
38044,0.9996
38045,1.0
38046,1.0
38047,0.9978852147852149
38048,0.9960156954156956
38049,0.45784697386376955
38050,0.9996666666666666
38051,1.0
38052,0.9998571428571429
38053,1.0
38054,0.9997999999999999
38055,0.9870025641025639
38056,1.0
38057,1.0
38058,0.9979523809523808
38059,1.0
38060,0.9996666666666666
38061,0.9996666666666666
38062,1.0
38063,1.0
38064,0.8717626386685208
38065,0.605657892253945
38066,1.0
38067,0.9879041847041846
38068,0.946112647156765
38069,0.9652175478116656
38070,0.9971349206349207
38071,0.6811200053214758
38072,1.0
38073,1.0
38074,1.0
38075,0.9997142857142858
38076,1.0
38077,0.9989230769230769
38078,0.989562531912532
38079,1.0
38080,0.9770736346986347
38081,1.0
38082,1.0
38083,1.0
38084,1.0
38085,0.3370193423419734
38086,1.0
38087,1.0
38088,0.9995
38089,0.9992142857142858
38090,0.9996666666666666
38091,1.0
38092,0.9799051820728293
38093,1.0
38094,0.9997999999999999
38095,1.0
38096,0.9968809523809524
38097,0.038475445632798574
38098,1.0
38099,0.9068120234340821
38100,0.9542985225301015
38101,1.0
38102,0.9944963342213343
38103,1.0
38104,0.972717277820219
38105,1.0
38106,1.0
38107,0.9241965478965478
38108,0.6442486945716825
38109,0.999047619047619
38110,1.0
38111,0.9997777777777779
38112,0.25079443460736034
38113,1.0
38114,1.0
38115,1.0
38116,1.0
38117,0.9028614416629122
38118,1.0
38119,1.0
38120,1.0
38121,1.0
38122,0.9992142857142856
38123,0.9974007936507936
38124,1.0
38125,0.15297800565447633
38126,0.9330973288149756
38127,0.9783074152971216
38128,0.9993333333333334
38129,1.0
38130,1.0
38131,0.998001633986928
38132,1.0
38133,1.0
38134,0.3194105535932936
38135,1.0
38136,1.0
38137,0.5844902443961266
38138,0.9925244644244645
38139,1.0
38140,1.0
38141,1.0
38142,0.2876028003815929
38143,1.0
38144,1.0
38145,0.9990000000000001
38146,1.0
38147,1.0
38148,1.0
38149,0.8275036806245017
38150,1.0
38151,0.909590426489575
38152,1.0
38153,0.9996470588235294
38154,1.0
38155,0.9927370851370851
38156,0.9943909645909645
38157,1.0
38158,1.0
38159,0.9996
38160,1.0
38161,1.0
38162,1.0
38163,0.9983500000000001
38164,0.38718519133085694
38165,1.0
38166,0.6880873808691275
38167,1.0
38168,1.0
38169,0.9951953272217978
38170,1.0
38171,0.9984175824175825
38172,1.0
38173,1.0
38174,1.0
38175,0.9994141414141414
38176,0.9993777777777777
38177,0.942395849738497
38178,1.0
38179,0.9996
38180,1.0
38181,1.0
38182,1.0
38183,1.0
38184,1.0
38185,1.0
38186,0.11434976092019439
38187,1.0
38188,1.0
38189,1.0
38190,1.0
38191,1.0
38192,0.6255075820120711
38193,0.9689719474969474
38194,1.0
38195,1.0
38196,1.0
38197,0.950211518804553
38198,1.0
38199,1.0
38200,0.9965225885225886
38201,1.0
38202,1.0
38203,1.0
38204,0.9997777777777779
38205,1.0
38206,1.0
38207,0.9997999999999999
38208,0.9987222222222223
38209,0.980429336839631
38210,0.94577109002109
38211,0.9981375495849182
38212,0.9968824675324675
38213,1.0
38214,0.9791805381752752
38215,1.0
38216,0.9940163691313848
38217,0.7301622308118435
38218,0.36530861617742444
38219,1.0
38220,0.9963166666666666
38221,1.0
38222,0.9217486098868455
38223,1.0
38224,1.0
38225,1.0
38226,0.9438297434591554
38227,1.0
38228,1.0
38229,0.9908636002886003
38230,1.0
38231,1.0
38232,1.0
38233,0.9965708069708068
38234,0.9989230769230769
38235,1.0
38236,1.0
38237,0.9996666666666666
38238,1.0
38239,1.0
38240,1.0
38241,1.0
38242,0.9479759242219773
38243,0.2782460131285985
38244,1.0
38245,1.0
38246,1.0
38247,1.0
38248,0.9996
38249,0.9822868964368964
38250,0.857182744543039
38251,1.0
38252,0.7921689650390883
38253,1.0
38254,1.0
38255,1.0
38256,1.0
38257,0.9990086580086579
38258,0.9693154951257892
38259,0.9986285714285715
38260,1.0
38261,0.9963261183261184
38262,1.0
38263,1.0
38264,0.9795292220851045
38265,0.7507333897011144
38266,0.74145163924311
38267,1.0
38268,1.0
38269,1.0
38270,1.0
38271,0.8076651348651354
38272,1.0
38273,0.9635583000332999
38274,1.0
38275,0.9942349206349205
38276,1.0
38277,1.0
38278,1.0
38279,1.0
38280,1.0
38281,1.0
38282,0.9661983801887826
38283,0.2959072110895639
38284,0.7194481554736969
38285,1.0
38286,1.0
38287,0.9987707847707848
38288,1.0
38289,1.0
38290,0.9952917887667889
38291,0.6110294687424717
38292,1.0
38293,0.9981396825396824
38294,0.9809808802308801
38295,0.38979067941862017
38296,1.0
38297,1.0
38298,1.0
38299,1.0
38300,0.9942742979242978
38301,1.0
38302,1.0
38303,1.0
38304,1.0
38305,1.0
38306,1.0
38307,1.0
38308,0.9983845471521942
38309,1.0
38310,1.0
38311,1.0
38312,1.0
38313,0.1875281068604597
38314,0.9997142857142858
38315,1.0
38316,0.9993333333333334
38317,1.0
38318,0.7348472925595213
38319,0.9941210012210011
38320,1.0
38321,1.0
38322,1.0
38323,1.0
38324,1.0
38325,1.0
38326,1.0
38327,1.0
38328,0.989057142857143
38329,0.9997999999999999
38330,0.9986
38331,1.0
38332,1.0
38333,1.0
38334,0.9509397240014885
38335,1.0
38336,1.0
38337,1.0
38338,0.9958997835497836
38339,1.0
38340,1.0
38341,0.9967177045177046
38342,1.0
38343,0.663137046381551
38344,0.9996666666666667
38345,1.0
38346,1.0
38347,1.0
38348,1.0
38349,1.0
38350,1.0
38351,1.0
38352,1.0
38353,1.0
38354,0.9722352536352533
38355,0.5392631802751766
38356,0.9998947368421053
38357,1.0
38358,0.981272637982932
38359,1.0
38360,0.9994285714285714
38361,0.9170463840081492
38362,1.0
38363,1.0
38364,1.0
38365,1.0
38366,1.0
38367,1.0
38368,1.0
38369,0.7945357471218156
38370,1.0
38371,1.0
38372,0.7270578838258405
38373,1.0
38374,0.9758057054057055
38375,0.9371776737967914
38376,1.0
38377,1.0
38378,1.0
38379,0.9998571428571429
38380,1.0
38381,0.9996666666666666
38382,1.0
38383,0.9644909063159061
38384,1.0
38385,1.0
38386,0.9428205856235269
38387,1.0
38388,1.0
38389,1.0
38390,0.9772504384504385
38391,1.0
38392,1.0
38393,0.996815873015873
38394,1.0
38395,0.8653261488511488
38396,0.9956000666000665
38397,1.0
38398,1.0
38399,1.0
38400,0.9771899184149185
38401,1.0
38402,1.0
38403,1.0
38404,0.9995384615384616
38405,1.0
38406,0.1067565016682665
38407,1.0
38408,0.38375631557984496
38409,0.989251043237808
38410,0.8406492443830682
38411,0.9934967166820109
38412,1.0
38413,0.9971083333333333
38414,1.0
38415,0.9578416139416142
38416,1.0
38417,0.9552047011468062
38418,1.0
38419,1.0
38420,0.9987606837606837
38421,1.0
38422,1.0
38423,0.9994545454545455
38424,0.837530383342148
38425,0.8428081153366752
38426,1.0
38427,1.0
38428,1.0
38429,1.0
38430,1.0
38431,0.7473718658792188
38432,0.9313764790764787
38433,1.0
38434,0.999875
38435,1.0
38436,1.0
38437,1.0
38438,1.0
38439,0.9995
38440,0.9990555555555556
38441,1.0
38442,1.0
38443,1.0
38444,1.0
38445,1.0
38446,0.9997999999999999
38447,1.0
38448,1.0
38449,0.5917745434532118
38450,1.0
38451,1.0
38452,1.0
38453,1.0
38454,1.0
38455,1.0
38456,0.9981531746031745
38457,1.0
38458,0.9996666666666666
38459,0.9979166666666667
38460,0.9916839965589965
38461,0.991301515151515
38462,0.9986166666666667
38463,0.9977309523809524
38464,0.9895284992784992
38465,1.0
38466,1.0
38467,1.0
38468,1.0
38469,1.0
38470,1.0
38471,0.8892028040071382
38472,1.0
38473,1.0
38474,0.9897972277722278
38475,1.0
38476,1.0
38477,1.0
38478,1.0
38479,1.0
38480,0.9785992707584813
38481,1.0
38482,0.8439117000302763
38483,1.0
38484,1.0
38485,0.9993333333333334
38486,1.0
38487,1.0
38488,1.0
38489,1.0
38490,1.0
38491,0.9679910506160506
38492,0.9982239316239316
38493,0.9985606837606836
38494,1.0
38495,0.9963993284493284
38496,1.0
38497,0.9896655656435068
38498,1.0
38499,0.8276932674824312
38500,1.0
38501,1.0
38502,0.9997142857142857
38503,0.9577253991106934
38504,1.0
38505,1.0
38506,1.0
38507,1.0
38508,1.0
38509,0.7829592019092018
38510,1.0
38511,1.0
38512,1.0
38513,0.9966336996336997
38514,0.9848695804195805
38515,1.0
38516,0.7812925150013386
38517,0.9927228993228995
38518,1.0
38519,1.0
38520,1.0
38521,1.0
38522,0.9307978988331925
38523,1.0
38524,0.9987272727272728
38525,1.0
38526,0.9768006382506385
38527,0.9992467532467533
38528,1.0
38529,1.0
38530,1.0
38531,1.0
38532,1.0
38533,1.0
38534,1.0
38535,0.9825235791985794
38536,1.0
38537,0.9346833635662585
38538,0.9998333333333334
38539,1.0
38540,0.9908125901875903
38541,1.0
38542,1.0
38543,0.9760563103563102
38544,0.9996666666666666
38545,0.9605220821662003
38546,0.987249253034547
38547,0.9993333333333333
38548,1.0
38549,0.7834266913513042
38550,0.9976166666666667
38551,0.995574337916985
38552,0.9978349206349207
38553,0.9986666666666667
38554,1.0
38555,0.4275719456240357
38556,0.18532663839428543
38557,1.0
38558,1.0
38559,1.0
38560,0.9899561593377382
38561,0.9827771062271062
38562,0.998397619047619
38563,1.0
38564,0.5840467812802954
38565,0.9998823529411764
38566,0.9988285714285714
38567,1.0
38568,1.0
38569,1.0
38570,0.9981606837606837
38571,1.0
38572,1.0
38573,0.9994
38574,0.1741901229231725
38575,1.0
38576,1.0
38577,0.7887101427983783
38578,0.9996666666666667
38579,1.0
38580,1.0
38581,0.9922539682539682
38582,1.0
38583,1.0
38584,1.0
38585,1.0
38586,1.0
38587,0.9997777777777779
38588,1.0
38589,1.0
38590,0.7049186612664939
38591,0.9719318749877571
38592,1.0
38593,0.9973886752136752
38594,1.0
38595,0.9997777777777779
38596,1.0
38597,1.0
38598,0.9991217532467533
38599,1.0
38600,0.9988131868131868
38601,1.0
38602,1.0
38603,0.9973564102564103
38604,0.8658779912897554
38605,1.0
38606,0.9806041264291264
38607,0.9857781995781995
38608,1.0
38609,1.0
38610,1.0
38611,1.0
38612,1.0
38613,1.0
38614,1.0
38615,0.9757491785991788
38616,1.0
38617,1.0
38618,0.9992738095238095
38619,0.8190237424340368
38620,0.977850293334117
38621,1.0
38622,1.0
38623,1.0
38624,0.9993181818181818
38625,1.0
38626,1.0
38627,1.0
38628,1.0
38629,0.9973587301587302
38630,0.9968385281385281
38631,0.9991
38632,1.0
38633,0.9984397759103641
38634,1.0
38635,0.9970146825396825
38636,0.6653616184383213
38637,1.0
38638,0.9701500914118559
38639,0.6108112670009733
38640,1.0
38641,0.9979611111111111
38642,1.0
38643,0.3314775071333892
38644,0.998132783882784
38645,0.9987587301587302
38646,1.0
38647,0.9979196969696971
38648,1.0
38649,1.0
38650,1.0
38651,1.0
38652,1.0
38653,0.9903015262515263
38654,1.0
38655,0.9998333333333332
38656,0.9535914085914087
38657,1.0
38658,0.9917334351922588
38659,0.9977641025641026
38660,1.0
38661,1.0
38662,1.0
38663,0.6796369134735236
38664,0.8611295106939846
38665,0.9993333333333334
38666,1.0
38667,0.9998333333333332
38668,1.0
38669,1.0
38670,0.9995
38671,1.0
38672,1.0
38673,1.0
38674,1.0
38675,1.0
38676,0.9905687377981497
38677,1.0
38678,1.0
38679,1.0
38680,0.9972626262626262
38681,1.0
38682,0.3612393440237091
38683,1.0
38684,1.0
38685,1.0
38686,0.9940581168831168
38687,0.99925
38688,1.0
38689,1.0
38690,1.0
38691,1.0
38692,0.9991111111111111
38693,1.0
38694,0.9997777777777779
38695,1.0
38696,1.0
38697,1.0
38698,1.0
38699,0.8706876133670256
38700,1.0
38701,0.9940227688977689
38702,0.99975
38703,1.0
38704,0.9997999999999999
38705,0.9982156862745099
38706,1.0
38707,0.9997142857142858
38708,0.9179843240093241
38709,1.0
38710,1.0
38711,0.555469909132835
38712,0.8252378618113915
38713,0.8186658628265436
38714,0.9985555555555555
38715,0.9030149915100381
38716,1.0
38717,1.0
38718,0.998776911976912
38719,1.0
38720,1.0
38721,0.9855210031798267
38722,1.0
38723,0.996692857142857
38724,0.9994545454545455
38725,0.9450823634140197
38726,0.9996
38727,1.0
38728,1.0
38729,1.0
38730,1.0
38731,0.44104998088127984
38732,1.0
38733,1.0
38734,1.0
38735,0.9786212898212897
38736,0.9991821895424837
38737,0.9966479853479855
38738,0.998027777777778
38739,0.9235620379620383
38740,1.0
38741,0.9970826007326008
38742,0.9983271062271061
38743,0.9983340326340328
38744,0.7492207668750235
38745,0.9972136335886336
38746,0.7723037132114531
38747,0.9992000000000001
38748,1.0
38749,1.0
38750,1.0
38751,1.0
38752,0.9970930791430792
38753,0.9996
38754,0.11502634114251764
38755,1.0
38756,1.0
38757,0.99925
38758,1.0
38759,1.0
38760,1.0
38761,1.0
38762,1.0
38763,1.0
38764,1.0
38765,0.999
38766,1.0
38767,0.9975309523809522
38768,1.0
38769,1.0
38770,1.0
38771,1.0
38772,0.9990833333333333
38773,1.0
38774,0.9784591852591855
38775,1.0
38776,0.03389317251376076
38777,1.0
38778,1.0
38779,0.9967765567765567
38780,1.0
38781,0.8380866408445355
38782,0.6754859097988357
38783,1.0
38784,0.8232458964066549
38785,1.0
38786,0.9956457431457432
38787,1.0
38788,1.0
38789,1.0
38790,0.9995
38791,1.0
38792,1.0
38793,1.0
38794,0.9996
38795,1.0
38796,1.0
38797,0.9889551226551228
38798,1.0
38799,1.0
38800,0.9998333333333332
38801,1.0
38802,0.9996
38803,0.9997142857142858
38804,1.0
38805,1.0
38806,0.9996
38807,0.9667735636912106
38808,1.0
38809,0.9857059884559886
38810,0.9695651098901099
38811,1.0
38812,0.999
38813,0.9989825396825397
38814,0.9995
38815,0.9976333333333334
38816,1.0
38817,1.0
38818,0.9923993117993118
38819,0.8279919353522297
38820,1.0
38821,0.7390774172422003
38822,1.0
38823,1.0
38824,1.0
38825,1.0
38826,0.818723456540021
38827,1.0
38828,1.0
38829,1.0
38830,0.972191335625159
38831,1.0
38832,1.0
38833,1.0
38834,1.0
38835,0.99975
38836,1.0
38837,0.21936043956043955
38838,1.0
38839,0.9992217194570135
38840,0.7192594627594627
38841,0.9604297064047065
38842,1.0
38843,1.0
38844,1.0
38845,1.0
38846,0.9993
38847,1.0
38848,0.9946217948717948
38849,1.0
38850,1.0
38851,1.0
38852,0.9938061327561326
38853,1.0
38854,1.0
38855,1.0
38856,1.0
38857,1.0
38858,1.0
38859,0.7464517358286707
38860,1.0
38861,1.0
38862,0.877891064491064
38863,0.7375019816956349
38864,1.0
38865,0.9987857142857144
38866,0.9997777777777779
38867,1.0
38868,0.9986217948717949
38869,0.9988055555555555
38870,0.9995
38871,0.99925
38872,1.0
38873,0.8618153588241825
38874,1.0
38875,1.0
38876,0.9984428571428571
38877,1.0
38878,1.0
38879,0.99905
38880,1.0
38881,1.0
38882,1.0
38883,0.997900432900433
38884,1.0
38885,1.0
38886,0.866344941169941
38887,0.9990909090909091
38888,1.0
38889,0.654896369153722
38890,0.8566857306178512
38891,0.7290992530173647
38892,1.0
38893,1.0
38894,1.0
38895,0.9974585858585858
38896,0.999095238095238
38897,0.9988045454545454
38898,0.99402326007326
38899,1.0
38900,1.0
38901,1.0
38902,0.9701311866238335
38903,0.9412272671772672
38904,0.992502380952381
38905,1.0
38906,0.9989333333333333
38907,1.0
38908,1.0
38909,0.9996666666666666
38910,0.9954389027639029
38911,0.9968324675324675
38912,0.9996239316239316
38913,0.9982991841491842
38914,0.9635226779756189
38915,0.9987619047619049
38916,1.0
38917,1.0
38918,0.998675
38919,1.0
38920,1.0
38921,1.0
38922,1.0
38923,1.0
38924,1.0
38925,0.9702760796822718
38926,0.9988166666666666
38927,1.0
38928,1.0
38929,1.0
38930,1.0
38931,0.8248381862547501
38932,1.0
38933,0.9958484126984128
38934,0.9815711815961814
38935,1.0
38936,0.7097251487075018
38937,0.998071794871795
38938,1.0
38939,1.0
38940,1.0
38941,0.8279630883564317
38942,0.9525877320392024
38943,0.9179639241477473
38944,1.0
38945,0.9993777777777777
38946,0.9608943788237906
38947,1.0
38948,1.0
38949,1.0
38950,0.9683971445221446
38951,0.994087026862027
38952,0.9958960784313726
38953,0.9997777777777779
38954,1.0
38955,1.0
38956,0.9989
38957,1.0
38958,1.0
38959,0.99905
38960,1.0
38961,1.0
38962,1.0
38963,1.0
38964,0.9993809523809524
38965,0.9736504884004886
38966,1.0
38967,1.0
38968,0.9903724442224442
38969,0.9986198412698413
38970,1.0
38971,1.0
38972,1.0
38973,1.0
38974,1.0
38975,1.0
38976,0.9973587301587302
38977,1.0
38978,0.9995
38979,0.9630377844377845
38980,1.0
38981,0.9530497988939164
38982,1.0
38983,1.0
38984,1.0
38985,1.0
38986,1.0
38987,1.0
38988,1.0
38989,0.0875048796748487
38990,1.0
38991,1.0
38992,1.0
38993,1.0
38994,1.0
38995,1.0
38996,0.9998461538461538
38997,1.0
38998,1.0
38999,0.7111019995837463
39000,1.0
39001,0.985950715950716
39002,1.0
39003,0.9962735209235208
39004,1.0
39005,0.9986666666666667
39006,0.99925
39007,1.0
39008,0.9962278138528138
39009,1.0
39010,0.9642509435009433
39011,0.9959333333333332
39012,1.0
39013,1.0
39014,0.9989803921568627
39015,1.0
39016,1.0
39017,0.9446884919346217
39018,0.9908215159109895
39019,0.9974246031746032
39020,1.0
39021,1.0
39022,1.0
39023,1.0
39024,0.3377854965296144
39025,1.0
39026,0.9986816516816518
39027,0.8397202568673153
39028,0.9955230658230658
39029,0.9898293428793429
39030,0.9997142857142858
39031,1.0
39032,0.9904738844488845
39033,1.0
39034,1.0
39035,1.0
39036,1.0
39037,0.9770566849816854
39038,0.9563078725196371
39039,0.9900543650793651
39040,0.9985285714285714
39041,1.0
39042,1.0
39043,1.0
39044,0.9065047916136155
39045,0.8341255441354986
39046,1.0
39047,0.998
39048,1.0
39049,0.9510374264624262
39050,0.9982626262626263
39051,1.0
39052,0.9965219169719169
39053,1.0
39054,0.9772733710733713
39055,0.9991428571428572
39056,1.0
39057,0.35823441095069525
39058,0.9969777777777779
39059,0.9998181818181817
39060,1.0
39061,0.9996
39062,0.9983333333333334
39063,1.0
39064,0.9071163661501903
39065,1.0
39066,1.0
39067,1.0
39068,1.0
39069,1.0
39070,0.9991428571428571
39071,1.0
39072,1.0
39073,0.9866006227690438
39074,0.36322213346508975
39075,1.0
39076,1.0
39077,1.0
39078,1.0
39079,1.0
39080,1.0
39081,0.9995
39082,1.0
39083,1.0
39084,0.7906029878274464
39085,0.9997777777777779
39086,0.6814813972491216
39087,0.9974571428571428
39088,1.0
39089,1.0
39090,1.0
39091,0.9976531024531025
39092,1.0
39093,0.99815
39094,0.3262193783340843
39095,0.9952990016519427
39096,0.9981536796536795
39097,1.0
39098,1.0
39099,1.0
39100,1.0
39101,0.9968324675324676
39102,1.0
39103,1.0
39104,1.0
39105,1.0
39106,0.9987809523809525
39107,1.0
39108,1.0
39109,1.0
39110,0.915676613860407
39111,1.0
39112,1.0
39113,1.0
39114,0.9582364885114883
39115,1.0
39116,0.9943093945270415
39117,0.9994545454545455
39118,1.0
39119,1.0
39120,1.0
39121,0.9960633255633256
39122,1.0
39123,1.0
39124,1.0
39125,0.7596100135846265
39126,1.0
39127,1.0
39128,1.0
39129,1.0
39130,0.9943204184704186
39131,0.8078316055547479
39132,0.9990860805860806
39133,1.0
39134,0.9942618825618824
39135,0.9351731596834539
39136,0.8766523137165553
39137,0.975386990786991
39138,1.0
39139,1.0
39140,1.0
39141,1.0
39142,0.9901885281385281
39143,0.9879549783549784
39144,1.0
39145,1.0
39146,0.9977959595959598
39147,0.9702846473787653
39148,0.9996666666666667
39149,0.9985571428571429
39150,1.0
39151,0.9984
39152,0.99975
39153,0.9995142857142856
39154,1.0
39155,0.9858058441558438
39156,1.0
39157,1.0
39158,1.0
39159,0.9997894736842106
39160,1.0
39161,0.997971212121212
39162,1.0
39163,1.0
39164,1.0
39165,1.0
39166,1.0
39167,1.0
39168,1.0
39169,0.9988174603174604
39170,1.0
39171,0.9974571428571428
39172,1.0
39173,0.6879852252322839
39174,1.0
39175,0.99975
39176,1.0
39177,1.0
39178,1.0
39179,0.8833403789966489
39180,1.0
39181,1.0
39182,1.0
39183,1.0
39184,0.9992777777777778
39185,0.983557310663193
39186,0.8020305480467242
39187,0.998844017094017
39188,1.0
39189,0.9748966921966925
39190,1.0
39191,1.0
39192,0.9636116633366634
39193,1.0
39194,1.0
39195,1.0
39196,1.0
39197,1.0
39198,1.0
39199,1.0
39200,0.9381378843378847
39201,0.8560903159104399
39202,1.0
39203,1.0
39204,0.9654413037942452
39205,1.0
39206,1.0
39207,1.0
39208,1.0
39209,1.0
39210,1.0
39211,0.9997142857142858
39212,0.9962004498425552
39213,0.99925
39214,1.0
39215,1.0
39216,0.9745173604173605
39217,0.9973268398268399
39218,1.0
39219,0.42476452023209005
39220,0.9931182317682319
39221,0.9986784271284271
39222,1.0
39223,1.0
39224,0.9793920190920191
39225,1.0
39226,1.0
39227,0.21565908254112606
39228,1.0
39229,0.9983467532467534
39230,1.0
39231,0.9977348484848485
39232,0.8694780612662198
39233,1.0
39234,0.46995819425672375
39235,1.0
39236,0.6411773598262756
39237,1.0
39238,1.0
39239,1.0
39240,1.0
39241,1.0
39242,1.0
39243,0.9997777777777779
39244,1.0
39245,0.9878710678210676
39246,0.9993333333333334
39247,1.0
39248,1.0
39249,0.9970181818181819
39250,0.9940736783684151
39251,1.0
39252,0.9964055555555557
39253,1.0
39254,1.0
39255,0.9995555555555555
39256,0.937358508158508
39257,0.9994920634920637
39258,1.0
39259,1.0
39260,0.9415883367922067
39261,0.9960096961861667
39262,1.0
39263,0.9956857142857144
39264,1.0
39265,1.0
39266,0.8148415816209937
39267,0.9981636141636141
39268,1.0
39269,1.0
39270,1.0
39271,1.0
39272,0.9982051948051948
39273,0.2795404761904762
39274,1.0
39275,1.0
39276,1.0
39277,1.0
39278,0.9577284488387431
39279,1.0
39280,1.0
39281,1.0
39282,1.0
39283,1.0
39284,0.9991428571428571
39285,1.0
39286,0.33347301587301587
39287,0.9945767794297206
39288,1.0
39289,0.9991045751633987
39290,0.9892728718993424
39291,0.9879449994449995
39292,1.0
39293,1.0
39294,0.8586766187029345
39295,1.0
39296,1.0
39297,1.0
39298,1.0
39299,0.23343305890016428
39300,1.0
39301,0.9303620141296615
39302,0.8253406212724324
39303,1.0
39304,1.0
39305,0.991940084915085
39306,1.0
39307,1.0
39308,1.0
39309,1.0
39310,0.9995416666666668
39311,1.0
39312,1.0
39313,1.0
39314,0.9991428571428571
39315,0.9726210234210232
39316,1.0
39317,1.0
39318,0.9980707847707849
39319,0.9906848984348984
39320,1.0
39321,0.9918683261183261
39322,1.0
39323,0.9994074675324676
39324,0.9992666666666666
39325,0.9989285714285715
39326,0.7388762254515351
39327,0.9692113342539812
39328,0.9951587301587301
39329,1.0
39330,1.0
39331,0.9827347763347766
39332,1.0
39333,1.0
39334,0.9997142857142858
39335,0.4181233706180303
39336,1.0
39337,1.0
39338,0.9625478211331151
39339,1.0
39340,0.9994642857142857
39341,1.0
39342,0.9997142857142858
39343,0.9982111111111112
39344,1.0
39345,0.9993142857142857
39346,1.0
39347,0.9991611111111112
39348,1.0
39349,1.0
39350,0.9940497113997115
39351,1.0
39352,1.0
39353,0.9833443861693862
39354,1.0
39355,1.0
39356,1.0
39357,1.0
39358,0.9974928571428573
39359,0.9733334720834721
39360,1.0
39361,0.9995
39362,1.0
39363,1.0
39364,1.0
39365,0.8989099927849925
39366,0.9992857142857142
39367,1.0
39368,0.11754446321652208
39369,0.8768600863189098
39370,1.0
39371,0.7172316929802227
39372,0.42992542718719173
39373,1.0
39374,0.6827281139483152
39375,1.0
39376,0.7879434919599476
39377,1.0
39378,1.0
39379,0.9994000000000001
39380,0.9973560606060605
39381,1.0
39382,1.0
39383,0.9959021645021644
39384,1.0
39385,0.3475351462263227
39386,0.9894805194805195
39387,1.0
39388,0.9752123654123657
39389,1.0
39390,0.9524671023421026
39391,0.997025974025974
39392,1.0
39393,1.0
39394,0.8245815000015467
39395,1.0
39396,0.3251777777777778
39397,0.9995294117647059
39398,1.0
39399,1.0
39400,0.9988174603174602
39401,0.6817568131301104
39402,1.0
39403,1.0
39404,1.0
39405,1.0
39406,0.9958005772005772
39407,1.0
39408,0.9995499999999999
39409,1.0
39410,0.43259305875010223
39411,1.0
39412,0.9748205241267163
39413,0.9997647058823529
39414,0.5163031079515598
39415,0.9994285714285714
39416,0.9996666666666667
39417,1.0
39418,0.9906987789987792
39419,1.0
39420,1.0
39421,0.9994
39422,0.9948976190476191
39423,1.0
39424,0.9998181818181818
39425,1.0
39426,0.9996666666666666
39427,1.0
39428,1.0
39429,0.9303293325955094
39430,0.9993604395604395
39431,1.0
39432,0.9982333333333334
39433,0.9616197568513358
39434,0.9906556776556776
39435,0.9914084885702532
39436,1.0
39437,0.9202551531801534
39438,1.0
39439,0.8223893451491748
39440,1.0
39441,0.9984571428571429
39442,1.0
39443,0.46519743793358326
39444,1.0
39445,1.0
39446,0.9953872571872573
39447,1.0
39448,0.9911165001665001
39449,0.9986608946608948
39450,0.9857161810411811
39451,0.07392879000084883
39452,1.0
39453,0.9920002886002889
39454,1.0
39455,1.0
39456,1.0
39457,1.0
39458,0.9997142857142858
39459,1.0
39460,1.0
39461,0.9996
39462,1.0
39463,0.9998947368421053
39464,0.2711076833297421
39465,0.9917670329670331
39466,1.0
39467,0.9986666666666667
39468,1.0
39469,1.0
39470,1.0
39471,1.0
39472,1.0
39473,1.0
39474,1.0
39475,1.0
39476,1.0
39477,1.0
39478,0.9983999999999998
39479,1.0
39480,1.0
39481,1.0
39482,1.0
39483,1.0
39484,1.0
39485,1.0
39486,1.0
39487,1.0
39488,0.9954419913419915
39489,1.0
39490,0.4725368681971622
39491,1.0
39492,0.9860002546473136
39493,1.0
39494,1.0
39495,1.0
39496,1.0
39497,1.0
39498,0.99975
39499,1.0
39500,1.0
39501,0.9998571428571429
39502,0.09287311952753129
39503,1.0
39504,1.0
39505,0.9980083028083027
39506,0.4827305263364088
39507,1.0
39508,1.0
39509,1.0
39510,0.9912301254301255
39511,0.9557223345282169
39512,0.921772002997003
39513,1.0
39514,0.9941431790431788
39515,0.9987
39516,1.0
39517,0.9896119716884424
39518,1.0
39519,1.0
39520,1.0
39521,1.0
39522,1.0
39523,1.0
39524,1.0
39525,1.0
39526,0.7030858287137695
39527,1.0
39528,1.0
39529,1.0
39530,1.0
39531,0.989365781277546
39532,1.0
39533,0.9981666666666666
39534,1.0
39535,0.9988888888888889
39536,1.0
39537,0.7631463149080017
39538,1.0
39539,0.990693956043956
39540,1.0
39541,1.0
39542,1.0
39543,0.999095238095238
39544,0.2894256534315358
39545,0.9843173183026125
39546,0.9988571428571429
39547,1.0
39548,1.0
39549,1.0
39550,1.0
39551,0.9850191919191921
39552,0.9339022283272285
39553,1.0
39554,0.9898214424464423
39555,0.9996
39556,1.0
39557,0.9997142857142858
39558,1.0
39559,1.0
39560,0.9994285714285714
39561,0.9797652902652899
39562,0.9995555555555555
39563,1.0
39564,1.0
39565,1.0
39566,0.9695376033323403
39567,0.9816134060384061
39568,0.9693726105593753
39569,1.0
39570,0.6634961948182542
39571,0.8476916619242469
39572,1.0
39573,1.0
39574,1.0
39575,1.0
39576,1.0
39577,1.0
39578,1.0
39579,1.0
39580,0.9902864774114776
39581,1.0
39582,1.0
39583,1.0
39584,0.9997142857142858
39585,1.0
39586,0.9541631313131311
39587,0.9918679931179928
39588,0.99975
39589,1.0
39590,1.0
39591,0.9058733777660251
39592,0.9982051282051283
39593,1.0
39594,0.14450251594810426
39595,1.0
39596,1.0
39597,1.0
39598,0.9385116328116333
39599,1.0
39600,1.0
39601,0.9961053391053393
39602,1.0
39603,1.0
39604,0.9993500000000001
39605,0.6078280817221997
39606,0.9982142857142855
39607,1.0
39608,1.0
39609,0.9988250000000001
39610,1.0
39611,0.5397003407583126
39612,1.0
39613,1.0
39614,1.0
39615,0.9821606379001112
39616,0.9938354978354977
39617,0.9158865412365412
39618,0.9982606837606839
39619,1.0
39620,1.0
39621,0.9553400127650125
39622,1.0
39623,0.9997999999999999
39624,0.99975
39625,1.0
39626,1.0
39627,0.9181513431013429
39628,0.6272939156904329
39629,1.0
39630,1.0
39631,1.0
39632,0.9900687368187369
39633,0.9996666666666667
39634,0.9997142857142858
39635,1.0
39636,0.9998181818181818
39637,1.0
39638,1.0
39639,0.9981231379731381
39640,0.8965328563249617
39641,0.5512910875072641
39642,1.0
39643,1.0
39644,0.8216777888777891
39645,1.0
39646,1.0
39647,1.0
39648,0.5843592994638659
39649,1.0
39650,0.9993142857142857
39651,1.0
39652,1.0
39653,1.0
39654,1.0
39655,0.9106088217338215
39656,0.8102187844147605
39657,1.0
39658,1.0
39659,0.9402088883338878
39660,1.0
39661,0.9762916278166277
39662,1.0
39663,0.9946816516816518
39664,0.9976212121212122
39665,1.0
39666,1.0
39667,1.0
39668,1.0
39669,1.0
39670,0.9799395271395274
39671,0.31493190498012463
39672,0.9980404040404041
39673,0.9984273504273504
39674,1.0
39675,0.9987792207792208
39676,1.0
39677,1.0
39678,1.0
39679,0.9949266955266957
39680,0.8618933363248377
39681,0.9994545454545455
39682,0.9871839402427637
39683,0.968146128871129
39684,1.0
39685,1.0
39686,1.0
39687,1.0
39688,0.9984031746031745
39689,1.0
39690,0.9984419191919192
39691,1.0
39692,1.0
39693,0.9989142857142858
39694,1.0
39695,1.0
39696,1.0
39697,0.4307355137810249
39698,1.0
39699,0.9213437284937286
39700,1.0
39701,1.0
39702,0.9940594405594405
39703,1.0
39704,0.6460419728448363
39705,0.9834647186147185
39706,0.9931209457209458
39707,0.9989190476190476
39708,1.0
39709,0.998595238095238
39710,0.9954574453324455
39711,1.0
39712,1.0
39713,1.0
39714,1.0
39715,1.0
39716,1.0
39717,1.0
39718,0.9987444444444445
39719,0.990404761904762
39720,1.0
39721,1.0
39722,1.0
39723,1.0
39724,1.0
39725,0.9993181818181818
39726,0.9320121822621825
39727,0.9926420634920635
39728,0.8436184183721331
39729,1.0
39730,0.6787541003887755
39731,0.9973886752136752
39732,0.9992000000000001
39733,0.9975595238095237
39734,1.0
39735,1.0
39736,1.0
39737,1.0
39738,0.8022339615149215
39739,1.0
39740,1.0
39741,1.0
39742,0.9955192196692195
39743,0.9968300865800866
39744,1.0
39745,0.9954948412698412
39746,0.9909839715839716
39747,0.9985384615384616
39748,0.9576502908855846
39749,0.9661322954822956
39750,0.9537161286425991
39751,0.9975474747474748
39752,1.0
39753,1.0
39754,0.9966464646464648
39755,1.0
39756,1.0
39757,1.0
39758,0.9981111111111111
39759,1.0
39760,1.0
39761,1.0
39762,1.0
39763,0.999095238095238
39764,1.0
39765,1.0
39766,1.0
39767,0.9952649350649351
39768,1.0
39769,1.0
39770,1.0
39771,0.8332366375110954
39772,0.9998571428571429
39773,1.0
39774,1.0
39775,1.0
39776,1.0
39777,0.9994285714285714
39778,1.0
39779,1.0
39780,1.0
39781,0.997711038961039
39782,0.9977991341991342
39783,1.0
39784,1.0
39785,1.0
39786,0.8552302214125742
39787,1.0
39788,1.0
39789,0.2612538562744444
39790,0.6508836492798568
39791,0.11460991475844415
39792,0.9980273504273505
39793,0.9998571428571429
39794,1.0
39795,0.9894518093018093
39796,0.9837625047467156
39797,0.9997777777777779
39798,1.0
39799,0.9984689754689755
39800,1.0
39801,0.8172419213913016
39802,1.0
39803,0.993137728937729
39804,1.0
39805,0.9457711954711955
39806,0.5742216544291615
39807,1.0
39808,1.0
39809,0.2342844941006706
39810,0.9978095238095237
39811,0.9561882981397689
39812,1.0
39813,1.0
39814,1.0
39815,0.847855969683911
39816,1.0
39817,0.9982727272727272
39818,1.0
39819,1.0
39820,1.0
39821,1.0
39822,1.0
39823,0.9992142857142858
39824,0.9965611888111888
39825,0.9895616577866578
39826,1.0
39827,1.0
39828,1.0
39829,1.0
39830,1.0
39831,0.6980444900300938
39832,0.9991919191919192
39833,1.0
39834,1.0
39835,0.9994545454545455
39836,0.3326459085977661
39837,0.5303148759221518
39838,0.9979404761904762
39839,1.0
39840,1.0
39841,0.15362498325547877
39842,1.0
39843,1.0
39844,1.0
39845,0.9996
39846,0.9551546398046399
39847,0.5096951279113046
39848,0.9988333333333334
39849,1.0
39850,0.9924774003774004
39851,0.9996666666666666
39852,1.0
39853,0.9955191919191919
39854,1.0
39855,1.0
39856,0.9905537518037518
39857,1.0
39858,0.9996
39859,1.0
39860,1.0
39861,1.0
39862,1.0
39863,1.0
39864,0.11685277521183114
39865,1.0
39866,0.8105184025297032
39867,0.9994923076923077
39868,1.0
39869,0.5642672090980917
39870,0.9961841547341548
39871,0.99426742979243
39872,0.9951113997113996
39873,0.9997142857142858
39874,1.0
39875,0.9583857077562958
39876,1.0
39877,1.0
39878,1.0
39879,0.9501846958596956
39880,0.9609440912029144
39881,1.0
39882,0.9974361111111111
39883,1.0
39884,0.999
39885,0.9973055555555556
39886,1.0
39887,0.9994
39888,1.0
39889,1.0
39890,0.9997142857142857
39891,0.999095238095238
39892,1.0
39893,1.0
39894,1.0
39895,0.9973315295815295
39896,0.9980317460317459
39897,0.9996666666666666
39898,0.991714119214119
39899,1.0
39900,1.0
39901,0.3241292009761825
39902,1.0
39903,0.9969809523809523
39904,1.0
39905,0.9994285714285714
39906,0.9993846153846153
39907,0.9851141192141192
39908,1.0
39909,1.0
39910,0.9983500000000001
39911,1.0
39912,1.0
39913,0.828869013176366
39914,0.7343047567413666
39915,1.0
39916,1.0
39917,1.0
39918,0.9930678210678211
39919,1.0
39920,0.9154409371674077
39921,1.0
39922,1.0
39923,1.0
39924,1.0
39925,0.9961363636363636
39926,1.0
39927,1.0
39928,1.0
39929,1.0
39930,1.0
39931,0.9607768306856542
39932,0.9813494893994894
39933,1.0
39934,0.9991384615384615
39935,1.0
39936,0.9995833333333334
39937,1.0
39938,0.9996
39939,0.2891327287435646
39940,0.9988095238095237
39941,0.9994181818181819
39942,1.0
39943,1.0
39944,0.647461321899635
39945,0.9989333333333332
39946,1.0
39947,1.0
39948,0.4495802548242953
39949,1.0
39950,0.2163531797236131
39951,0.9933516594516594
39952,1.0
39953,0.9740356689062573
39954,0.9982361111111112
39955,0.9428941480088542
39956,1.0
39957,1.0
39958,1.0
39959,1.0
39960,1.0
39961,1.0
39962,0.9996
39963,1.0
39964,1.0
39965,1.0
39966,0.9987420634920635
39967,1.0
39968,1.0
39969,1.0
39970,1.0
39971,1.0
39972,0.9244694158782392
39973,1.0
39974,1.0
39975,1.0
39976,1.0
39977,1.0
39978,1.0
39979,0.9966336996336997
39980,0.9980707847707849
39981,1.0
39982,0.9985555555555555
39983,1.0
39984,0.6801014567079563
39985,1.0
39986,0.9997142857142857
39987,0.8204677512030457
39988,0.9968938311688312
39989,1.0
39990,1.0
39991,0.6569893160760809
39992,0.9473913228927934
39993,1.0
39994,0.5402484930102576
39995,0.9997142857142858
39996,1.0
39997,0.9944934640522877
39998,1.0
39999,0.9880305083805083
40000,0.9997142857142858
40001,1.0
40002,1.0
40003,0.9969467787114846
40004,1.0
40005,1.0
40006,1.0
40007,1.0
40008,0.9972989010989011
40009,1.0
40010,0.46604612086400043
40011,1.0
40012,0.9994285714285714
40013,1.0
40014,1.0
40015,1.0
40016,0.17537022776844768
40017,0.8227211269304275
40018,1.0
40019,0.9993333333333333
40020,1.0
40021,1.0
40022,0.9995515151515151
40023,0.9969670329670332
40024,0.8606370037370034
40025,1.0
40026,1.0
40027,1.0
40028,1.0
40029,1.0
40030,1.0
40031,1.0
40032,1.0
40033,1.0
40034,0.9936089743589741
40035,0.99975
40036,1.0
40037,1.0
40038,1.0
40039,0.964118020868021
40040,1.0
40041,0.9995
40042,0.9199770784770784
40043,1.0
40044,0.3415961629014263
40045,0.992340675990676
40046,0.9986507936507936
40047,0.9996
40048,1.0
40049,1.0
40050,1.0
40051,1.0
40052,0.9985777777777778
40053,0.99825
40054,0.9795835109335109
40055,0.9705975246975248
40056,1.0
40057,1.0
40058,0.9924053668553668
40059,0.9896227994227995
40060,0.9629682815550461
40061,0.9920888167388168
40062,0.37185789380897777
40063,1.0
40064,1.0
40065,0.9383547480297478
40066,0.9997777777777779
40067,0.99975
40068,0.9996527777777778
40069,1.0
40070,0.9993571428571429
40071,1.0
40072,0.9198797578238758
40073,0.9996
40074,1.0
40075,1.0
40076,0.775309924269057
40077,0.9982
40078,0.9992545454545454
40079,0.9618982840688723
40080,0.9984706349206349
40081,0.9882848984348985
40082,1.0
40083,1.0
40084,0.9996666666666666
40085,1.0
40086,0.9377068565421511
40087,0.6728711973211976
40088,1.0
40089,1.0
40090,1.0
40091,1.0
40092,1.0
40093,0.9997999999999999
40094,0.9918391108891109
40095,1.0
40096,1.0
40097,1.0
40098,0.7749369767487412
40099,0.9749161616161618
40100,1.0
40101,0.9994222222222222
40102,1.0
40103,1.0
40104,0.9933710847631898
40105,0.9996
40106,1.0
40107,1.0
40108,0.9996666666666667
40109,1.0
40110,1.0
40111,0.9724667526917528
40112,1.0
40113,1.0
40114,0.9998571428571429
40115,0.9819993548934726
40116,1.0
40117,1.0
40118,0.9992642857142856
40119,0.9861787434787433
40120,0.6414624791101574
40121,0.6203569796904161
40122,1.0
40123,1.0
40124,1.0
40125,0.8957334854086403
40126,0.9981285714285715
40127,1.0
40128,0.9824536075036072
40129,1.0
40130,0.6369492776659186
40131,0.9639751776001777
40132,1.0
40133,1.0
40134,1.0
40135,1.0
40136,1.0
40137,1.0
40138,1.0
40139,1.0
40140,0.9975404456654456
40141,1.0
40142,1.0
40143,1.0
40144,1.0
40145,1.0
40146,1.0
40147,0.9978866300366303
40148,1.0
40149,1.0
40150,0.6555309431538532
40151,1.0
40152,0.634989704103946
40153,0.937002915479773
40154,1.0
40155,0.9984824675324676
40156,0.9996666666666666
40157,0.979641827616828
40158,1.0
40159,1.0
40160,0.7548512293262295
40161,0.9957020923520923
40162,1.0
40163,1.0
40164,0.9997777777777779
40165,0.9988095238095238
40166,0.9432272049845577
40167,0.6952422958190768
40168,0.999095238095238
40169,0.9997777777777779
40170,1.0
40171,0.9969854978354978
40172,0.7898342293843064
40173,1.0
40174,1.0
40175,1.0
40176,0.9994920634920635
40177,0.9988400488400488
40178,1.0
40179,0.9745545565545565
40180,0.9983111111111111
40181,1.0
40182,1.0
40183,0.9976825396825396
40184,1.0
40185,0.9995
40186,1.0
40187,1.0
40188,0.7470537320436703
40189,1.0
40190,1.0
40191,0.9508518587621527
40192,0.9996
40193,0.9978888888888889
40194,0.9948934953934954
40195,1.0
40196,0.9989190476190476
40197,1.0
40198,1.0
40199,1.0
40200,0.9398412476412477
40201,1.0
40202,1.0
40203,0.9491633869398576
40204,0.9968440836940836
40205,1.0
40206,0.9995499999999999
40207,1.0
40208,1.0
40209,1.0
40210,1.0
40211,1.0
40212,0.9582842670401497
40213,0.20928617425745907
40214,0.9988
40215,1.0
40216,1.0
40217,0.20802404709153943
40218,0.9698145271395272
40219,0.35236930621837764
40220,1.0
40221,0.5927480447656929
40222,0.9940043290043291
40223,1.0
40224,1.0
40225,0.9901612110112109
40226,0.9996666666666667
40227,1.0
40228,1.0
40229,1.0
40230,1.0
40231,0.9582842670401497
40232,1.0
40233,1.0
40234,0.9997999999999999
40235,0.6962011711199023
40236,0.9643723216326158
40237,1.0
40238,0.4977595084653912
40239,1.0
40240,0.9546598067223456
40241,1.0
40242,0.9988888888888888
40243,0.9978061965811965
40244,1.0
40245,0.9996666666666667
40246,0.952534976014697
40247,1.0
40248,0.9929650793650793
40249,0.9833475468975471
40250,1.0
40251,0.9996
40252,1.0
40253,1.0
40254,0.9994363636363637
40255,1.0
40256,0.012794322344322347
40257,1.0
40258,0.4675564136413982
40259,0.30369316092404336
40260,1.0
40261,1.0
40262,1.0
40263,0.9892047286047285
40264,1.0
40265,1.0
40266,1.0
40267,1.0
40268,0.994473076923077
40269,1.0
40270,1.0
40271,0.9998333333333332
40272,0.98972326007326
40273,0.9991428571428571
40274,1.0
40275,1.0
40276,0.7440093996388888
40277,1.0
40278,0.9649206682206686
40279,0.995769696969697
40280,0.7300593551872964
40281,1.0
40282,1.0
40283,1.0
40284,0.40671169982408395
40285,0.9800532037879561
40286,0.999547619047619
40287,1.0
40288,0.3724605278622311
40289,0.9966476190476189
40290,1.0
40291,0.47434461092742836
40292,1.0
40293,1.0
40294,0.8972606967507895
40295,0.9997142857142858
40296,1.0
40297,0.030920443445443434
40298,1.0
40299,0.8158702522537669
40300,0.676478121182224
40301,0.9984
40302,1.0
40303,1.0
40304,1.0
40305,1.0
40306,1.0
40307,1.0
40308,1.0
40309,1.0
40310,1.0
40311,0.9992222222222222
40312,0.9997777777777779
40313,1.0
40314,0.9951314407814407
40315,1.0
40316,0.9995555555555555
40317,0.9990642857142858
40318,1.0
40319,1.0
40320,0.9998181818181818
40321,0.9890406204906204
40322,1.0
40323,1.0
40324,0.9906173437673437
40325,1.0
40326,1.0
40327,0.9955292207792208
40328,1.0
40329,0.9583090437340437
40330,0.9752971500721502
40331,1.0
40332,1.0
40333,1.0
40334,0.9994285714285714
40335,1.0
40336,1.0
40337,0.9957523809523809
40338,1.0
40339,1.0
40340,1.0
40341,1.0
40342,0.9606862381340707
40343,1.0
40344,1.0
40345,1.0
40346,0.3199530358530358
40347,1.0
40348,1.0
40349,0.9956354978354979
40350,1.0
40351,0.9993333333333334
40352,1.0
40353,1.0
40354,0.9993333333333334
40355,0.9993333333333334
40356,1.0
40357,0.9976747252747252
40358,1.0
40359,1.0
40360,1.0
40361,1.0
40362,0.764072831090478
40363,1.0
40364,0.9612814074814073
40365,1.0
40366,1.0
40367,0.9054365552747906
40368,1.0
40369,1.0
40370,0.9993333333333333
40371,1.0
40372,1.0
40373,0.9996666666666666
40374,0.9996666666666666
40375,1.0
40376,1.0
40377,0.9990545454545455
40378,1.0
40379,1.0
40380,1.0
40381,1.0
40382,1.0
40383,1.0
40384,1.0
40385,0.17877268930759657
40386,1.0
40387,1.0
40388,0.431585808189059
40389,0.9959063492063492
40390,1.0
40391,0.9946023088023088
40392,1.0
40393,0.9994285714285714
40394,1.0
40395,0.9482328855784736
40396,1.0
40397,0.9338990241011144
40398,1.0
40399,1.0
40400,0.7105044153129293
40401,1.0
40402,1.0
40403,1.0
40404,0.9770998445998447
40405,0.9986363636363637
40406,0.9996666666666666
40407,0.9966535714285715
40408,1.0
40409,1.0
40410,1.0
40411,0.9984285714285714
40412,1.0
40413,0.9876629065379067
40414,1.0
40415,1.0
40416,0.9995833333333334
40417,0.9622091563407352
40418,1.0
40419,0.9167300793977263
40420,0.4265483607723545
40421,1.0
40422,1.0
40423,0.9813825674325675
40424,0.9996666666666666
40425,0.9963003663003663
40426,1.0
40427,1.0
40428,0.9441418692418692
40429,1.0
40430,0.9805876068376069
40431,0.9856973748473746
40432,1.0
40433,1.0
40434,0.9620200655553596
40435,1.0
40436,0.5743665797051248
40437,1.0
40438,1.0
40439,0.7053371714886417
40440,0.9991931818181817
40441,0.9922132783882783
40442,0.20203643170554944
40443,1.0
40444,0.9945867521367522
40445,1.0
40446,0.9973569985569986
40447,0.99975
40448,1.0
40449,1.0
40450,0.9953003663003664
40451,0.9159926588117766
40452,1.0
40453,0.99975
40454,1.0
40455,1.0
40456,1.0
40457,1.0
40458,1.0
40459,1.0
40460,0.9968309523809524
40461,1.0
40462,1.0
40463,0.0037658730158730163
40464,1.0
40465,1.0
40466,0.9992727272727272
40467,1.0
40468,0.9960642857142857
40469,1.0
40470,1.0
40471,1.0
40472,1.0
40473,0.99975
40474,0.998247668997669
40475,1.0
40476,1.0
40477,1.0
40478,1.0
40479,0.9997999999999999
40480,1.0
40481,1.0
40482,1.0
40483,1.0
40484,0.9979904761904762
40485,0.9896255744255744
40486,0.9997999999999999
40487,0.9938356920856921
40488,1.0
40489,1.0
40490,1.0
40491,0.9994
40492,1.0
40493,1.0
40494,0.9590310189810191
40495,0.9996666666666666
40496,1.0
40497,1.0
40498,0.8569909433703553
40499,0.9951539377289378
40500,1.0
40501,0.8928026814955735
40502,0.9971189033189033
40503,1.0
40504,1.0
40505,0.9989365079365079
40506,0.9995999999999999
40507,0.9862330447330447
40508,0.9173337561131679
40509,1.0
40510,0.4575446605681902
40511,0.789688421382539
40512,0.9833604831443066
40513,0.9980859140859141
40514,0.9973984126984128
40515,0.9086968880448753
40516,1.0
40517,1.0
40518,1.0
40519,1.0
40520,1.0
40521,1.0
40522,0.5001950186036874
40523,1.0
40524,0.9998888888888889
40525,0.9949854978354978
40526,1.0
40527,0.9589746603070133
40528,0.7937271070862404
40529,0.9895271922521922
40530,0.9825896479337655
40531,0.9740316951022835
40532,1.0
40533,1.0
40534,0.9828976245976248
40535,1.0
40536,1.0
40537,0.9996
40538,1.0
40539,1.0
40540,1.0
40541,1.0
40542,1.0
40543,1.0
40544,0.9930895382395382
40545,1.0
40546,1.0
40547,0.9375805983232456
40548,0.9982619047619048
40549,1.0
40550,1.0
40551,0.9981452380952381
40552,0.997047619047619
40553,1.0
40554,1.0
40555,0.9849821626086331
40556,1.0
40557,1.0
40558,1.0
40559,0.9997712418300654
40560,1.0
40561,0.9925070707070709
40562,0.6503393715370972
40563,0.996568253968254
40564,1.0
40565,0.8918416500166503
40566,1.0
40567,1.0
40568,0.9508779803529802
40569,1.0
40570,1.0
40571,1.0
40572,1.0
40573,1.0
40574,1.0
40575,1.0
40576,1.0
40577,0.9991515151515152
40578,0.9904649575914282
40579,0.9991333333333333
40580,1.0
40581,0.9996666666666666
40582,1.0
40583,1.0
40584,0.9959555555555555
40585,1.0
40586,1.0
40587,0.983270238095238
40588,0.9996666666666667
40589,0.9704178561634444
40590,1.0
40591,0.9139340860635754
40592,0.9995555555555555
40593,0.998371794871795
40594,1.0
40595,0.9586207532663416
40596,1.0
40597,1.0
40598,0.8075679872157431
40599,0.9393318119015494
40600,0.9997142857142857
40601,1.0
40602,0.007541108066340264
40603,0.9933817959817959
40604,1.0
40605,1.0
40606,0.041781405522581985
40607,1.0
40608,0.9996666666666666
40609,1.0
40610,1.0
40611,1.0
40612,1.0
40613,1.0
40614,1.0
40615,1.0
40616,0.9995277777777778
40617,0.8511231885073989
40618,0.9568977287418465
40619,0.9954179487179486
40620,1.0
40621,0.9994545454545455
40622,0.9997999999999999
40623,0.999371794871795
40624,1.0
40625,0.938262569456687
40626,1.0
40627,0.9585070016584722
40628,1.0
40629,1.0
40630,0.9966722582972583
40631,0.9982380952380953
40632,0.7961387174916585
40633,1.0
40634,1.0
40635,0.8094931641887523
40636,1.0
40637,0.9972428571428571
40638,0.9991089743589743
40639,1.0
40640,0.7575107033489384
40641,1.0
40642,0.97562042630572
40643,1.0
40644,0.2277752386502385
40645,1.0
40646,1.0
40647,1.0
40648,1.0
40649,0.2754505799755799
40650,1.0
40651,0.998971794871795
40652,1.0
40653,1.0
40654,0.5222959999580744
40655,0.9993809523809524
40656,0.9406449165213873
40657,0.09754671994671998
40658,0.869449527433351
40659,1.0
40660,1.0
40661,1.0
40662,0.9988156862745099
40663,0.9984273504273504
40664,1.0
40665,0.9307693140193144
40666,0.9993604395604395
40667,1.0
40668,0.851666973841432
40669,1.0
40670,1.0
40671,0.9665170406390999
40672,0.996666267066267
40673,1.0
40674,0.7151214296625291
40675,0.9493152390007652
40676,1.0
40677,0.968427391614234
40678,1.0
40679,1.0
40680,0.7308260781701964
40681,1.0
40682,0.9767061640715667
40683,0.99825
40684,0.9954007936507936
40685,0.9871309523809524
40686,0.9996
40687,0.9905736652236651
40688,0.9314926479695054
40689,0.9980317460317459
40690,1.0
40691,1.0
40692,1.0
40693,0.9906852203352204
40694,0.9899018093018093
40695,0.5188988829282174
40696,0.9997142857142857
40697,0.9033406055588721
40698,1.0
40699,0.5748685074213713
40700,1.0
40701,1.0
40702,1.0
40703,1.0
40704,1.0
40705,0.9980542124542123
40706,1.0
40707,1.0
40708,1.0
40709,1.0
40710,1.0
40711,1.0
40712,1.0
40713,0.24117776047481937
40714,1.0
40715,0.9814737016251724
40716,0.9761501831501831
40717,1.0
40718,1.0
40719,1.0
40720,1.0
40721,0.9747142746142748
40722,0.9932915723165725
40723,1.0
40724,0.9533075091575088
40725,1.0
40726,1.0
40727,0.6919627632343573
40728,0.9735891192141193
40729,1.0
40730,0.9269103590853592
40731,1.0
40732,1.0
40733,1.0
40734,0.9592868686868689
40735,1.0
40736,1.0
40737,0.99975
40738,0.9988986568986569
40739,0.956750510600511
40740,1.0
40741,1.0
40742,1.0
40743,0.5640414968502431
40744,1.0
40745,1.0
40746,0.8894590391376773
40747,1.0
40748,0.958066847041847
40749,0.9965225885225886
40750,1.0
40751,0.9671357661945896
40752,1.0
40753,1.0
40754,1.0
40755,0.9996666666666666
40756,0.9246313686313689
40757,0.9669415528915531
40758,0.9976046176046176
40759,1.0
40760,1.0
40761,0.9185659538174245
40762,1.0
40763,0.9997999999999999
40764,1.0
40765,0.8124149316369896
40766,0.9579507425580959
40767,1.0
40768,0.9051470271730332
40769,1.0
40770,1.0
40771,1.0
40772,1.0
40773,0.9977460317460317
40774,0.9997142857142858
40775,0.9961753968253968
40776,0.9848665806415805
40777,1.0
40778,1.0
40779,1.0
40780,1.0
40781,0.9998181818181818
40782,0.9794826839826838
40783,0.795379200211553
40784,1.0
40785,0.9701051892551892
40786,1.0
40787,0.9521300154094269
40788,0.9234954774413752
40789,0.9976428571428572
40790,0.8427752819076348
40791,0.4294470549981419
40792,0.9558460335416218
40793,1.0
40794,1.0
40795,1.0
40796,1.0
40797,1.0
40798,1.0
40799,1.0
40800,0.9978474025974025
40801,1.0
40802,0.999411111111111
40803,0.12179093432367437
40804,1.0
40805,1.0
40806,1.0
40807,1.0
40808,1.0
40809,0.9996
40810,1.0
40811,0.9915165001665002
40812,0.998117032967033
40813,1.0
40814,1.0
40815,1.0
40816,0.9788141358641359
40817,1.0
40818,1.0
40819,0.999875
40820,1.0
40821,0.3280238275226667
40822,0.9978759018759018
40823,1.0
40824,1.0
40825,1.0
40826,1.0
40827,1.0
40828,1.0
40829,1.0
40830,1.0
40831,1.0
40832,0.9992000000000001
40833,1.0
40834,1.0
40835,1.0
40836,0.9499059662559661
40837,0.9991384615384615
40838,1.0
40839,1.0
40840,0.9989404761904762
40841,0.784445046620047
40842,1.0
40843,1.0
40844,0.9960253968253969
40845,1.0
40846,0.9795407833996068
40847,0.9913614718614718
40848,0.9967238095238097
40849,0.9504388833388834
40850,1.0
40851,1.0
40852,1.0
40853,1.0
40854,0.9883873515373517
40855,0.9994
40856,1.0
40857,1.0
40858,1.0
40859,0.24998865023865022
40860,1.0
40861,1.0
40862,1.0
40863,0.9995
40864,0.9970395382395383
40865,1.0
40866,1.0
40867,0.9893071428571427
40868,0.9823537462537465
40869,0.9845750360750363
40870,1.0
40871,1.0
40872,0.9885384226884227
40873,1.0
40874,1.0
40875,1.0
40876,1.0
40877,1.0
40878,0.9990545454545455
40879,1.0
40880,0.9848345154845156
40881,0.9997777777777779
40882,0.9956088522588524
40883,0.9926837495837496
40884,0.9508705709323354
40885,1.0
40886,1.0
40887,1.0
40888,1.0
40889,1.0
40890,0.9615491861080097
40891,1.0
40892,1.0
40893,1.0
40894,0.8080577957216505
40895,1.0
40896,0.9887617382617383
40897,1.0
40898,1.0
40899,1.0
40900,0.943383979470822
40901,1.0
40902,0.9948540903540902
40903,0.9653791242383347
40904,1.0
40905,1.0
40906,1.0
40907,0.9982777777777778
40908,1.0
40909,1.0
40910,0.995687284937285
40911,1.0
40912,1.0
40913,0.9955461038961037
40914,0.9990555555555556
40915,1.0
40916,1.0
40917,1.0
40918,0.9928752525252525
40919,1.0
40920,0.9923683816183816
40921,1.0
40922,1.0
40923,1.0
40924,0.99975
40925,1.0
40926,0.9996666666666666
40927,0.9994285714285713
40928,1.0
40929,0.9963315295815295
40930,0.9975166666666666
40931,0.9987272727272728
40932,0.8130590800505788
40933,0.8149885329067218
40934,0.9931748473748473
40935,0.9996666666666666
40936,0.9998181818181817
40937,0.9993142857142858
40938,1.0
40939,1.0
40940,0.9971999999999999
40941,1.0
40942,0.9794495226995228
40943,0.9993333333333334
40944,1.0
40945,0.9981174603174603
40946,1.0
40947,1.0
40948,0.9991428571428571
40949,1.0
40950,1.0
40951,0.04754239551298372
40952,1.0
40953,1.0
40954,0.9974
40955,0.9932435564435564
40956,1.0
40957,0.995403823953824
40958,0.9072997779997782
40959,0.9337780667045371
40960,1.0
40961,1.0
40962,1.0
40963,0.8311481078776743
40964,0.9970225885225885
40965,1.0
40966,1.0
40967,0.943816285185403
40968,0.9992777777777778
40969,1.0
40970,1.0
40971,0.9878701354201357
40972,0.9982541869894811
40973,1.0
40974,0.5325301934705491
40975,0.39164304413336953
40976,1.0
40977,0.9379104340104341
40978,1.0
40979,1.0
40980,1.0
40981,1.0
40982,1.0
40983,0.9997142857142857
40984,0.9760166222666224
40985,0.9993896103896104
40986,1.0
40987,0.9994444444444446
40988,1.0
40989,1.0
40990,0.9998461538461538
40991,1.0
40992,0.9991309523809523
40993,1.0
40994,0.9928109668109669
40995,1.0
40996,1.0
40997,1.0
40998,0.9970363636363637
40999,1.0
41000,0.9982309523809523
41001,0.9007369908986776
41002,0.8184280619707094
41003,0.978506449106449
41004,0.9127294150294154
41005,1.0
41006,0.9985217532467533
41007,1.0
41008,1.0
41009,0.17190647439935375
41010,0.9994285714285714
41011,1.0
41012,0.7657827863227243
41013,1.0
41014,1.0
41015,0.9613801191584475
41016,0.9969107142857144
41017,0.9988571428571429
41018,0.998672268907563
41019,0.6558556303259865
41020,1.0
41021,1.0
41022,0.9996666666666667
41023,1.0
41024,1.0
41025,1.0
41026,0.6799357703957554
41027,1.0
41028,1.0
41029,1.0
41030,1.0
41031,0.5638651053624736
41032,0.9994583333333333
41033,0.960248357198357
41034,1.0
41035,1.0
41036,0.9987666666666667
41037,1.0
41038,1.0
41039,0.9945670329670329
41040,0.9996
41041,0.9856539432789433
41042,0.996561111111111
41043,1.0
41044,1.0
41045,1.0
41046,1.0
41047,0.99925
41048,0.7969763756195646
41049,0.9918899350649351
41050,1.0
41051,0.9400421096876976
41052,0.99975
41053,1.0
41054,1.0
41055,1.0
41056,1.0
41057,1.0
41058,1.0
41059,0.9991111111111111
41060,1.0
41061,0.7447927143032405
41062,1.0
41063,1.0
41064,0.35684564846917816
41065,1.0
41066,0.9981348484848486
41067,0.7613795681442738
41068,1.0
41069,1.0
41070,0.9960459290709291
41071,1.0
41072,0.999095238095238
41073,0.9930876623376624
41074,1.0
41075,1.0
41076,1.0
41077,0.653908451515804
41078,1.0
41079,1.0
41080,0.9536475927667106
41081,1.0
41082,0.9912923715173714
41083,0.9981673160173159
41084,1.0
41085,0.9992666666666666
41086,1.0
41087,0.7846377143410428
41088,1.0
41089,0.9988824675324676
41090,0.9956667887667888
41091,1.0
41092,1.0
41093,1.0
41094,1.0
41095,0.9945928571428573
41096,0.9980563492063492
41097,0.9745712565212569
41098,0.9508895757836932
41099,0.6752052954613325
41100,1.0
41101,0.8230214626189081
41102,0.9767550880492059
41103,1.0
41104,1.0
41105,1.0
41106,0.6819115644245674
41107,0.9996666666666666
41108,1.0
41109,1.0
41110,0.9990833333333332
41111,1.0
41112,0.9983811965811965
41113,1.0
41114,1.0
41115,1.0
41116,1.0
41117,0.996826984126984
41118,0.9731402378667086
41119,1.0
41120,0.6501287068796355
41121,0.7784288941450708
41122,1.0
41123,1.0
41124,1.0
41125,1.0
41126,0.8012831834831835
41127,0.8458018214070072
41128,1.0
41129,1.0
41130,0.9954343349460997
41131,1.0
41132,1.0
41133,0.9814979020979022
41134,0.9977349206349206
41135,0.9998461538461538
41136,1.0
41137,0.8729369419795899
41138,0.607432481321568
41139,1.0
41140,0.9982920634920636
41141,0.9994017094017094
41142,1.0
41143,0.36643589743589744
41144,1.0
41145,0.9888138888888889
41146,0.9980785714285714
41147,0.9997999999999999
41148,0.9992333333333333
41149,0.946492457542457
41150,1.0
41151,1.0
41152,1.0
41153,1.0
41154,0.9991666666666666
41155,0.7842058562352684
41156,1.0
41157,0.9992571428571428
41158,1.0
41159,0.9996666666666666
41160,1.0
41161,1.0
41162,1.0
41163,1.0
41164,1.0
41165,0.9832670383538029
41166,1.0
41167,1.0
41168,0.99875
41169,1.0
41170,0.991917205017205
41171,0.9996
41172,1.0
41173,0.9949815628815629
41174,0.9962863414363415
41175,0.9251220201796826
41176,1.0
41177,1.0
41178,1.0
41179,1.0
41180,1.0
41181,1.0
41182,0.9985478632478633
41183,1.0
41184,0.6686980003656474
41185,1.0
41186,0.9988717948717949
41187,1.0
41188,1.0
41189,1.0
41190,1.0
41191,0.9722548391151331
41192,1.0
41193,0.996561111111111
41194,0.9985277777777778
41195,0.42772927508507996
41196,0.9983194444444444
41197,1.0
41198,0.9404476745476748
41199,1.0
41200,1.0
41201,0.99851341991342
41202,1.0
41203,1.0
41204,1.0
41205,0.9962884920634921
41206,1.0
41207,1.0
41208,0.9995555555555555
41209,1.0
41210,0.9799768453768452
41211,1.0
41212,1.0
41213,0.9998461538461538
41214,1.0
41215,1.0
41216,0.9996666666666667
41217,0.9993333333333334
41218,1.0
41219,1.0
41220,0.9946274003774005
41221,0.6598740473578708
41222,1.0
41223,1.0
41224,1.0
41225,0.9948238095238096
41226,1.0
41227,0.9996
41228,0.9729760610734298
41229,1.0
41230,1.0
41231,0.9987606837606837
41232,1.0
41233,0.7396274720377661
41234,1.0
41235,0.9991931818181817
41236,0.88085058158216
41237,0.98081607004107
41238,1.0
41239,1.0
41240,1.0
41241,1.0
41242,0.9650554279054276
41243,0.9107442910031145
41244,1.0
41245,0.7999095980043347
41246,0.9995555555555555
41247,1.0
41248,1.0
41249,1.0
41250,0.9570258228699411
41251,1.0
41252,0.053427326921444564
41253,0.7316824605677542
41254,1.0
41255,0.9947005050505051
41256,1.0
41257,0.9226092907092909
41258,1.0
41259,1.0
41260,0.996001443001443
41261,1.0
41262,0.9990833333333333
41263,1.0
41264,0.9245800258564968
41265,0.9996666666666667
41266,1.0
41267,1.0
41268,1.0
41269,0.998157264957265
41270,1.0
41271,0.9997894736842106
41272,1.0
41273,0.9968785714285715
41274,0.9428359529359537
41275,1.0
41276,0.9888782661782659
41277,0.9879642300509947
41278,0.9887078532578533
41279,0.9990476190476191
41280,1.0
41281,0.8770853323147444
41282,0.9998461538461538
41283,1.0
41284,1.0
41285,1.0
41286,0.9998181818181818
41287,0.9998181818181818
41288,0.9891198788139965
41289,1.0
41290,1.0
41291,0.9847015984015983
41292,0.5890067567966949
41293,1.0
41294,1.0
41295,0.741277520613202
41296,1.0
41297,1.0
41298,1.0
41299,1.0
41300,0.9993777777777778
41301,0.993624111999112
41302,0.995824337916985
41303,1.0
41304,0.9995384615384616
41305,0.9966104509525563
41306,0.9996
41307,1.0
41308,0.9978444444444444
41309,1.0
41310,1.0
41311,0.8822866217116215
41312,1.0
41313,1.0
41314,1.0
41315,0.9981953601953601
41316,1.0
41317,1.0
41318,1.0
41319,0.8437391848347732
41320,1.0
41321,1.0
41322,0.16741191190130816
41323,1.0
41324,1.0
41325,1.0
41326,1.0
41327,1.0
41328,1.0
41329,1.0
41330,1.0
41331,1.0
41332,1.0
41333,0.9513950866127338
41334,0.9655298673548672
41335,0.95910555000555
41336,1.0
41337,0.9996666666666666
41338,1.0
41339,0.9996666666666666
41340,1.0
41341,1.0
41342,1.0
41343,0.9915089799089798
41344,1.0
41345,1.0
41346,1.0
41347,1.0
41348,0.9990452880452882
41349,1.0
41350,1.0
41351,0.9992380952380951
41352,1.0
41353,1.0
41354,0.9965202575202575
41355,1.0
41356,1.0
41357,0.9838762903762907
41358,1.0
41359,1.0
41360,1.0
41361,1.0
41362,0.9810947385947385
41363,1.0
41364,1.0
41365,0.9965999999999999
41366,1.0
41367,0.9992747252747253
41368,1.0
41369,0.9599301009448068
41370,0.9471910922410921
41371,1.0
41372,0.9984285714285714
41373,0.9784274198024195
41374,1.0
41375,1.0
41376,1.0
41377,1.0
41378,0.9996666666666666
41379,0.9637709290709291
41380,1.0
41381,1.0
41382,1.0
41383,1.0
41384,0.9905523698523699
41385,1.0
41386,1.0
41387,0.9990285714285715
41388,1.0
41389,1.0
41390,1.0
41391,1.0
41392,1.0
41393,0.998922619047619
41394,0.9996
41395,0.9992467532467533
41396,0.9804683150183152
41397,1.0
41398,0.9981189829778065
41399,1.0
41400,1.0
41401,1.0
41402,1.0
41403,1.0
41404,0.5149908583246817
41405,0.9990833333333332
41406,1.0
41407,1.0
41408,1.0
41409,1.0
41410,0.9971323529411764
41411,1.0
41412,0.996395861981156
41413,1.0
41414,0.915799335468453
41415,0.9989285714285715
41416,1.0
41417,1.0
41418,1.0
41419,1.0
41420,1.0
41421,1.0
41422,0.9630468781218777
41423,1.0
41424,1.0
41425,0.30863369963369963
41426,1.0
41427,0.6631894732202779
41428,1.0
41429,1.0
41430,0.9998333333333334
41431,0.9954035409035411
41432,0.9789512831939304
41433,0.999
41434,1.0
41435,0.9972920634920633
41436,1.0
41437,0.9767100557938792
41438,1.0
41439,1.0
41440,0.9952443171207876
41441,1.0
41442,0.9997999999999999
41443,1.0
41444,0.8701946251460957
41445,1.0
41446,1.0
41447,1.0
41448,0.9971448107448108
41449,0.7286745862582548
41450,0.9987606837606837
41451,1.0
41452,1.0
41453,0.9990915032679738
41454,1.0
41455,1.0
41456,1.0
41457,0.9710059856809855
41458,1.0
41459,0.9638284382284381
41460,1.0
41461,0.9928642857142858
41462,0.9994285714285713
41463,0.9926963500551735
41464,1.0
41465,1.0
41466,1.0
41467,1.0
41468,1.0
41469,1.0
41470,1.0
41471,1.0
41472,1.0
41473,0.9996666666666667
41474,0.9989666666666667
41475,1.0
41476,0.9991277777777778
41477,1.0
41478,0.9996
41479,0.9984213564213565
41480,0.9728915959857135
41481,1.0
41482,1.0
41483,0.5318974176150648
41484,1.0
41485,1.0
41486,0.9956554112554112
41487,0.9989682539682541
41488,1.0
41489,0.9997142857142858
41490,0.9985166666666666
41491,1.0
41492,1.0
41493,0.9712887023107611
41494,0.99975
41495,0.99395772005772
41496,1.0
41497,0.9995
41498,1.0
41499,1.0
41500,1.0
41501,1.0
41502,1.0
41503,0.332885894033727
41504,1.0
41505,0.9998823529411764
41506,0.1524197650646568
41507,0.8351083343471114
41508,1.0
41509,0.9968298534798533
41510,0.9974993561993564
41511,0.9994545454545455
41512,1.0
41513,0.9566401477607361
41514,1.0
41515,0.14980125229947225
41516,1.0
41517,1.0
41518,0.9994545454545455
41519,0.9987272727272728
41520,0.9858086052836054
41521,1.0
41522,0.9919842130092131
41523,1.0
41524,1.0
41525,0.9941483405483406
41526,1.0
41527,0.9967165223665222
41528,1.0
41529,1.0
41530,0.4422132050955581
41531,0.9851769619269621
41532,0.9993333333333334
41533,0.9995
41534,0.24516225974747652
41535,1.0
41536,1.0
41537,1.0
41538,0.9536110389610387
41539,1.0
41540,0.9973689144189145
41541,1.0
41542,0.9997142857142858
41543,1.0
41544,1.0
41545,0.9548967067246479
41546,1.0
41547,1.0
41548,1.0
41549,1.0
41550,1.0
41551,1.0
41552,0.5561419030316094
41553,1.0
41554,1.0
41555,1.0
41556,1.0
41557,0.5244238877135936
41558,1.0
41559,1.0
41560,0.9826511932511933
41561,0.99975
41562,1.0
41563,1.0
41564,0.9834610389610388
41565,1.0
41566,1.0
41567,0.9582599204716854
41568,1.0
41569,1.0
41570,1.0
41571,1.0
41572,0.975938987809576
41573,1.0
41574,1.0
41575,1.0
41576,1.0
41577,0.9966643939393939
41578,0.9940458152958154
41579,1.0
41580,1.0
41581,0.9983452380952381
41582,1.0
41583,0.3423301306536603
41584,1.0
41585,1.0
41586,0.9948291486291487
41587,0.9994285714285714
41588,0.6410277667464975
41589,1.0
41590,1.0
41591,1.0
41592,0.9246964833412203
41593,1.0
41594,0.2717531160016454
41595,0.4169933120800769
41596,0.5685979828994534
41597,0.9998461538461538
41598,0.9942179487179489
41599,1.0
41600,0.25825080237100356
41601,0.9061499555999557
41602,1.0
41603,1.0
41604,1.0
41605,0.9994285714285714
41606,0.9997777777777779
41607,0.9996666666666666
41608,1.0
41609,1.0
41610,1.0
41611,1.0
41612,0.9942742979242978
41613,1.0
41614,0.5423736526545354
41615,0.9971527289703761
41616,0.7013698575933871
41617,0.27821746031746036
41618,0.665283146119446
41619,0.999325396825397
41620,1.0
41621,1.0
41622,0.33781896954954244
41623,0.9686470985155197
41624,1.0
41625,0.9997142857142857
41626,0.9952792207792207
41627,0.996995238095238
41628,0.9985470588235293
41629,1.0
41630,0.9966285714285714
41631,0.1695009366450544
41632,1.0
41633,0.9987142857142857
41634,0.9997142857142858
41635,1.0
41636,0.8362025469628408
41637,1.0
41638,1.0
41639,0.9912038156288155
41640,1.0
41641,1.0
41642,0.9993333333333334
41643,1.0
41644,1.0
41645,0.5704957820731038
41646,0.9997142857142858
41647,1.0
41648,1.0
41649,1.0
41650,0.2878563554007054
41651,1.0
41652,0.9537507567595804
41653,1.0
41654,1.0
41655,0.9955166500166499
41656,1.0
41657,0.48403241742777336
41658,1.0
41659,0.9964035714285715
41660,0.8732663925256026
41661,0.20849912930207054
41662,1.0
41663,0.9793086691086691
41664,1.0
41665,1.0
41666,0.9083327228327225
41667,0.9993333333333334
41668,1.0
41669,0.9981111111111111
41670,1.0
41671,0.9985050505050506
41672,0.9859205650558592
41673,1.0
41674,1.0
41675,1.0
41676,0.9948585009761481
41677,1.0
41678,0.9998333333333334
41679,0.99975
41680,0.9994166666666666
41681,0.9992000000000001
41682,1.0
41683,1.0
41684,1.0
41685,1.0
41686,0.9953479853479855
41687,1.0
41688,1.0
41689,1.0
41690,1.0
41691,1.0
41692,1.0
41693,0.9989890109890109
41694,0.759208354717178
41695,1.0
41696,1.0
41697,1.0
41698,1.0
41699,1.0
41700,0.999
41701,0.5044799908467864
41702,1.0
41703,0.9949487042025743
41704,1.0
41705,1.0
41706,1.0
41707,1.0
41708,0.9997142857142858
41709,1.0
41710,1.0
41711,0.24602019957167026
41712,1.0
41713,0.998124531024531
41714,0.9965589743589746
41715,0.9987681818181819
41716,0.5010464334513097
41717,0.9823725912975916
41718,1.0
41719,1.0
41720,1.0
41721,1.0
41722,0.9992727272727272
41723,0.9846615156085745
41724,0.9997777777777779
41725,0.9992142857142858
41726,1.0
41727,0.9672213528301764
41728,0.45043711223417154
41729,1.0
41730,0.9968225885225885
41731,1.0
41732,1.0
41733,1.0
41734,0.9879315573315574
41735,1.0
41736,1.0
41737,1.0
41738,1.0
41739,1.0
41740,0.970314604109341
41741,0.9997777777777779
41742,0.777304645354646
41743,1.0
41744,1.0
41745,1.0
41746,1.0
41747,1.0
41748,1.0
41749,0.9871932012432013
41750,1.0
41751,1.0
41752,0.983087445887446
41753,1.0
41754,1.0
41755,0.99168103008103
41756,1.0
41757,0.9639527861027863
41758,0.8405813993196348
41759,0.9995714285714287
41760,1.0
41761,1.0
41762,1.0
41763,1.0
41764,0.9970698412698412
41765,0.9398740889829124
41766,1.0
41767,1.0
41768,1.0
41769,1.0
41770,0.9993015873015875
41771,1.0
41772,1.0
41773,0.9899374458874456
41774,1.0
41775,1.0
41776,1.0
41777,1.0
41778,0.9662782245532248
41779,0.6583573349079541
41780,0.9604734208601855
41781,0.9981309523809523
41782,0.9942887945387945
41783,1.0
41784,1.0
41785,0.99915
41786,0.9806898101898104
41787,0.4928127372627371
41788,1.0
41789,1.0
41790,1.0
41791,0.9978061965811965
41792,1.0
41793,0.9859167943167942
41794,1.0
41795,1.0
41796,0.994981945831946
41797,1.0
41798,1.0
41799,1.0
41800,1.0
41801,0.9996666666666667
41802,1.0
41803,0.998172619047619
41804,1.0
41805,1.0
41806,0.9900537518037518
41807,0.9966825396825396
41808,0.8780514051823649
41809,0.9984
41810,1.0
41811,1.0
41812,1.0
41813,1.0
41814,0.9971336996336997
41815,1.0
41816,1.0
41817,1.0
41818,1.0
41819,0.9889308080808081
41820,1.0
41821,1.0
41822,1.0
41823,1.0
41824,1.0
41825,1.0
41826,1.0
41827,0.9855899156399158
41828,1.0
41829,0.9964972693972696
41830,1.0
41831,0.9178112695869666
41832,0.9981492063492063
41833,1.0
41834,1.0
41835,1.0
41836,1.0
41837,0.9873496947496948
41838,0.9967811234517118
41839,0.4904400867106753
41840,1.0
41841,0.43861998904088706
41842,1.0
41843,0.3181611111111112
41844,0.9997142857142858
41845,1.0
41846,0.9980761904761905
41847,1.0
41848,1.0
41849,0.9990277777777778
41850,1.0
41851,1.0
41852,1.0
41853,1.0
41854,0.869431963951082
41855,0.9928357142857142
41856,0.046779336349924566
41857,0.7937829144711489
41858,0.9397543775282166
41859,0.30261176086555347
41860,0.9671756854256858
41861,1.0
41862,1.0
41863,1.0
41864,1.0
41865,1.0
41866,0.9991111111111111
41867,1.0
41868,1.0
41869,0.918327315168492
41870,1.0
41871,1.0
41872,0.9974142857142857
41873,0.9941506493506492
41874,0.9763500352588589
41875,1.0
41876,1.0
41877,0.9971428571428571
41878,0.9988888888888889
41879,1.0
41880,1.0
41881,0.9190996780996782
41882,1.0
41883,1.0
41884,0.9846369989143983
41885,0.9989104395604395
41886,1.0
41887,1.0
41888,1.0
41889,1.0
41890,0.544664710409989
41891,0.991940084915085
41892,0.481153419035385
41893,1.0
41894,1.0
41895,0.7704587094278271
41896,0.5242801583865045
41897,1.0
41898,1.0
41899,0.9704354423354422
41900,0.9973474025974026
41901,1.0
41902,1.0
41903,1.0
41904,0.9412585293963001
41905,1.0
41906,0.9928107864357862
41907,1.0
41908,1.0
41909,1.0
41910,1.0
41911,1.0
41912,1.0
41913,1.0
41914,0.9996
41915,0.8830147634701044
41916,0.9993333333333333
41917,1.0
41918,1.0
41919,0.8859326494626811
41920,1.0
41921,0.9985077667430607
41922,1.0
41923,1.0
41924,1.0
41925,0.9986666666666667
41926,1.0
41927,0.6975268589253883
41928,0.9111447524697525
41929,1.0
41930,0.9960305916305917
41931,0.687064897099804
41932,1.0
41933,1.0
41934,0.9648399040501981
41935,1.0
41936,0.9996666666666667
41937,0.9945116883116883
41938,0.9981785714285716
41939,0.3840982606402883
41940,0.9943921495171494
41941,1.0
41942,0.9949416361416362
41943,0.7430673107422339
41944,1.0
41945,1.0
41946,0.9494617457705693
41947,1.0
41948,0.30096140549337147
41949,0.9903418803418805
41950,1.0
41951,0.9927865134865135
41952,1.0
41953,1.0
41954,1.0
41955,0.8773803058053061
41956,0.9993461538461538
41957,0.80737745866105
41958,0.8859165512591983
41959,0.34988960900640453
41960,1.0
41961,0.9996666666666666
41962,1.0
41963,1.0
41964,1.0
41965,1.0
41966,0.9993777777777777
41967,0.9996666666666666
41968,1.0
41969,1.0
41970,1.0
41971,0.9965396825396824
41972,1.0
41973,0.9996
41974,1.0
41975,1.0
41976,0.9977528138528139
41977,1.0
41978,0.9798920829170827
41979,0.5173629761019857
41980,0.5581033371770988
41981,1.0
41982,0.9995714285714286
41983,0.9913341547341549
41984,0.9996
41985,1.0
41986,1.0
41987,1.0
41988,0.9936914311179017
41989,1.0
41990,1.0
41991,0.9997142857142858
41992,0.9969670329670332
41993,0.979280425130425
41994,1.0
41995,0.9973549783549783
41996,0.5139643850387657
41997,1.0
41998,0.9328668162762592
41999,0.9997142857142857
42000,1.0
42001,1.0
42002,0.9988717948717949
42003,1.0
42004,1.0
42005,0.97782104007104
42006,1.0
42007,0.9949045530492899
42008,1.0
42009,0.9992142857142858
42010,0.9610012099012102
42011,1.0
42012,1.0
42013,0.9991030303030302
42014,0.7647638968874263
42015,0.995298124098124
42016,0.9990285714285715
42017,0.9891854129530603
42018,1.0
42019,1.0
42020,1.0
42021,0.9989450549450549
42022,1.0
42023,0.9589579448329444
42024,1.0
42025,1.0
42026,1.0
42027,1.0
42028,1.0
42029,1.0
42030,0.9995
42031,0.999095238095238
42032,1.0
42033,1.0
42034,0.9972008547008548
42035,0.9973723942723944
42036,1.0
42037,1.0
42038,1.0
42039,1.0
42040,1.0
42041,1.0
42042,1.0
42043,1.0
42044,1.0
42045,0.9651015373515374
42046,1.0
42047,1.0
42048,1.0
42049,1.0
42050,1.0
42051,1.0
42052,0.9711365634365633
42053,0.9996666666666667
42054,1.0
42055,1.0
42056,0.9145666583416587
42057,1.0
42058,0.9946584415584415
42059,0.8605734642722261
42060,1.0
42061,0.495359589387221
42062,0.989750555000555
42063,0.9987619047619049
42064,0.7836114826350119
42065,0.9920246586746585
42066,0.9997777777777779
42067,0.27935865800865806
42068,1.0
42069,1.0
42070,1.0
42071,0.9991190476190476
42072,1.0
42073,1.0
42074,1.0
42075,1.0
42076,1.0
42077,0.8667728298705082
42078,1.0
42079,0.9997999999999999
42080,0.9922417494270436
42081,1.0
42082,0.881132269656728
42083,1.0
42084,1.0
42085,0.9488209290709287
42086,1.0
42087,0.9988351648351649
42088,0.17671364052184502
42089,0.9976238095238097
42090,1.0
42091,0.9798134809634809
42092,1.0
42093,1.0
42094,1.0
42095,0.685136798169151
42096,0.8833993810111458
42097,1.0
42098,0.9997999999999999
42099,0.9940296453546453
42100,0.5910505980345765
42101,0.997569291819292
42102,0.9995384615384616
42103,1.0
42104,1.0
42105,0.9371733650078848
42106,0.9570684029764525
42107,1.0
42108,0.9998571428571429
42109,1.0
42110,0.9094031626869862
42111,1.0
42112,0.7741226321064553
42113,0.494703100391181
42114,0.8963373603005185
42115,1.0
42116,1.0
42117,1.0
42118,1.0
42119,1.0
42120,0.9929826007326007
42121,1.0
42122,0.9805780684228054
42123,1.0
42124,1.0
42125,1.0
42126,1.0
42127,1.0
42128,0.9785713353639823
42129,1.0
42130,0.8796118205066344
42131,1.0
42132,0.19536203779880262
42133,1.0
42134,0.994031673881674
42135,1.0
42136,1.0
42137,0.999
42138,0.9981760461760462
42139,0.998045238095238
42140,0.750709184288364
42141,1.0
42142,1.0
42143,1.0
42144,1.0
42145,0.8226456047650325
42146,1.0
42147,0.9996666666666667
42148,1.0
42149,1.0
42150,0.9953619047619047
42151,1.0
42152,1.0
42153,0.8822396007501268
42154,1.0
42155,0.9506484889293713
42156,0.9529439976689973
42157,0.9988888888888889
42158,1.0
42159,1.0
42160,1.0
42161,1.0
42162,1.0
42163,1.0
42164,0.9799258576648672
42165,1.0
42166,0.9996666666666666
42167,1.0
42168,1.0
42169,1.0
42170,0.9963003663003663
42171,0.18620053965642208
42172,1.0
42173,1.0
42174,1.0
42175,0.9993102453102454
42176,0.9914140748140748
42177,1.0
42178,0.9884365399306575
42179,1.0
42180,0.9997777777777779
42181,0.6871942577064432
42182,1.0
42183,1.0
42184,0.9995
42185,1.0
42186,0.2428388914576997
42187,1.0
42188,1.0
42189,1.0
42190,0.9524460663949056
42191,0.9761342502268971
42192,1.0
42193,0.9987587301587302
42194,1.0
42195,0.999875
42196,1.0
42197,1.0
42198,1.0
42199,0.9453037893221332
42200,0.9960129204129204
42201,0.9982937062937063
42202,1.0
42203,1.0
42204,0.6199700924892105
42205,1.0
42206,1.0
42207,0.9972380952380951
42208,1.0
42209,1.0
42210,1.0
42211,0.9903158730158729
42212,1.0
42213,1.0
42214,1.0
42215,1.0
42216,1.0
42217,0.9979274042950513
42218,1.0
42219,1.0
42220,1.0
42221,1.0
42222,0.9994666666666667
42223,0.6280487022781137
42224,1.0
42225,0.6745620767777114
42226,1.0
42227,1.0
42228,1.0
42229,1.0
42230,0.36822274085563567
42231,1.0
42232,1.0
42233,1.0
42234,0.9991428571428571
42235,0.9959623015873016
42236,0.7687836823307412
42237,0.9994545454545455
42238,1.0
42239,1.0
42240,1.0
42241,0.5856265251088778
42242,1.0
42243,1.0
42244,1.0
42245,1.0
42246,0.9878851565101565
42247,1.0
42248,0.9984619047619047
42249,0.6866163754975677
42250,1.0
42251,1.0
42252,0.9995384615384616
42253,1.0
42254,0.9981785714285715
42255,0.9962174603174604
42256,0.9944443500943503
42257,1.0
42258,0.7429809829489398
42259,0.979717216443687
42260,1.0
42261,1.0
42262,0.9998333333333334
42263,1.0
42264,0.714814435315287
42265,0.9960502497502498
42266,1.0
42267,1.0
42268,0.9706768065268069
42269,0.9990166666666667
42270,1.0
42271,0.9982045454545455
42272,0.9984166666666667
42273,0.9867034188034188
42274,1.0
42275,1.0
42276,1.0
42277,1.0
42278,1.0
42279,0.9851925156542802
42280,0.9998181818181818
42281,1.0
42282,0.9505306288482758
42283,0.9989111111111111
42284,1.0
42285,0.9832573870573873
42286,0.9975595238095237
42287,0.999
42288,0.9015424963924961
42289,1.0
42290,0.9942724220224222
42291,1.0
42292,0.9771672188922189
42293,0.5081525156989555
42294,1.0
42295,1.0
42296,1.0
42297,1.0
42298,0.9992000000000001
42299,1.0
42300,0.7836847910173768
42301,1.0
42302,1.0
42303,1.0
42304,1.0
42305,0.6805070873570876
42306,1.0
42307,1.0
42308,1.0
42309,1.0
42310,1.0
42311,0.6599290982581232
42312,1.0
42313,1.0
42314,0.9958845598845598
42315,0.9994545454545455
42316,0.9995777777777778
42317,0.9997142857142858
42318,1.0
42319,0.3877297228914876
42320,1.0
42321,0.9998461538461538
42322,0.9801319042069044
42323,1.0
42324,0.9954838217338217
42325,1.0
42326,0.9998888888888889
42327,1.0
42328,1.0
42329,1.0
42330,1.0
42331,0.9288488874300794
42332,0.2367821217396295
42333,0.5999872222462781
42334,1.0
42335,0.5556149839754325
42336,1.0
42337,0.9988175824175825
42338,1.0
42339,0.826144662768514
42340,0.9673470064249474
42341,1.0
42342,1.0
42343,1.0
42344,0.9988626262626262
42345,1.0
42346,1.0
42347,1.0
42348,1.0
42349,1.0
42350,0.9467010817613758
42351,1.0
42352,1.0
42353,0.9762786102786105
42354,0.9994285714285714
42355,0.7552298688239865
42356,0.5321725116386882
42357,0.9869773272479153
42358,1.0
42359,1.0
42360,1.0
42361,1.0
42362,1.0
42363,1.0
42364,0.9978071428571429
42365,0.983076494094141
42366,1.0
42367,0.9962531746031745
42368,0.9441598630987176
42369,0.9998888888888889
42370,1.0
42371,0.9971393939393939
42372,1.0
42373,1.0
42374,0.9939165112665111
42375,1.0
42376,0.9985000000000002
42377,1.0
42378,0.6377781321619554
42379,0.9975601731601731
42380,0.999875
42381,0.9997142857142858
42382,0.9981495726495727
42383,1.0
42384,1.0
42385,1.0
42386,0.283538723488414
42387,1.0
42388,0.9998461538461538
42389,1.0
42390,1.0
42391,1.0
42392,0.9765405780494015
42393,0.9995555555555555
42394,1.0
42395,1.0
42396,0.9915551226551228
42397,0.9958161976911978
42398,0.9989285714285715
42399,0.9998181818181818
42400,1.0
42401,1.0
42402,1.0
42403,0.9988585858585858
42404,1.0
42405,0.9848088744588746
42406,1.0
42407,1.0
42408,0.9634707873825523
42409,1.0
42410,1.0
42411,0.07509174460730189
42412,1.0
42413,1.0
42414,1.0
42415,0.9910532467532469
42416,0.5709690283968586
42417,0.9986181818181818
42418,1.0
42419,0.9975267094017095
42420,1.0
42421,0.5767201251878488
42422,1.0
42423,0.9928687590187589
42424,0.11055310619033534
42425,0.08964236428346335
42426,1.0
42427,1.0
42428,1.0
42429,1.0
42430,0.9273871107650522
42431,1.0
42432,0.9990380952380953
42433,0.998
42434,1.0
42435,0.9996
42436,1.0
42437,1.0
42438,1.0
42439,1.0
42440,1.0
42441,1.0
42442,1.0
42443,1.0
42444,0.8977543054984234
42445,1.0
42446,1.0
42447,0.22145348915790103
42448,0.9950349927849926
42449,1.0
42450,1.0
42451,0.2776988769142796
42452,0.9996666666666666
42453,1.0
42454,1.0
42455,0.9429493859941227
42456,1.0
42457,0.9996
42458,0.9801735264735265
42459,0.9912665223665222
42460,1.0
42461,1.0
42462,1.0
42463,0.9764960955710954
42464,1.0
42465,1.0
42466,1.0
42467,0.9990285714285715
42468,0.8198455694632163
42469,0.9994285714285714
42470,1.0
42471,1.0
42472,1.0
42473,0.997334126984127
42474,0.8577627475981195
42475,0.9928998556998557
42476,1.0
42477,1.0
42478,1.0
42479,0.9956510127127775
42480,0.9972809523809524
42481,1.0
42482,0.9946666666666665
42483,1.0
42484,0.9992698412698414
42485,1.0
42486,1.0
42487,0.9823708046855106
42488,0.9394663301696586
42489,1.0
42490,1.0
42491,1.0
42492,1.0
42493,0.996858166833167
42494,1.0
42495,1.0
42496,1.0
42497,0.9980952380952379
42498,1.0
42499,0.33775079365079363
42500,1.0
42501,1.0
42502,0.27212026862026856
42503,1.0
42504,0.9744729326229327
42505,1.0
42506,1.0
42507,1.0
42508,0.9919635420135421
42509,0.9837361305361303
42510,1.0
42511,0.5279624935951556
42512,0.9211513986013987
42513,0.9773109113109115
42514,1.0
42515,0.9991142857142857
42516,1.0
42517,1.0
42518,1.0
42519,1.0
42520,0.24627242420462242
42521,1.0
42522,0.9979396603396603
42523,0.9997142857142857
42524,0.09294909371674077
42525,1.0
42526,0.9523739526039832
42527,1.0
42528,0.9791301809301809
42529,1.0
42530,1.0
42531,0.9994065934065934
42532,1.0
42533,1.0
42534,0.9933079059829062
42535,0.9926093573093573
42536,0.9988333333333334
42537,0.6514921727996811
42538,0.8651168645767722
42539,1.0
42540,1.0
42541,1.0
42542,1.0
42543,1.0
42544,1.0
42545,0.9848283327783329
42546,0.9964825396825397
42547,0.9949918470418471
42548,1.0
42549,1.0
42550,0.8071790698637455
42551,1.0
42552,1.0
42553,1.0
42554,1.0
42555,1.0
42556,0.8383912368677072
42557,0.999
42558,1.0
42559,0.9996363636363637
42560,1.0
42561,0.9979238095238094
42562,1.0
42563,0.9735628858070032
42564,1.0
42565,1.0
42566,1.0
42567,1.0
42568,1.0
42569,1.0
42570,1.0
42571,0.9756228522767222
42572,1.0
42573,0.3967109065770829
42574,1.0
42575,1.0
42576,1.0
42577,1.0
42578,1.0
42579,0.5728394474806244
42580,0.9996666666666666
42581,1.0
42582,1.0
42583,0.9964404761904762
42584,0.7578141171521974
42585,0.06561120915548158
42586,1.0
42587,0.9987083333333334
42588,0.9699983643549435
42589,1.0
42590,1.0
42591,0.9847094516594517
42592,1.0
42593,0.9957043345543346
42594,0.9944676323676324
42595,1.0
42596,1.0
42597,1.0
42598,0.999095238095238
42599,1.0
42600,1.0
42601,1.0
42602,0.9994285714285714
42603,0.6082853022794203
42604,0.9836070318570318
42605,1.0
42606,0.8535291198223859
42607,1.0
42608,0.9722931467225584
42609,1.0
42610,1.0
42611,0.9996
42612,1.0
42613,1.0
42614,1.0
42615,0.9980821661998133
42616,0.8499763228601465
42617,1.0
42618,0.9993277777777778
42619,0.9982539682539682
42620,0.9945767794297206
42621,1.0
42622,0.9969168165168166
42623,1.0
42624,0.7747024517965697
42625,0.09125493999464593
42626,1.0
42627,1.0
42628,0.9990940170940171
42629,1.0
42630,1.0
42631,0.6868650105999953
42632,1.0
42633,0.8537307254664837
42634,1.0
42635,0.9955253968253968
42636,1.0
42637,1.0
42638,0.9669253327082277
42639,0.9995555555555555
42640,1.0
42641,1.0
42642,0.9533913099198702
42643,1.0
42644,1.0
42645,0.9733775691628636
42646,0.9567943124728729
42647,1.0
42648,0.9919315295815295
42649,1.0
42650,1.0
42651,1.0
42652,1.0
42653,0.9538474081474081
42654,0.9984166666666666
42655,0.1594964135537665
42656,1.0
42657,1.0
42658,0.9951739316239315
42659,0.9961892551892553
42660,1.0
42661,0.5670627775389381
42662,1.0
42663,0.9916511599511599
42664,1.0
42665,1.0
42666,1.0
42667,1.0
42668,1.0
42669,0.992830352980353
42670,0.9882395255071725
42671,0.9906089022089022
42672,1.0
42673,1.0
42674,0.8387544929099111
42675,0.5435397473183858
42676,1.0
42677,0.9911705627705628
42678,1.0
42679,1.0
42680,1.0
42681,1.0
42682,1.0
42683,1.0
42684,1.0
42685,0.9994
42686,0.9977930291930293
42687,0.9986999999999999
42688,0.9806710789210785
42689,0.980158260452997
42690,1.0
42691,1.0
42692,0.6695661217007961
42693,1.0
42694,1.0
42695,0.4615314476373301
42696,0.9986
42697,1.0
42698,1.0
42699,1.0
42700,0.990821269580093
42701,0.9997777777777779
42702,1.0
42703,1.0
42704,1.0
42705,0.99875
42706,0.9991476190476191
42707,1.0
42708,1.0
42709,1.0
42710,0.9434495804848748
42711,0.9958777777777778
42712,0.9649304352510236
42713,0.9854122405372405
42714,1.0
42715,1.0
42716,1.0
42717,0.9038015954431892
42718,0.9940957431457432
42719,1.0
42720,1.0
42721,1.0
42722,1.0
42723,0.32393580593812793
42724,1.0
42725,1.0
42726,0.9998461538461538
42727,1.0
42728,1.0
42729,1.0
42730,0.9983500000000001
42731,0.9971213076139548
42732,0.9652243101669575
42733,1.0
42734,0.99975
42735,0.9996071428571429
42736,1.0
42737,0.5869415572989104
42738,1.0
42739,0.980177281052281
42740,0.7508351765881175
42741,0.6571772868084785
42742,1.0
42743,1.0
42744,0.9987606837606837
42745,0.7325297386394138
42746,1.0
42747,1.0
42748,0.9945238095238095
42749,1.0
42750,1.0
42751,0.8282128053319233
42752,1.0
42753,0.2785738507106928
42754,1.0
42755,1.0
42756,1.0
42757,0.9994333333333334
42758,0.9978399267399268
42759,0.9937496947496947
42760,1.0
42761,0.9992000000000001
42762,0.44557195369989483
42763,1.0
42764,0.9973989898989897
42765,1.0
42766,1.0
42767,1.0
42768,1.0
42769,1.0
42770,0.86444882831307
42771,1.0
42772,0.9974500000000001
42773,1.0
42774,1.0
42775,0.9997142857142857
42776,0.9996666666666667
42777,0.9707077022392815
42778,0.9514631451881449
42779,0.9891963301404476
42780,0.9978863636363635
42781,0.8313720420188686
42782,1.0
42783,0.31187210266513676
42784,0.489603337838632
42785,1.0
42786,0.9925797261561967
42787,1.0
42788,0.7419710526487615
42789,1.0
42790,0.9998461538461538
42791,1.0
42792,0.5212572533933219
42793,1.0
42794,0.9984444444444445
42795,1.0
42796,1.0
42797,1.0
42798,1.0
42799,0.9989393939393939
42800,1.0
42801,1.0
42802,1.0
42803,1.0
42804,1.0
42805,0.4124223009017126
42806,0.912930609302978
42807,1.0
42808,1.0
42809,0.9997777777777779
42810,1.0
42811,1.0
42812,0.8535732409545407
42813,0.9943094155844154
42814,1.0
42815,1.0
42816,0.9993333333333334
42817,1.0
42818,1.0
42819,0.9860577077892869
42820,0.9255818012053312
42821,1.0
42822,1.0
42823,1.0
42824,0.9267932663569661
42825,0.9998333333333334
42826,0.9997142857142857
42827,1.0
42828,1.0
42829,1.0
42830,0.9989285714285715
42831,0.9953003663003664
42832,1.0
42833,0.9708575024390818
42834,1.0
42835,0.975276886271623
42836,1.0
42837,0.99975
42838,1.0
42839,1.0
42840,0.6976770061637706
42841,0.9697575391928333
42842,0.8509711565867916
42843,1.0
42844,0.334852851396969
42845,1.0
42846,1.0
42847,0.8669422272344097
42848,0.9970967532467532
42849,0.9837640470640471
42850,0.7439456917265747
42851,0.9981978021978022
42852,1.0
42853,1.0
42854,1.0
42855,1.0
42856,0.11547302121682931
42857,1.0
42858,1.0
42859,1.0
42860,0.9994545454545455
42861,1.0
42862,0.7167475219225226
42863,1.0
42864,1.0
42865,1.0
42866,1.0
42867,1.0
42868,0.9775942577030813
42869,1.0
42870,0.42180195964166545
42871,1.0
42872,1.0
42873,1.0
42874,0.99491328320802
42875,0.9995
42876,1.0
42877,1.0
42878,1.0
42879,0.8911376563752725
42880,1.0
42881,1.0
42882,0.8182576156299846
42883,0.9997142857142857
42884,1.0
42885,0.9260269531294301
42886,0.9738541902541905
42887,1.0
42888,0.9881709124209123
42889,0.99975
42890,1.0
42891,1.0
42892,0.9899194805194804
42893,1.0
42894,1.0
42895,0.9873194083694082
42896,0.9919545954045954
42897,1.0
42898,1.0
42899,1.0
42900,0.9996
42901,0.9620622738372737
42902,1.0
42903,0.9996666666666667
42904,1.0
42905,1.0
42906,1.0
42907,0.9990848484848484
42908,0.5789135251057852
42909,1.0
42910,0.9829654956154957
42911,0.9985974025974026
42912,0.29545531527296237
42913,0.9692236430236428
42914,0.9904156954156955
42915,1.0
42916,0.9685862547583133
42917,0.6764032885415241
42918,1.0
42919,0.31801830946830967
42920,1.0
42921,1.0
42922,1.0
42923,0.9968884199134199
42924,1.0
42925,1.0
42926,0.9996666666666667
42927,0.9868276889776889
42928,0.8606241835821558
42929,1.0
42930,0.9993142857142858
42931,1.0
42932,1.0
42933,0.9989111111111111
42934,1.0
42935,0.9492630688369078
42936,1.0
42937,1.0
42938,1.0
42939,0.6741337060428392
42940,1.0
42941,0.9945584748584749
42942,1.0
42943,1.0
42944,1.0
42945,0.9985333333333333
42946,0.9994920634920635
42947,0.6210112517857103
42948,0.9998333333333332
42949,1.0
42950,1.0
42951,0.9454977431065664
42952,0.8423534817779397
42953,0.9989230769230769
42954,0.31225916159004424
42955,1.0
42956,0.17684585871644698
42957,1.0
42958,1.0
42959,1.0
42960,1.0
42961,1.0
42962,0.9992239316239316
42963,1.0
42964,1.0
42965,1.0
42966,1.0
42967,1.0
42968,0.7876581199845908
42969,1.0
42970,0.33850887496576354
42971,1.0
42972,1.0
42973,1.0
42974,0.9704326470914706
42975,0.9984689754689755
42976,0.99825
42977,1.0
42978,0.9933191974691974
42979,1.0
42980,1.0
42981,0.9927634476634477
42982,1.0
42983,1.0
42984,1.0
42985,0.9995416666666668
42986,0.9989285714285713
42987,1.0
42988,1.0
42989,1.0
42990,0.986162787539258
42991,0.4379819621554914
42992,0.9963563492063493
42993,0.9199325015627651
42994,0.9966968531468533
42995,1.0
42996,1.0
42997,1.0
42998,1.0
42999,0.9995
43000,0.5199151570565653
43001,0.31002408555496797
43002,1.0
43003,1.0
43004,0.9983214285714287
43005,1.0
43006,1.0
43007,1.0
43008,1.0
43009,1.0
43010,1.0
43011,0.9995
43012,0.9967309523809524
43013,1.0
43014,1.0
43015,1.0
43016,1.0
43017,0.9988
43018,0.4715762222126001
43019,0.5870635648665053
43020,0.9891168292234083
43021,1.0
43022,0.9508705709323354
43023,0.8162022577096109
43024,0.09969711056916952
43025,0.9995555555555555
43026,0.9658173801688509
43027,0.961812778887779
43028,0.9959039682539683
43029,1.0
43030,1.0
43031,1.0
43032,0.9996666666666666
43033,1.0
43034,1.0
43035,1.0
43036,0.9996666666666666
43037,0.9541112722245074
43038,0.9996
43039,0.9941080765639587
43040,0.99975
43041,0.9816412191609563
43042,1.0
43043,1.0
43044,0.9975631868131868
43045,1.0
43046,0.12223028817587644
43047,1.0
43048,0.9997999999999999
43049,1.0
43050,1.0
43051,1.0
43052,1.0
43053,0.9813038295038293
43054,1.0
43055,1.0
43056,0.9973047619047619
43057,1.0
43058,1.0
43059,1.0
43060,1.0
43061,1.0
43062,1.0
43063,0.9991428571428571
43064,1.0
43065,1.0
43066,1.0
43067,1.0
43068,1.0
43069,0.8148950271950268
43070,0.9859500938260227
43071,1.0
43072,0.9832546689894213
43073,1.0
43074,0.9053735114300905
43075,1.0
43076,0.725494950864298
43077,1.0
43078,0.8523485209235208
43079,0.9998333333333332
43080,1.0
43081,1.0
43082,1.0
43083,0.9941370546120545
43084,0.9689669941169942
43085,1.0
43086,0.9992181818181818
43087,0.9994
43088,0.9319113942473078
43089,0.9976071428571429
43090,1.0
43091,0.540829557722979
43092,1.0
43093,0.9808296148296148
43094,0.9998333333333334
43095,0.9984253968253969
43096,1.0
43097,0.9925042679542682
43098,0.9953290043290043
43099,0.6543264901764904
43100,0.9997999999999999
43101,1.0
43102,1.0
43103,1.0
43104,0.9976257936507936
43105,1.0
43106,0.9073305521276109
43107,1.0
43108,1.0
43109,1.0
43110,0.8132272200022197
43111,1.0
43112,0.46712219871631633
43113,0.9831022880370404
43114,0.9996
43115,0.892059883580472
43116,0.8226704288573486
43117,0.9982023088023089
43118,1.0
43119,0.9788072532043122
43120,1.0
43121,1.0
43122,1.0
43123,0.9998461538461538
43124,1.0
43125,1.0
43126,1.0
43127,1.0
43128,0.9997777777777779
43129,0.9987142857142857
43130,0.7356587928411459
43131,0.1380490562155423
43132,0.99975
43133,1.0
43134,1.0
43135,1.0
43136,1.0
43137,0.9975934343434344
43138,1.0
43139,0.99875
43140,0.9983391812865496
43141,1.0
43142,0.9966333333333334
43143,0.9988717948717949
43144,0.9973277310924369
43145,1.0
43146,0.9988888888888889
43147,1.0
43148,1.0
43149,0.8747894312000349
43150,1.0
43151,0.9882310522810523
43152,0.9984500000000001
43153,0.3469536675312989
43154,0.9989
43155,1.0
43156,0.3898734517890088
43157,1.0
43158,1.0
43159,0.975495693522164
43160,1.0
43161,1.0
43162,0.9996
43163,1.0
43164,0.9969742257742258
43165,0.9858596903096902
43166,1.0
43167,1.0
43168,1.0
43169,0.9981621989121989
43170,0.9979285714285715
43171,1.0
43172,0.5816968916928335
43173,1.0
43174,1.0
43175,1.0
43176,1.0
43177,1.0
43178,1.0
43179,1.0
43180,0.9963428571428572
43181,0.9471142163392163
43182,1.0
43183,1.0
43184,0.9992142857142856
43185,0.8206994187185365
43186,0.9995
43187,1.0
43188,0.9987606837606837
43189,0.8469852410661234
43190,0.9136901005856891
43191,0.9744021423021425
43192,1.0
43193,1.0
43194,0.8747296119696402
43195,1.0
43196,0.9848921134421136
43197,0.9971928571428571
43198,0.9995
43199,0.9814109779109781
43200,0.8253592778136898
43201,1.0
43202,0.9876402597402596
43203,1.0
43204,1.0
43205,1.0
43206,1.0
43207,1.0
43208,1.0
43209,1.0
43210,1.0
43211,1.0
43212,0.08802024952172013
43213,1.0
43214,1.0
43215,0.9997142857142858
43216,1.0
43217,1.0
43218,1.0
43219,1.0
43220,1.0
43221,1.0
43222,1.0
43223,0.3681357696225343
43224,1.0
43225,0.9828059163059162
43226,0.17620619622036043
43227,1.0
43228,1.0
43229,1.0
43230,1.0
43231,1.0
43232,1.0
43233,0.9991111111111112
43234,0.9998181818181818
43235,1.0
43236,1.0
43237,1.0
43238,1.0
43239,1.0
43240,1.0
43241,1.0
43242,0.9915817460317461
43243,0.9991111111111111
43244,0.9967130952380953
43245,1.0
43246,1.0
43247,0.722221612537789
43248,1.0
43249,1.0
43250,1.0
43251,0.9983075757575758
43252,0.9952248473748475
43253,1.0
43254,0.9993333333333334
43255,0.99975
43256,1.0
43257,0.990127775002775
43258,0.6959353434663029
43259,1.0
43260,0.9433688830777065
43261,0.48485266896845897
43262,1.0
43263,1.0
43264,1.0
43265,0.9453089250618667
43266,0.9986
43267,1.0
43268,1.0
43269,1.0
43270,1.0
43271,1.0
43272,0.9983571428571427
43273,1.0
43274,1.0
43275,0.9989294871794872
43276,1.0
43277,0.9775359153917977
43278,0.9986666666666666
43279,1.0
43280,0.9988095238095238
43281,0.9989285714285713
43282,0.9988888888888889
43283,1.0
43284,0.9987826617826617
43285,1.0
43286,1.0
43287,1.0
43288,0.9998181818181818
43289,1.0
43290,0.8864840618961364
43291,1.0
43292,0.9717393606393606
43293,1.0
43294,1.0
43295,0.998634249084249
43296,1.0
43297,0.9737210705960707
43298,1.0
43299,1.0
43300,1.0
43301,1.0
43302,1.0
43303,1.0
43304,1.0
43305,0.9731782578532581
43306,0.941287745587746
43307,1.0
43308,0.9876119103119103
43309,0.763750063008887
43310,0.9393816572316572
43311,0.3820172076289724
43312,1.0
43313,1.0
43314,1.0
43315,1.0
43316,1.0
43317,0.9996666666666667
43318,0.9998333333333334
43319,1.0
43320,1.0
43321,0.9933164005928712
43322,0.9459864692497041
43323,0.9967800865800867
43324,1.0
43325,1.0
43326,1.0
43327,1.0
43328,0.9990642857142857
43329,1.0
43330,1.0
43331,1.0
43332,1.0
43333,1.0
43334,1.0
43335,1.0
43336,1.0
43337,0.8109037600170729
43338,1.0
43339,1.0
43340,0.997409943977591
43341,1.0
43342,0.9883382006882008
43343,0.6638940737367209
43344,1.0
43345,0.9975999999999999
43346,0.9903922688422688
43347,1.0
43348,0.9997999999999999
43349,1.0
43350,1.0
43351,1.0
43352,0.857087721609316
43353,1.0
43354,0.9947253246753246
43355,1.0
43356,0.9101928786899377
43357,0.9985252525252526
43358,1.0
43359,0.4364086954411257
43360,1.0
43361,1.0
43362,1.0
43363,1.0
43364,0.9995555555555555
43365,1.0
43366,0.16261277733760235
43367,1.0
43368,1.0
43369,0.9930356532356529
43370,1.0
43371,0.9965974025974026
43372,0.45900552279677653
43373,1.0
43374,1.0
43375,0.9329349165540342
43376,0.9907680874680875
43377,1.0
43378,1.0
43379,1.0
43380,0.6130022030171411
43381,1.0
43382,0.6994864052276325
43383,0.9888663059163058
43384,1.0
43385,0.64661296318061
43386,1.0
43387,0.9230720034867091
43388,0.866559338502915
43389,0.9427880452880452
43390,1.0
43391,1.0
43392,0.1930844943498195
43393,0.999
43394,1.0
43395,0.8472865497419674
43396,0.9838313075813078
43397,0.9987532320620557
43398,0.9903688811188811
43399,1.0
43400,1.0
43401,0.9993333333333334
43402,0.9991428571428571
43403,0.9860307826160768
43404,0.9990940170940171
43405,1.0
43406,1.0
43407,1.0
43408,1.0
43409,1.0
43410,1.0
43411,1.0
43412,0.9901315073815075
43413,0.9944039682539683
43414,0.9824503610768316
43415,0.6079962848984528
43416,0.9996
43417,0.9986923076923078
43418,1.0
43419,1.0
43420,1.0
43421,1.0
43422,0.9989141414141415
43423,0.9473016277839805
43424,1.0
43425,1.0
43426,0.15637371664283445
43427,0.9998333333333334
43428,1.0
43429,1.0
43430,1.0
43431,1.0
43432,1.0
43433,1.0
43434,0.999031746031746
43435,1.0
43436,1.0
43437,0.9993333333333334
43438,0.9984420634920635
43439,1.0
43440,1.0
43441,0.9925636585636586
43442,0.9996
43443,0.9968678571428571
43444,0.9990277777777777
43445,1.0
43446,1.0
43447,1.0
43448,0.9977230158730159
43449,0.9979881451881453
43450,1.0
43451,1.0
43452,0.9996666666666666
43453,1.0
43454,0.971754014939309
43455,1.0
43456,1.0
43457,1.0
43458,1.0
43459,0.9957323953823953
43460,0.24568995253112905
43461,1.0
43462,1.0
43463,0.9971999999999999
43464,0.9997999999999999
43465,1.0
43466,1.0
43467,0.9979142857142858
43468,1.0
43469,0.9694026085026084
43470,1.0
43471,1.0
43472,1.0
43473,1.0
43474,0.9541163503163506
43475,1.0
43476,1.0
43477,0.8906693682134857
43478,0.6277044191103013
43479,1.0
43480,0.9997142857142858
43481,1.0
43482,1.0
43483,0.99895
43484,1.0
43485,0.9919146076146077
43486,0.8842864448417088
43487,0.9987606837606837
43488,1.0
43489,1.0
43490,1.0
43491,1.0
43492,1.0
43493,0.4014218320551138
43494,1.0
43495,0.9993333333333333
43496,1.0
43497,0.9998666666666667
43498,1.0
43499,1.0
43500,0.9364479520479522
43501,0.9970349206349206
43502,0.999
43503,1.0
43504,1.0
43505,0.9990909090909091
43506,0.667701681136202
43507,0.9989142857142858
43508,0.9846949494949495
43509,1.0
43510,0.9996666666666666
43511,0.998945173453997
43512,0.995100271950272
43513,1.0
43514,1.0
43515,0.9998181818181818
43516,0.9997142857142858
43517,0.9784478354978356
43518,0.9990833333333332
43519,1.0
43520,0.9996666666666666
43521,1.0
43522,0.9994444444444445
43523,0.9991367521367522
43524,1.0
43525,1.0
43526,1.0
43527,0.9976046176046176
43528,1.0
43529,1.0
43530,1.0
43531,1.0
43532,0.9968221778221777
43533,0.9984
43534,0.9947839105339106
43535,0.9788991785991786
43536,1.0
43537,1.0
43538,1.0
43539,1.0
43540,0.9419176545676547
43541,0.9993233082706767
43542,1.0
43543,0.9936073232323234
43544,1.0
43545,1.0
43546,0.9991428571428571
43547,1.0
43548,1.0
43549,0.9345290573805279
43550,1.0
43551,0.12734278377281477
43552,1.0
43553,1.0
43554,1.0
43555,1.0
43556,0.35259127991891165
43557,1.0
43558,1.0
43559,0.9987000000000001
43560,1.0
43561,0.9672376108411714
43562,0.9807051504051505
43563,0.99975
43564,0.4137509483206852
43565,0.9882445113709819
43566,1.0
43567,0.9998461538461538
43568,1.0
43569,1.0
43570,1.0
43571,1.0
43572,0.8483386379702171
43573,0.9901777777777779
43574,1.0
43575,0.9773109113109115
43576,1.0
43577,0.9998571428571429
43578,1.0
43579,1.0
43580,0.9863561383061384
43581,1.0
43582,0.9830908036408036
43583,0.998650505050505
43584,1.0
43585,0.9617069978267349
43586,0.9863725468975469
43587,1.0
43588,1.0
43589,1.0
43590,1.0
43591,1.0
43592,1.0
43593,1.0
43594,1.0
43595,0.9291854529457471
43596,1.0
43597,0.7508276244653185
43598,1.0
43599,0.9991142857142856
43600,1.0
43601,1.0
43602,0.9866207426560367
43603,1.0
43604,0.9510026473526476
43605,0.8633007789596022
43606,1.0
43607,1.0
43608,0.35819909192974203
43609,0.8886256926080459
43610,1.0
43611,0.9767844516594518
43612,0.9993113636363635
43613,1.0
43614,0.9991794871794872
43615,0.9917817460317461
43616,0.9972848484848486
43617,0.9111872754696283
43618,0.9688144280985612
43619,1.0
43620,0.9903238594738596
43621,0.9979055555555556
43622,1.0
43623,1.0
43624,0.9967686507936507
43625,1.0
43626,0.9863211233211233
43627,0.9831954989454991
43628,0.8509703344824215
43629,1.0
43630,1.0
43631,0.9983506493506494
43632,1.0
43633,0.998847619047619
43634,1.0
43635,1.0
43636,0.9955039682539681
43637,1.0
43638,0.9925775641025644
43639,1.0
43640,1.0
43641,0.9938045454545457
43642,0.9984940170940171
43643,0.9647621758959992
43644,0.719372528366969
43645,1.0
43646,1.0
43647,1.0
43648,1.0
43649,0.05505367768626281
43650,0.982444257703081
43651,0.9946217948717948
43652,0.8881114898173721
43653,0.42189141312763606
43654,0.9997999999999999
43655,1.0
43656,1.0
43657,0.9976909090909092
43658,0.7280750716203974
43659,0.9997777777777779
43660,1.0
43661,1.0
43662,1.0
43663,1.0
43664,1.0
43665,0.9997142857142857
43666,1.0
43667,0.9981247252747253
43668,1.0
43669,1.0
43670,0.9979090909090909
43671,0.7757967062349421
43672,1.0
43673,1.0
43674,1.0
43675,0.8791198476016593
43676,0.018368164515223336
43677,1.0
43678,1.0
43679,1.0
43680,1.0
43681,0.7984529436250024
43682,0.9915913197913199
43683,1.0
43684,1.0
43685,0.8164154040404041
43686,1.0
43687,1.0
43688,1.0
43689,0.051309189666542604
43690,1.0
43691,1.0
43692,0.8205932410726527
43693,1.0
43694,1.0
43695,0.985996806298277
43696,0.9880816174022056
43697,1.0
43698,0.9981854978354978
43699,1.0
43700,0.9477167350623235
43701,1.0
43702,1.0
43703,1.0
43704,0.9316770745336533
43705,0.9997142857142858
43706,0.9997142857142858
43707,1.0
43708,1.0
43709,1.0
43710,1.0
43711,1.0
43712,0.22889320885512848
43713,0.7204862145336598
43714,0.9981388888888889
43715,0.9996
43716,1.0
43717,1.0
43718,0.9997142857142857
43719,0.9997777777777779
43720,1.0
43721,0.9971999999999999
43722,0.6738500040894776
43723,0.9959217468805703
43724,1.0
43725,1.0
43726,1.0
43727,1.0
43728,1.0
43729,1.0
43730,0.9378949912488617
43731,0.9932348484848487
43732,1.0
43733,1.0
43734,0.9989285714285715
43735,1.0
43736,0.8854031293869526
43737,1.0
43738,1.0
43739,0.44516810321601386
43740,1.0
43741,0.9827986097236101
43742,1.0
43743,0.9102561441826149
43744,1.0
43745,0.9997142857142857
43746,0.9903657564657565
43747,1.0
43748,1.0
43749,1.0
43750,0.9997777777777779
43751,0.9997999999999999
43752,0.9878045454545455
43753,0.9415080742786626
43754,0.9973611888111888
43755,1.0
43756,0.9997999999999999
43757,1.0
43758,0.9963726190476189
43759,1.0
43760,1.0
43761,1.0
43762,0.9296800394394051
43763,0.8147460983460982
43764,0.9980476190476192
43765,1.0
43766,1.0
43767,1.0
43768,0.9997777777777779
43769,1.0
43770,1.0
43771,1.0
43772,1.0
43773,1.0
43774,1.0
43775,0.9996666666666667
43776,1.0
43777,1.0
43778,1.0
43779,0.99975
43780,1.0
43781,0.9983290043290044
43782,0.9964969780219781
43783,0.9994166666666666
43784,1.0
43785,0.9584729699265304
43786,0.9797002664002664
43787,1.0
43788,0.9942625735375736
43789,0.5027621654489303
43790,1.0
43791,1.0
43792,0.3989859718712661
43793,1.0
43794,0.8533970871758927
43795,0.999547619047619
43796,1.0
43797,0.9994285714285714
43798,0.9976217948717949
43799,0.9679491539506243
43800,1.0
43801,1.0
43802,0.9991428571428571
43803,1.0
43804,1.0
43805,0.9995
43806,1.0
43807,0.9701014319014316
43808,1.0
43809,1.0
43810,1.0
43811,0.9669566320933966
43812,0.9675764222705399
43813,0.9981602564102562
43814,0.98561240981241
43815,0.9984689754689755
43816,1.0
43817,1.0
43818,1.0
43819,1.0
43820,0.9863938228438228
43821,1.0
43822,1.0
43823,1.0
43824,0.9991089743589743
43825,1.0
43826,1.0
43827,1.0
43828,1.0
43829,0.9757690921823272
43830,1.0
43831,1.0
43832,0.9886918969918971
43833,0.99468455988456
43834,1.0
43835,0.10823807119952632
43836,1.0
43837,0.9944426684426685
43838,0.9936076895326897
43839,1.0
43840,1.0
43841,0.9996666666666667
43842,1.0
43843,1.0
43844,0.9561446497946501
43845,0.99975
43846,1.0
43847,0.1376773724641372
43848,1.0
43849,1.0
43850,1.0
43851,0.9090502642094745
43852,0.9969085858585859
43853,1.0
43854,1.0
43855,0.9992923076923078
43856,1.0
43857,0.9020520748858981
43858,1.0
43859,0.7107187904630626
43860,0.99975
43861,0.9996
43862,0.9996
43863,0.85750727691641
43864,0.9870143266090635
43865,0.8009054778554779
43866,0.9763212842712842
43867,0.9974857142857144
43868,0.9523345719639836
43869,0.8770615825351118
43870,0.9995384615384616
43871,1.0
43872,1.0
43873,0.9506169110731031
43874,1.0
43875,1.0
43876,0.9985714285714286
43877,0.9997777777777779
43878,1.0
43879,1.0
43880,1.0
43881,1.0
43882,1.0
43883,0.9981912698412698
43884,0.1922146757095674
43885,0.9998461538461538
43886,1.0
43887,1.0
43888,0.8922587560100724
43889,1.0
43890,1.0
43891,1.0
43892,1.0
43893,1.0
43894,1.0
43895,1.0
43896,0.9835713317728023
43897,1.0
43898,0.9926595848595849
43899,0.8916264568764567
43900,0.996440476190476
43901,0.9963611888111887
43902,1.0
43903,0.9996
43904,1.0
43905,1.0
43906,0.9996666666666666
43907,1.0
43908,0.9983863636363636
43909,1.0
43910,1.0
43911,1.0
43912,1.0
43913,1.0
43914,1.0
43915,1.0
43916,0.9997142857142858
43917,1.0
43918,0.394276076933043
43919,1.0
43920,1.0
43921,0.9989285714285715
43922,1.0
43923,1.0
43924,1.0
43925,0.7301965096994508
43926,1.0
43927,0.9738234510587451
43928,0.8822304083171728
43929,1.0
43930,1.0
43931,0.9989777777777779
43932,0.36215979918774005
43933,1.0
43934,0.0212989964284082
43935,1.0
43936,0.9833772361625304
43937,1.0
43938,0.9490543068043066
43939,1.0
43940,1.0
43941,1.0
43942,1.0
43943,0.7981322597423217
43944,0.6893083475348183
43945,0.9984444444444445
43946,1.0
43947,0.6495010411157469
43948,0.9983849206349207
43949,1.0
43950,1.0
43951,1.0
43952,0.9993333333333334
43953,0.9994285714285714
43954,0.9960524309024309
43955,1.0
43956,0.9985309523809524
43957,0.8879165470150765
43958,0.665434376734377
43959,1.0
43960,0.9994285714285714
43961,1.0
43962,1.0
43963,0.21323237330265205
43964,0.9232761860688333
43965,0.9971
43966,0.011906044445750328
43967,1.0
43968,0.4375266679656774
43969,0.9752101787101787
43970,1.0
43971,0.997374806892454
43972,0.9066205544455541
43973,0.5819596811856877
43974,0.9996666666666666
43975,0.9950588235294117
43976,1.0
43977,0.9770037740037745
43978,0.9374469938558172
43979,0.3209704744515891
43980,1.0
43981,0.981778354978355
43982,0.9981142857142857
43983,1.0
43984,0.21785795981624165
43985,0.9985384615384616
43986,0.9975333333333333
43987,1.0
43988,0.42595624530268505
43989,0.7688056614953679
43990,1.0
43991,1.0
43992,0.997453823953824
43993,1.0
43994,1.0
43995,1.0
43996,1.0
43997,0.9980681818181819
43998,0.99975
43999,0.9985238095238094
44000,1.0
44001,1.0
44002,1.0
44003,1.0
44004,0.9996666666666666
44005,0.9986545454545455
44006,0.12579155746214576
44007,0.027290748140748135
44008,0.9031705074337429
44009,1.0
44010,0.9987142857142856
44011,0.7801816135026787
44012,0.9991384615384615
44013,0.9744956927842504
44014,1.0
44015,0.5370431391278138
44016,1.0
44017,0.7248326433370549
44018,0.9945824370074371
44019,0.9942487512487512
44020,1.0
44021,1.0
44022,1.0
44023,0.9959628205128206
44024,0.852907073293064
44025,1.0
44026,0.9968904761904762
44027,0.99975
44028,0.9928880952380951
44029,1.0
44030,0.959372491560727
44031,1.0
44032,0.9726211445417328
44033,0.9961568181818182
44034,1.0
44035,1.0
44036,1.0
44037,1.0
44038,1.0
44039,0.9920728715728716
44040,0.9967631313131314
44041,1.0
44042,0.9989491341991341
44043,1.0
44044,1.0
44045,1.0
44046,0.8895125896978837
44047,1.0
44048,1.0
44049,1.0
44050,1.0
44051,1.0
44052,1.0
44053,0.9772744200244201
44054,0.9995555555555555
44055,0.9412022929770602
44056,0.8642539536315086
44057,0.9117571908913235
44058,1.0
44059,0.9994642857142857
44060,0.30371746031746033
44061,1.0
44062,1.0
44063,1.0
44064,0.9997999999999999
44065,1.0
44066,0.9783709068709072
44067,1.0
44068,0.9994166666666666
44069,0.9894704440983854
44070,1.0
44071,1.0
44072,0.9994848484848484
44073,0.9998181818181818
44074,0.9995
44075,0.89535371280766
44076,1.0
44077,1.0
44078,1.0
44079,1.0
44080,1.0
44081,1.0
44082,0.9876199467199468
44083,1.0
44084,1.0
44085,0.4420005808244047
44086,1.0
44087,1.0
44088,1.0
44089,1.0
44090,1.0
44091,1.0
44092,1.0
44093,0.8613475024975022
44094,1.0
44095,1.0
44096,0.2870062778724544
44097,1.0
44098,1.0
44099,0.9140530802530801
44100,0.9984285714285714
44101,0.9992142857142858
44102,0.9997142857142857
44103,1.0
44104,0.9971166666666667
44105,1.0
44106,1.0
44107,1.0
44108,1.0
44109,0.7722669573552435
44110,1.0
44111,0.997711038961039
44112,1.0
44113,1.0
44114,1.0
44115,1.0
44116,1.0
44117,1.0
44118,0.9946895829316882
44119,1.0
44120,0.9996
44121,0.9913825142178084
44122,1.0
44123,1.0
44124,0.9059717116217114
44125,0.4650263850614466
44126,0.7369333282415328
44127,0.9997142857142858
44128,1.0
44129,0.9995384615384616
44130,1.0
44131,0.6964504053136406
44132,1.0
44133,1.0
44134,1.0
44135,1.0
44136,1.0
44137,1.0
44138,0.9945156177156178
44139,0.9196232433029647
44140,1.0
44141,0.9992698412698413
44142,0.9916374458874457
44143,1.0
44144,1.0
44145,1.0
44146,1.0
44147,0.9818231177319413
44148,1.0
44149,1.0
44150,1.0
44151,0.9996
44152,1.0
44153,1.0
44154,1.0
44155,0.9994
44156,0.9993333333333334
44157,1.0
44158,1.0
44159,1.0
44160,1.0
44161,0.9902483322233322
44162,1.0
44163,0.930558754248847
44164,0.9967309523809524
44165,1.0
44166,0.9980857142857141
44167,0.9997777777777779
44168,0.9997142857142858
44169,0.9998461538461538
44170,0.9461274614274616
44171,0.6406637000770128
44172,0.9968823232323233
44173,1.0
44174,1.0
44175,1.0
44176,1.0
44177,0.9952031746031748
44178,0.47035388748678264
44179,1.0
44180,0.997679365079365
44181,1.0
44182,0.99975
44183,0.9986309523809525
44184,1.0
44185,0.967934570984571
44186,0.9924411552499787
44187,1.0
44188,1.0
44189,1.0
44190,0.9991111111111111
44191,1.0
44192,1.0
44193,1.0
44194,0.968198851148851
44195,1.0
44196,1.0
44197,0.9986688311688312
44198,1.0
44199,0.9989923076923077
44200,0.9973333333333334
44201,0.9833196192696191
44202,0.9783397621985858
44203,0.9987731092436974
44204,0.37401107143630347
44205,0.9995
44206,1.0
44207,1.0
44208,0.9980380952380953
44209,0.9962290764790764
44210,0.9998461538461538
44211,1.0
44212,1.0
44213,1.0
44214,1.0
44215,0.515640897827663
44216,0.8975412524609897
44217,1.0
44218,1.0
44219,1.0
44220,1.0
44221,0.989662604062604
44222,0.9970064935064936
44223,1.0
44224,1.0
44225,1.0
44226,1.0
44227,0.7491272263684029
44228,1.0
44229,1.0
44230,0.440678223651134
44231,1.0
44232,0.5342524433083257
44233,1.0
44234,1.0
44235,0.36680108231122177
44236,0.4454875967513742
44237,1.0
44238,1.0
44239,1.0
44240,0.9971448107448108
44241,0.9927817238317238
44242,0.8086303943562457
44243,0.9582253080253081
44244,0.9996666666666667
44245,1.0
44246,1.0
44247,0.9959452380952382
44248,0.9984
44249,0.5761884263912906
44250,0.8013751180192357
44251,1.0
44252,0.9986208791208792
44253,0.9977859362859365
44254,0.9757142524142525
44255,0.894031204631282
44256,0.26413260855931164
44257,1.0
44258,0.9974954545454545
44259,1.0
44260,1.0
44261,0.5768084771008145
44262,0.9563683261183261
44263,1.0
44264,1.0
44265,0.9905126553185377
44266,1.0
44267,0.9989111111111111
44268,0.9980809523809523
44269,1.0
44270,0.9839843489843489
44271,0.9996666666666667
44272,0.9957555555555556
44273,0.9933476190476191
44274,0.8047771396903746
44275,0.43670716479083366
44276,1.0
44277,0.09512906508695981
44278,1.0
44279,0.998250641025641
44280,1.0
44281,1.0
44282,0.8978883853075035
44283,0.9712131007881007
44284,1.0
44285,1.0
44286,1.0
44287,1.0
44288,1.0
44289,0.9995555555555555
44290,1.0
44291,0.9986666666666666
44292,1.0
44293,1.0
44294,0.9625523615273621
44295,0.9428435907230023
44296,1.0
44297,1.0
44298,0.9782254554269261
44299,0.9976595238095238
44300,1.0
44301,1.0
44302,0.5343478906886029
44303,1.0
44304,1.0
44305,0.9949514430014431
44306,0.9997999999999999
44307,1.0
44308,0.9983116883116883
44309,1.0
44310,0.9919545954045954
44311,1.0
44312,0.9856855487649603
44313,0.8405630469375832
44314,1.0
44315,1.0
44316,0.9190402867600231
44317,1.0
44318,1.0
44319,1.0
44320,1.0
44321,1.0
44322,0.9993333333333334
44323,1.0
44324,0.9994444444444445
44325,1.0
44326,0.9518283716283714
44327,1.0
44328,1.0
44329,0.9992500000000001
44330,0.9989142857142859
44331,1.0
44332,1.0
44333,0.11805429231930781
44334,0.9762275442393864
44335,1.0
44336,1.0
44337,1.0
44338,0.9977430367018603
44339,1.0
44340,1.0
44341,0.9992217194570135
44342,1.0
44343,0.9975998060762767
44344,0.9975452380952381
44345,1.0
44346,1.0
44347,1.0
44348,1.0
44349,0.9698404693345869
44350,0.997670784770785
44351,1.0
44352,0.9361037601287603
44353,1.0
44354,0.99975
44355,0.7436696848902722
44356,1.0
44357,0.9996
44358,1.0
44359,1.0
44360,1.0
44361,1.0
44362,0.9995
44363,1.0
44364,1.0
44365,1.0
44366,1.0
44367,1.0
44368,1.0
44369,1.0
44370,0.9926056446821152
44371,1.0
44372,0.9760746031746033
44373,1.0
44374,1.0
44375,0.9975833333333333
44376,0.7775415746018688
44377,0.9984761904761905
44378,1.0
44379,0.8699557336454402
44380,0.9975159951159951
44381,1.0
44382,1.0
44383,0.997630525030525
44384,0.6766584602102403
44385,1.0
44386,1.0
44387,1.0
44388,0.9887405372405372
44389,0.9905356188359283
44390,1.0
44391,0.9979809523809524
44392,1.0
44393,0.9998181818181818
44394,0.07451368011073893
44395,1.0
44396,1.0
44397,0.9987203463203463
44398,0.11624935249935253
44399,1.0
44400,1.0
44401,0.9549674963924966
44402,1.0
44403,1.0
44404,0.9943648351648351
44405,0.9949230658230658
44406,0.5681381221547629
44407,0.9996666666666666
44408,1.0
44409,0.9147357268720276
44410,0.990940084915085
44411,1.0
44412,0.9969944444444444
44413,0.9889144688644689
44414,1.0
44415,1.0
44416,0.9831636422401129
44417,1.0
44418,1.0
44419,1.0
44420,1.0
44421,1.0
44422,1.0
44423,1.0
44424,0.9444197025197025
44425,1.0
44426,0.99925
44427,1.0
44428,1.0
44429,0.996602564102564
44430,1.0
44431,1.0
44432,1.0
44433,1.0
44434,1.0
44435,0.9989809523809524
44436,1.0
44437,1.0
44438,1.0
44439,0.9997142857142858
44440,1.0
44441,0.9902987734487736
44442,1.0
44443,1.0
44444,0.917583783339124
44445,1.0
44446,1.0
44447,1.0
44448,1.0
44449,0.9992777777777779
44450,0.9985384615384616
44451,1.0
44452,1.0
44453,0.9933722999222998
44454,0.9987333333333334
44455,0.99805
44456,1.0
44457,0.9252343044210692
44458,0.9691673318511554
44459,0.9971456848706848
44460,1.0
44461,0.99975
44462,1.0
44463,1.0
44464,1.0
44465,1.0
44466,0.23957299106122645
44467,0.8747906342023991
44468,0.9953174870880754
44469,0.9897945665445665
44470,1.0
44471,0.8082483373609535
44472,1.0
44473,1.0
44474,0.980876984126984
44475,1.0
44476,1.0
44477,0.9924711233211233
44478,1.0
44479,1.0
44480,0.9981409090909092
44481,0.9958602453102452
44482,0.9984587301587301
44483,1.0
44484,1.0
44485,1.0
44486,0.5192169336425528
44487,1.0
44488,1.0
44489,0.9956126040626042
44490,1.0
44491,0.45981763612204835
44492,0.8594057710263592
44493,1.0
44494,1.0
44495,0.9715649794649798
44496,1.0
44497,1.0
44498,1.0
44499,1.0
44500,0.99875
44501,0.9974056776556776
44502,1.0
44503,1.0
44504,1.0
44505,1.0
44506,0.9953104173604174
44507,0.9833443861693862
44508,1.0
44509,0.9991714285714286
44510,0.98913778998779
44511,1.0
44512,1.0
44513,1.0
44514,0.9964700854700854
44515,0.8912359052712
44516,1.0
44517,0.9865375457875458
44518,1.0
44519,1.0
44520,0.9641459302135771
44521,1.0
44522,0.9996
44523,0.743068418406499
44524,0.8006998561895619
44525,1.0
44526,1.0
44527,1.0
44528,1.0
44529,1.0
44530,0.9922607142857144
44531,0.9988555555555555
44532,1.0
44533,0.9997142857142858
44534,0.993578549228549
44535,1.0
44536,0.3386589617898441
44537,0.9598609557109553
44538,0.9885380286380288
44539,0.9950497835497835
44540,1.0
44541,0.950100259913805
44542,0.9771215756465754
44543,0.9993333333333334
44544,1.0
44545,1.0
44546,0.7845930745553037
44547,0.9781031884781887
44548,0.6694383097294858
44549,0.18438827377472894
44550,1.0
44551,1.0
44552,0.99975
44553,0.06317889577742519
44554,1.0
44555,1.0
44556,0.938295186839304
44557,1.0
44558,1.0
44559,1.0
44560,0.9989506493506494
44561,0.9981714285714286
44562,0.8686619225975266
44563,1.0
44564,1.0
44565,0.8931533572636509
44566,0.9991285714285714
44567,0.9896243645243645
44568,1.0
44569,1.0
44570,1.0
44571,1.0
44572,1.0
44573,1.0
44574,0.6795236168716045
44575,0.9993333333333333
44576,1.0
44577,1.0
44578,0.9996
44579,0.7457287094828123
44580,1.0
44581,1.0
44582,0.9869158011922716
44583,1.0
44584,0.9943128205128205
44585,1.0
44586,0.9864065762668702
44587,1.0
44588,1.0
44589,0.998275
44590,0.9293452040649406
44591,0.9978952126305067
44592,1.0
44593,0.9993333333333334
44594,0.9771591242091241
44595,0.4192222624812408
44596,0.9976348484848486
44597,1.0
44598,0.9975474747474748
44599,0.9804967310467311
44600,1.0
44601,1.0
44602,1.0
44603,0.9978277777777778
44604,0.9987747252747252
44605,1.0
44606,0.9986495726495728
44607,0.9938913919413919
44608,0.9491032993150639
44609,0.19716535131535123
44610,1.0
44611,1.0
44612,1.0
44613,0.9418973624157064
44614,1.0
44615,0.8913666630754868
44616,1.0
44617,0.9989
44618,0.837410122720417
44619,1.0
44620,1.0
44621,1.0
44622,0.9986181818181818
44623,0.7091143443158147
44624,0.9995555555555555
44625,0.9836266927516928
44626,0.9845258297258296
44627,0.6584627935961527
44628,1.0
44629,1.0
44630,0.28202777777777777
44631,0.9995555555555555
44632,1.0
44633,1.0
44634,0.9966765873015874
44635,0.9866151792651793
44636,1.0
44637,1.0
44638,0.9987142857142857
44639,0.9839955932955934
44640,1.0
44641,1.0
44642,0.9992166666666666
44643,1.0
44644,0.999095238095238
44645,1.0
44646,1.0
44647,1.0
44648,1.0
44649,1.0
44650,0.9976
44651,1.0
44652,0.9995555555555555
44653,1.0
44654,0.6243286372124605
44655,1.0
44656,1.0
44657,0.9985
44658,0.998920634920635
44659,1.0
44660,0.957116060736649
44661,0.9644355583958526
44662,0.9867808113455172
44663,1.0
44664,0.8490256777536193
44665,1.0
44666,0.9992063492063493
44667,1.0
44668,0.9906288822288823
44669,1.0
44670,0.9075475024975028
44671,1.0
44672,0.9979506410256409
44673,0.9706183261183262
44674,1.0
44675,1.0
44676,0.9910196581196582
44677,0.9972460317460317
44678,0.9997142857142857
44679,0.9901869514472457
44680,0.8740142675607845
44681,1.0
44682,1.0
44683,0.8380291473232654
44684,1.0
44685,0.9945704184704186
44686,1.0
44687,1.0
44688,1.0
44689,0.9966415140415139
44690,1.0
44691,0.994413000888001
44692,1.0
44693,1.0
44694,1.0
44695,0.4840171495429235
44696,0.9997999999999999
44697,1.0
44698,0.9997777777777779
44699,1.0
44700,0.9049380591630592
44701,1.0
44702,1.0
44703,1.0
44704,1.0
44705,0.9996666666666667
44706,0.17344955011448832
44707,0.710024666415456
44708,0.36871800314408665
44709,0.9412107093886508
44710,1.0
44711,1.0
44712,1.0
44713,1.0
44714,1.0
44715,0.99885
44716,0.9996666666666666
44717,0.9534516948737538
44718,1.0
44719,0.9702763042513045
44720,1.0
44721,1.0
44722,1.0
44723,1.0
44724,1.0
44725,1.0
44726,0.835362566647319
44727,1.0
44728,1.0
44729,0.9994
44730,1.0
44731,1.0
44732,0.9972777777777778
44733,0.9995
44734,1.0
44735,0.7674509578141157
44736,1.0
44737,1.0
44738,0.9992857142857142
44739,1.0
44740,0.9566422006098475
44741,1.0
44742,1.0
44743,1.0
44744,1.0
44745,0.8913699730438124
44746,1.0
44747,0.8165136825592708
44748,0.9841651085498608
44749,0.9190406450618523
44750,0.9998461538461538
44751,0.9997777777777779
44752,0.9988888888888889
44753,1.0
44754,0.9836129287379287
44755,0.9530784687534689
44756,0.9933034188034188
44757,1.0
44758,1.0
44759,1.0
44760,0.4501660233900945
44761,0.9996
44762,0.5615067897788489
44763,1.0
44764,0.9996666666666666
44765,1.0
44766,0.9985
44767,1.0
44768,1.0
44769,1.0
44770,1.0
44771,0.8624755185990478
44772,1.0
44773,0.999371794871795
44774,0.9812757187257188
44775,1.0
44776,0.9218217516143983
44777,1.0
44778,1.0
44779,0.927556342333278
44780,0.9991688311688313
44781,0.9997142857142858
44782,0.9959166666666667
44783,0.9981409090909092
44784,1.0
44785,1.0
44786,0.9997142857142857
44787,1.0
44788,1.0
44789,0.834558809147509
44790,0.9992142857142856
44791,0.2808359836414017
44792,1.0
44793,1.0
44794,0.9870751803751806
44795,1.0
44796,0.9828976245976248
44797,0.9997142857142857
44798,1.0
44799,0.9997777777777779
44800,1.0
44801,1.0
44802,1.0
44803,0.9985333333333334
44804,1.0
44805,1.0
44806,1.0
44807,0.991365417915418
44808,0.4199967273266809
44809,1.0
44810,1.0
44811,1.0
44812,0.9996666666666667
44813,1.0
44814,0.9996
44815,0.9994545454545455
44816,1.0
44817,0.9982507936507935
44818,1.0
44819,1.0
44820,0.8327996934094456
44821,1.0
44822,0.8236494727322902
44823,1.0
44824,1.0
44825,0.785724615984291
44826,1.0
44827,0.5534624749863138
44828,1.0
44829,0.2567421189921189
44830,0.6425957896077087
44831,0.9979318681318681
44832,0.30338412698412703
44833,1.0
44834,0.9996666666666666
44835,1.0
44836,1.0
44837,1.0
44838,1.0
44839,0.9829659923409924
44840,0.9990769230769231
44841,1.0
44842,1.0
44843,0.9983500000000001
44844,1.0
44845,0.9911462981462984
44846,1.0
44847,1.0
44848,1.0
44849,0.9467827727827728
44850,0.9879937229437229
44851,1.0
44852,0.9995
44853,1.0
44854,0.9977720057720058
44855,0.8732952280175976
44856,1.0
44857,0.9997142857142857
44858,0.9989027777777778
44859,1.0
44860,1.0
44861,1.0
44862,1.0
44863,0.941708841811783
44864,1.0
44865,0.19091209705327372
44866,1.0
44867,0.9997894736842106
44868,1.0
44869,1.0
44870,0.9986
44871,1.0
44872,1.0
44873,0.9805707930957933
44874,0.9989055555555556
44875,0.8249856837606837
44876,0.998892857142857
44877,0.9859862221112219
44878,0.9912636502386503
44879,1.0
44880,1.0
44881,0.994467243867244
44882,0.9997777777777779
44883,1.0
44884,0.9644510427481017
44885,1.0
44886,1.0
44887,0.9997142857142858
44888,0.805556740009217
44889,1.0
44890,0.9736443445443445
44891,0.786495597539715
44892,0.9602090243090243
44893,0.9783070516867858
44894,1.0
44895,1.0
44896,0.9993500000000001
44897,0.9832645992895994
44898,1.0
44899,1.0
44900,0.9992045454545455
44901,0.9996
44902,0.9989230769230769
44903,1.0
44904,0.9928998556998557
44905,1.0
44906,1.0
44907,0.9976244588744588
44908,0.998813725490196
44909,1.0
44910,1.0
44911,0.9980404040404041
44912,1.0
44913,1.0
44914,1.0
44915,0.998
44916,1.0
44917,1.0
44918,1.0
44919,1.0
44920,0.4752286079933139
44921,0.9794193350509145
44922,1.0
44923,0.9966336996336997
44924,1.0
44925,0.8761135928580327
44926,0.35386792080468565
44927,0.9889766289266289
44928,0.8348431606319381
44929,1.0
44930,1.0
44931,0.9982267288267288
44932,1.0
44933,1.0
44934,0.9982380952380951
44935,0.99575
44936,1.0
44937,1.0
44938,0.9964511904761905
44939,1.0
44940,0.8825322412881235
44941,0.9980681818181819
44942,0.9957071428571429
44943,0.9967860805860806
44944,1.0
44945,0.9963622100122099
44946,1.0
44947,1.0
44948,0.9995555555555555
44949,0.9996
44950,1.0
44951,1.0
44952,0.9990476190476191
44953,1.0
44954,1.0
44955,1.0
44956,0.9984071428571428
44957,1.0
44958,1.0
44959,1.0
44960,0.6155528961836236
44961,1.0
44962,1.0
44963,0.15523750741862213
44964,0.9822689754689756
44965,1.0
44966,1.0
44967,1.0
44968,1.0
44969,1.0
44970,0.21416167216856097
44971,0.9933793706293707
44972,0.04682206682206679
44973,1.0
44974,1.0
44975,1.0
44976,0.9189180287033225
44977,1.0
44978,1.0
44979,1.0
44980,1.0
44981,0.994425813075813
44982,0.8981401224506488
44983,1.0
44984,1.0
44985,0.9761436935613406
44986,0.9954154761904763
44987,0.998984126984127
44988,1.0
44989,1.0
44990,0.9933793706293707
44991,0.9995555555555555
44992,1.0
44993,0.9965225885225886
44994,1.0
44995,0.599846127238774
44996,0.9996666666666666
44997,1.0
44998,1.0
44999,0.9948991417079651
45000,1.0
45001,0.9983531746031746
45002,1.0
45003,0.6442989726389884
45004,0.9977051282051282
45005,0.9272696886446881
45006,0.9987747252747252
45007,1.0
45008,1.0
45009,1.0
45010,0.7710086968586971
45011,0.9996666666666666
45012,1.0
45013,0.7689044801259977
45014,1.0
45015,1.0
45016,1.0
45017,1.0
45018,0.9910962797436483
45019,1.0
45020,1.0
45021,1.0
45022,0.3949607740298917
45023,0.9201754273504272
45024,0.9954314352314352
45025,0.914247738372738
45026,0.9811161976911978
45027,1.0
45028,1.0
45029,1.0
45030,1.0
45031,1.0
45032,0.9955154401154401
45033,0.9990285714285715
45034,0.8554380841380843
45035,0.5307443975443203
45036,1.0
45037,0.6598998755200769
45038,0.9113484157998862
45039,0.9979223443223444
45040,0.766736648319001
45041,0.9728423437673438
45042,1.0
45043,0.8002941143823497
45044,0.9876896603396602
45045,0.9109033108704164
45046,1.0
45047,1.0
45048,0.997157264957265
45049,1.0
45050,1.0
45051,1.0
45052,0.9992051282051282
45053,1.0
45054,1.0
45055,1.0
45056,1.0
45057,1.0
45058,1.0
45059,0.9946084249084248
45060,0.9968824675324675
45061,1.0
45062,1.0
45063,1.0
45064,1.0
45065,1.0
45066,0.9771603896103894
45067,0.9817794236808944
45068,1.0
45069,0.41109577905754385
45070,1.0
45071,0.30121944444444443
45072,0.8645444853993622
45073,1.0
45074,1.0
45075,0.20227374843079188
45076,0.9996363636363637
45077,0.9997777777777779
45078,0.9982000000000001
45079,0.9997142857142857
45080,1.0
45081,1.0
45082,1.0
45083,1.0
45084,0.9989999999999999
45085,1.0
45086,0.828443080448963
45087,1.0
45088,0.9993333333333334
45089,0.8004334992235143
45090,0.9916579975579974
45091,0.9956838716838717
45092,0.998395238095238
45093,0.9766384972956182
45094,1.0
45095,0.9945993506493507
45096,0.9989825396825397
45097,1.0
45098,0.998103896103896
45099,0.9960971055088702
45100,0.9969652504358387
45101,0.9863492664198547
45102,1.0
45103,0.9998333333333334
45104,1.0
45105,1.0
45106,0.6840889164241332
45107,1.0
45108,0.9895299422799425
45109,0.9783573010323009
45110,0.9878150072150071
45111,0.9562832140082141
45112,1.0
45113,0.3134435748891632
45114,0.13707979585773705
45115,1.0
45116,1.0
45117,0.9987272727272728
45118,0.994363000888001
45119,1.0
45120,1.0
45121,1.0
45122,0.08483388523241468
45123,1.0
45124,0.9989722222222222
45125,1.0
45126,1.0
45127,0.9992777777777778
45128,0.21427770889241488
45129,1.0
45130,1.0
45131,1.0
45132,1.0
45133,0.9908702542555483
45134,0.5024992938434114
45135,0.9968554112554112
45136,0.9957934731934733
45137,0.3638037376022673
45138,1.0
45139,1.0
45140,0.99975
45141,1.0
45142,1.0
45143,0.9994166666666666
45144,1.0
45145,1.0
45146,1.0
45147,1.0
45148,0.9995
45149,1.0
45150,1.0
45151,0.9953484126984128
45152,1.0
45153,0.9995777777777778
45154,1.0
45155,0.8825858644623354
45156,1.0
45157,1.0
45158,1.0
45159,1.0
45160,1.0
45161,1.0
45162,1.0
45163,1.0
45164,1.0
45165,1.0
45166,1.0
45167,1.0
45168,1.0
45169,0.9909602314352314
45170,1.0
45171,1.0
45172,1.0
45173,1.0
45174,1.0
45175,0.04917025197025197
45176,0.999875
45177,0.9699743645243645
45178,0.7727206727912607
45179,0.9994363636363636
45180,1.0
45181,1.0
45182,1.0
45183,0.9997999999999999
45184,0.8858823096494151
45185,1.0
45186,1.0
45187,0.960933261183261
45188,0.9995966386554621
45189,1.0
45190,1.0
45191,0.8469354473365439
45192,0.9991785714285715
45193,0.05565153588241824
45194,1.0
45195,0.9285967967017505
45196,1.0
45197,1.0
45198,1.0
45199,1.0
45200,1.0
45201,1.0
45202,0.9992142857142858
45203,0.9933957875457876
45204,1.0
45205,1.0
45206,1.0
45207,1.0
45208,1.0
45209,0.9971904761904763
45210,0.9954435564435564
45211,0.8254171078921075
45212,1.0
45213,0.99975
45214,0.9994285714285714
45215,0.8227375913302375
45216,1.0
45217,1.0
45218,0.9743052529170178
45219,0.9997777777777779
45220,0.9778315573315574
45221,1.0
45222,1.0
45223,1.0
45224,1.0
45225,1.0
45226,1.0
45227,0.5627425598481328
45228,1.0
45229,0.7273396539734776
45230,1.0
45231,1.0
45232,1.0
45233,0.9763616066939599
45234,0.16664697524697525
45235,1.0
45236,1.0
45237,1.0
45238,0.9946475544063779
45239,1.0
45240,1.0
45241,0.9996666666666666
45242,1.0
45243,1.0
45244,0.9867102786102788
45245,0.9981396825396824
45246,1.0
45247,0.9826399433899435
45248,0.999095238095238
45249,0.8613608816536061
45250,1.0
45251,1.0
45252,0.9986666666666667
45253,1.0
45254,1.0
45255,0.9997999999999999
45256,0.9921076812076812
45257,0.9971060606060607
45258,0.9996666666666667
45259,0.15051543895560937
45260,0.9943681818181819
45261,1.0
45262,1.0
45263,0.9900713314463314
45264,0.9995555555555555
45265,1.0
45266,0.987823665223665
45267,1.0
45268,0.9886777195027195
45269,0.9726991407715092
45270,1.0
45271,1.0
45272,1.0
45273,1.0
45274,0.9978458874458874
45275,0.9942628205128206
45276,1.0
45277,0.7700980029774148
45278,0.9961228291316527
45279,0.9942742979242978
45280,1.0
45281,1.0
45282,1.0
45283,0.9996666666666667
45284,1.0
45285,1.0
45286,1.0
45287,0.7347421009073487
45288,1.0
45289,0.9875351481851482
45290,1.0
45291,0.998358585858586
45292,1.0
45293,0.9840489343989343
45294,1.0
45295,1.0
45296,1.0
45297,1.0
45298,1.0
45299,0.9590462142432731
45300,0.5807638443256092
45301,1.0
45302,0.967144243664832
45303,1.0
45304,1.0
45305,1.0
45306,1.0
45307,0.9816412191609563
45308,1.0
45309,0.5516435228170525
45310,1.0
45311,1.0
45312,1.0
45313,0.9993102453102455
45314,0.8581445908838325
45315,0.9921525974025975
45316,1.0
45317,1.0
45318,1.0
45319,0.9991515151515152
45320,0.9953006493506492
45321,0.9997142857142857
45322,0.9992467532467533
45323,0.9952354756354758
45324,0.9487550237202415
45325,0.9992285714285715
45326,0.9995384615384616
45327,1.0
45328,0.7430313392060292
45329,0.9869459873459873
45330,1.0
45331,0.9989285714285715
45332,0.9998823529411764
45333,0.99875
45334,0.9948517094017094
45335,0.9844053391053392
45336,0.9557580724830728
45337,1.0
45338,1.0
45339,0.9057627886733153
45340,1.0
45341,1.0
45342,0.9918055555555555
45343,1.0
45344,0.4897321831763009
45345,1.0
45346,0.03827164355252591
45347,0.998576911976912
45348,1.0
45349,0.9819038493412332
45350,1.0
45351,1.0
45352,1.0
45353,0.9996
45354,1.0
45355,0.8861724502621562
45356,0.9914523088023087
45357,1.0
45358,0.2881437331588259
45359,1.0
45360,0.24326906178616722
45361,1.0
45362,1.0
45363,0.9992777777777778
45364,0.9037017094017099
45365,0.9907903818403819
45366,0.9993333333333334
45367,0.9851716998687589
45368,0.9959717948717949
45369,1.0
45370,0.9973285714285713
45371,0.9978045454545454
45372,0.9954476190476191
45373,0.9992200854700856
45374,1.0
45375,0.9989423076923077
45376,0.9993809523809523
45377,0.9894832167832168
45378,1.0
45379,0.998397619047619
45380,1.0
45381,1.0
45382,0.48137660880571115
45383,0.977138677988678
45384,1.0
45385,0.9969909090909091
45386,0.9991
45387,1.0
45388,0.9598927366493158
45389,1.0
45390,0.9778491341991341
45391,1.0
45392,1.0
45393,1.0
45394,0.9708638534667949
45395,1.0
45396,0.9978928571428571
45397,1.0
45398,1.0
45399,1.0
45400,1.0
45401,0.7182719517668434
45402,0.99975
45403,1.0
45404,1.0
45405,1.0
45406,0.8704870592256041
45407,0.9996
45408,1.0
45409,1.0
45410,1.0
45411,0.9994545454545455
45412,1.0
45413,1.0
45414,0.9800900222584435
45415,0.447776836596496
45416,1.0
45417,0.9748404872904873
45418,0.9984444444444445
45419,0.8982245596336933
45420,0.9996666666666667
45421,0.9985273504273505
45422,1.0
45423,0.9985238095238095
45424,1.0
45425,1.0
45426,1.0
45427,0.99975
45428,1.0
45429,0.985146717171717
45430,1.0
45431,0.9799579864579863
45432,0.9998181818181818
45433,0.998361111111111
45434,1.0
45435,1.0
45436,0.9996666666666666
45437,1.0
45438,1.0
45439,1.0
45440,0.9839527999778002
45441,1.0
45442,1.0
45443,0.5355511789981604
45444,1.0
45445,0.8705827611930551
45446,0.9979841269841269
45447,0.952615230521113
45448,1.0
45449,0.13249337659244795
45450,0.935180253080253
45451,0.9993
45452,0.9989285714285713
45453,1.0
45454,0.9997777777777779
45455,0.9995
45456,1.0
45457,1.0
45458,0.9995
45459,0.9979523809523809
45460,1.0
45461,0.9991363636363636
45462,0.9992698412698414
45463,0.9996
45464,0.9995384615384616
45465,1.0
45466,1.0
45467,0.9968309523809524
45468,1.0
45469,1.0
45470,0.9997142857142857
45471,0.9985595238095238
45472,1.0
45473,0.8125317054501863
45474,0.9973757575757576
45475,0.9892303862803865
45476,1.0
45477,1.0
45478,1.0
45479,1.0
45480,1.0
45481,0.8721092903484547
45482,0.9603158397158397
45483,1.0
45484,1.0
45485,1.0
45486,1.0
45487,0.953903552003552
45488,1.0
45489,1.0
45490,1.0
45491,0.9998181818181818
45492,1.0
45493,1.0
45494,0.9996666666666666
45495,1.0
45496,0.11493436356671657
45497,0.9513066091201543
45498,0.9895912476412476
45499,1.0
45500,1.0
45501,1.0
45502,0.9502477938727938
45503,1.0
45504,1.0
45505,1.0
45506,1.0
45507,1.0
45508,0.42477689407255986
45509,1.0
45510,1.0
45511,0.9818327830666066
45512,1.0
45513,0.99795
45514,0.25539200244200244
45515,0.9994444444444445
45516,0.9493905886597065
45517,1.0
45518,0.9977051282051282
45519,0.9998666666666667
45520,1.0
45521,0.9984642857142857
45522,0.9927691697191696
45523,0.9996666666666666
45524,1.0
45525,0.8156143237428813
45526,1.0
45527,0.9896319131848544
45528,0.9997999999999999
45529,1.0
45530,1.0
45531,0.774577813689579
45532,1.0
45533,0.9955912698412699
45534,0.9995555555555555
45535,1.0
45536,0.8666817033156045
45537,0.9904940836940836
45538,0.8984805606158545
45539,0.9625560355537137
45540,1.0
45541,0.9558349712379127
45542,0.8742131673881675
45543,1.0
45544,0.9986227272727273
45545,0.9996666666666666
45546,0.9988571428571429
45547,0.9373046097693153
45548,1.0
45549,1.0
45550,1.0
45551,0.9998181818181818
45552,0.9829096514596514
45553,1.0
45554,1.0
45555,0.9977542124542124
45556,0.996514985014985
45557,1.0
45558,0.9957769119769121
45559,0.9989444444444445
45560,0.989932878232878
45561,0.9873260683760681
45562,1.0
45563,0.9959857142857144
45564,1.0
45565,0.9923164969017911
45566,1.0
45567,0.9956475544063779
45568,1.0
45569,0.9946838716838717
45570,1.0
45571,0.8563437221275452
45572,1.0
45573,1.0
45574,0.9190260649481234
45575,1.0
45576,0.34053730158730156
45577,1.0
45578,0.9973003663003663
45579,0.999
45580,1.0
45581,1.0
45582,0.9694168831168827
45583,1.0
45584,1.0
45585,1.0
45586,1.0
45587,0.9965098484848486
45588,1.0
45589,0.999
45590,1.0
45591,1.0
45592,0.9700774797098329
45593,1.0
45594,1.0
45595,1.0
45596,1.0
45597,0.9991456582633054
45598,0.6909103557691013
45599,0.9973361471861472
45600,0.9988333333333334
45601,0.9975306915306915
45602,1.0
45603,0.7856110837562851
45604,0.9989190476190476
45605,1.0
45606,1.0
45607,1.0
45608,1.0
45609,1.0
45610,1.0
45611,1.0
45612,1.0
45613,1.0
45614,0.9996666666666666
45615,0.9972420634920635
45616,0.9103516114604349
45617,1.0
45618,0.9055415501165502
45619,0.9978474025974025
45620,1.0
45621,1.0
45622,1.0
45623,1.0
45624,1.0
45625,1.0
45626,0.9990119047619048
45627,0.9910869855634561
45628,1.0
45629,1.0
45630,1.0
45631,0.9879045426795428
45632,0.18128008658008654
45633,0.9786425352425352
45634,0.9984285714285714
45635,1.0
45636,1.0
45637,0.8398087379940324
45638,1.0
45639,1.0
45640,0.999
45641,1.0
45642,0.9815531024531023
45643,0.9973696248196249
45644,0.986020271395271
45645,1.0
45646,1.0
45647,0.9947603174603175
45648,0.8338935390203198
45649,0.9979531746031746
45650,0.9939828579916814
45651,0.9998333333333334
45652,1.0
45653,0.9996
45654,1.0
45655,1.0
45656,1.0
45657,1.0
45658,0.6876129470203
45659,0.9922349927849926
45660,1.0
45661,0.993324488583312
45662,0.9746134352489614
45663,0.9535311688311687
45664,0.9763004384504381
45665,1.0
45666,0.9993102453102455
45667,0.885782911621813
45668,1.0
45669,0.9827425740925739
45670,1.0
45671,0.037664416629122496
45672,0.9988392857142858
45673,1.0
45674,0.9960268065268065
45675,0.9851022880370403
45676,0.9953739316239316
45677,1.0
45678,1.0
45679,1.0
45680,1.0
45681,0.9994166666666666
45682,1.0
45683,1.0
45684,0.9808644577644579
45685,1.0
45686,0.953921534021534
45687,1.0
45688,0.9952226890756303
45689,1.0
45690,1.0
45691,1.0
45692,1.0
45693,1.0
45694,1.0
45695,0.8852388257940896
45696,1.0
45697,0.9998333333333334
45698,0.9929015873015874
45699,0.9773109113109115
45700,1.0
45701,0.9996
45702,0.9995
45703,0.9981839826839827
45704,0.9069544950147891
45705,1.0
45706,1.0
45707,0.7696464009244967
45708,1.0
45709,0.9873161227661227
45710,0.9990181818181818
45711,1.0
45712,0.9964410533910534
45713,0.9998181818181818
45714,0.9581896742146744
45715,1.0
45716,1.0
45717,1.0
45718,1.0
45719,0.9816809895986369
45720,0.7773053707911418
45721,1.0
45722,0.9987527472527472
45723,0.9989333333333332
45724,0.953742966347378
45725,0.9659288342234632
45726,1.0
45727,0.9997777777777779
45728,0.9990833333333333
45729,0.982269291819292
45730,1.0
45731,0.9491175907425906
45732,1.0
45733,0.9590255744255743
45734,1.0
45735,1.0
45736,1.0
45737,0.9965742562992563
45738,1.0
45739,1.0
45740,1.0
45741,1.0
45742,1.0
45743,1.0
45744,1.0
45745,1.0
45746,1.0
45747,0.22549707995822546
45748,1.0
45749,0.9944917887667889
45750,0.9991
45751,1.0
45752,1.0
45753,1.0
45754,1.0
45755,0.9128948537186926
45756,1.0
45757,1.0
45758,1.0
45759,0.99925
45760,1.0
45761,1.0
45762,0.9996
45763,0.9983253968253969
45764,1.0
45765,0.999547619047619
45766,0.9838197469197468
45767,1.0
45768,0.3281475796133688
45769,0.993633089133089
45770,0.08188430817548466
45771,0.7517963905375671
45772,0.9967235042735043
45773,0.9274530769883709
45774,0.9329079317741086
45775,0.9997142857142858
45776,1.0
45777,0.9987515151515153
45778,1.0
45779,0.9928885118149824
45780,1.0
45781,0.9934442666810316
45782,1.0
45783,1.0
45784,0.9982777777777778
45785,0.9197673751085519
45786,0.9955375541125541
45787,0.9470437834697122
45788,1.0
45789,1.0
45790,1.0
45791,0.9949876623376624
45792,0.996045387945388
45793,1.0
45794,1.0
45795,0.9975642857142857
45796,0.8318438076810503
45797,0.9955348484848484
45798,1.0
45799,1.0
45800,1.0
45801,0.9993333333333334
45802,1.0
45803,0.9513612103582694
45804,0.9981333333333333
45805,1.0
45806,0.9996111111111111
45807,1.0
45808,1.0
45809,0.9705796566007092
45810,0.99468455988456
45811,0.9994444444444445
45812,1.0
45813,0.9996333333333334
45814,1.0
45815,0.9988571428571429
45816,1.0
45817,0.9960904761904762
45818,1.0
45819,1.0
45820,0.8571867524546325
45821,1.0
45822,0.9996923076923077
45823,1.0
45824,1.0
45825,0.9987072649572649
45826,1.0
45827,0.9988467532467533
45828,1.0
45829,1.0
45830,0.999
45831,0.9748729797979797
45832,1.0
45833,1.0
45834,1.0
45835,0.9814447919727333
45836,0.9966571428571428
45837,1.0
45838,0.33651177372678925
45839,1.0
45840,1.0
45841,0.9992017094017093
45842,1.0
45843,0.9852001554001555
45844,1.0
45845,1.0
45846,1.0
45847,1.0
45848,0.7202593684093684
45849,0.6563415587680291
45850,1.0
45851,1.0
45852,1.0
45853,1.0
45854,1.0
45855,0.9968025308025308
45856,0.5148574656767383
45857,1.0
45858,1.0
45859,0.8402496366378714
45860,1.0
45861,1.0
45862,0.9989285714285715
45863,1.0
45864,1.0
45865,1.0
45866,0.9980051282051281
45867,0.23882282680339975
45868,0.9925879620379621
45869,1.0
45870,0.99975
45871,0.9987809523809524
45872,0.7079800507226984
45873,1.0
45874,1.0
45875,1.0
45876,0.9993333333333334
45877,0.9665870074370075
45878,1.0
45879,1.0
45880,1.0
45881,0.9800791597291596
45882,1.0
45883,0.9996
45884,1.0
45885,0.6979000636618287
45886,1.0
45887,1.0
45888,0.9993333333333334
45889,0.9994181818181819
45890,0.9830291430791431
45891,1.0
45892,0.9942848210269263
45893,1.0
45894,0.9917555555555554
45895,1.0
45896,1.0
45897,0.99975
45898,1.0
45899,1.0
45900,0.9993777777777778
45901,1.0
45902,0.9990940170940171
45903,1.0
45904,1.0
45905,1.0
45906,1.0
45907,0.6470180329474444
45908,1.0
45909,0.9997777777777779
45910,1.0
45911,0.9973285714285715
45912,0.1596213934758053
45913,1.0
45914,0.9754768776974659
45915,1.0
45916,0.9988717948717949
45917,1.0
45918,0.9997142857142857
45919,0.18077667806050163
45920,1.0
45921,0.8399667345726163
45922,0.9993809523809524
45923,0.9947626262626262
45924,1.0
45925,0.9459577696812995
45926,1.0
45927,1.0
45928,1.0
45929,0.8031009569377989
45930,1.0
45931,0.9996
45932,1.0
45933,1.0
45934,0.9970476190476191
45935,1.0
45936,1.0
45937,1.0
45938,0.999
45939,1.0
45940,1.0
45941,1.0
45942,1.0
45943,1.0
45944,1.0
45945,0.8908000943500941
45946,0.9607459785312727
45947,0.9133093107872521
45948,0.27923963735782636
45949,1.0
45950,1.0
45951,1.0
45952,1.0
45953,0.9962354256854258
45954,0.9896158175158176
45955,1.0
45956,1.0
45957,1.0
45958,1.0
45959,0.9700896381396378
45960,0.9072788420214118
45961,0.9483936259474958
45962,1.0
45963,0.9873081807081807
45964,1.0
45965,1.0
45966,0.9978194444444445
45967,0.9987916666666666
45968,1.0
45969,0.9960944444444444
45970,0.994843137254902
45971,0.9988063492063491
45972,1.0
45973,0.9982698412698413
45974,1.0
45975,0.9961031746031745
45976,0.9908035650623884
45977,0.997661111111111
45978,0.8565554545815376
45979,1.0
45980,1.0
45981,1.0
45982,1.0
45983,1.0
45984,0.9994141414141414
45985,1.0
45986,1.0
45987,1.0
45988,1.0
45989,0.977013908313908
45990,1.0
45991,0.9575477938727935
45992,0.9990476190476192
45993,0.966058719058719
45994,1.0
45995,0.9995555555555555
45996,0.9987142857142857
45997,1.0
45998,0.9970878787878789
45999,1.0
46000,1.0
46001,1.0
46002,1.0
46003,1.0
46004,0.5181016899938724
46005,0.7999492476134112
46006,0.5046026544147285
46007,0.9135148333692455
46008,1.0
46009,0.6163080621562818
46010,1.0
46011,0.9698702268319919
46012,0.9864369019869018
46013,0.4344219360704653
46014,0.9938354978354977
46015,0.9995294117647059
46016,1.0
46017,0.9862186896436896
46018,1.0
46019,0.9990166666666667
46020,1.0
46021,0.8913570168909177
46022,1.0
46023,0.2513837275727371
46024,1.0
46025,0.9912649961149962
46026,0.6194339137556629
46027,1.0
46028,0.9981031746031744
46029,0.9986428571428573
46030,0.9996666666666666
46031,0.9328002136752138
46032,1.0
46033,1.0
46034,1.0
46035,0.7765791541791544
46036,1.0
46037,1.0
46038,0.763922030060316
46039,0.9987272727272728
46040,0.6660024192096177
46041,0.9994
46042,0.9671725702402171
46043,1.0
46044,1.0
46045,0.99975
46046,1.0
46047,1.0
46048,0.9983491341991343
46049,0.998
46050,0.9976459595959597
46051,1.0
46052,1.0
46053,0.9987688311688312
46054,1.0
46055,0.9997142857142858
46056,1.0
46057,0.9922295870795872
46058,1.0
46059,0.9778721334221332
46060,0.9997999999999999
46061,1.0
46062,0.9998823529411764
46063,0.9992000000000001
46064,1.0
46065,1.0
46066,1.0
46067,0.9994
46068,1.0
46069,1.0
46070,1.0
46071,0.999
46072,1.0
46073,1.0
46074,1.0
46075,1.0
46076,0.9839794871794875
46077,1.0
46078,1.0
46079,1.0
46080,1.0
46081,1.0
46082,1.0
46083,1.0
46084,1.0
46085,0.8554167082917087
46086,0.9995277777777778
46087,1.0
46088,1.0
46089,1.0
46090,1.0
46091,0.9769498134218723
46092,1.0
46093,1.0
46094,0.9991839826839828
46095,1.0
46096,1.0
46097,1.0
46098,0.9951269841269841
46099,1.0
46100,0.9269456277382746
46101,0.7429331810260604
46102,1.0
46103,1.0
46104,1.0
46105,0.23276190867955576
46106,1.0
46107,1.0
46108,1.0
46109,1.0
46110,0.9990681818181819
46111,1.0
46112,0.9908220779220781
46113,1.0
46114,1.0
46115,0.9137114852467798
46116,0.9971999999999999
46117,1.0
46118,0.9991333333333333
46119,1.0
46120,1.0
46121,0.9996
46122,0.9991111111111111
46123,1.0
46124,0.9545695177371647
46125,0.9983788156288157
46126,1.0
46127,0.9993333333333333
46128,0.9881592244356948
46129,1.0
46130,0.9984273504273504
46131,1.0
46132,1.0
46133,1.0
46134,0.771355088212441
46135,1.0
46136,0.9797876311596901
46137,1.0
46138,1.0
46139,0.9006460376225082
46140,1.0
46141,0.8349096146715345
46142,0.8885021460565581
46143,1.0
46144,0.9995
46145,0.45725025303214134
46146,1.0
46147,0.2131020371785077
46148,0.9996
46149,1.0
46150,1.0
46151,0.9743842066430299
46152,0.9923683816183816
46153,0.3888924630924631
46154,1.0
46155,1.0
46156,0.9988888888888889
46157,0.9880037518037517
46158,0.9972761904761905
46159,1.0
46160,0.9996
46161,0.9996
46162,1.0
46163,0.9933376623376623
46164,1.0
46165,1.0
46166,1.0
46167,0.9822716394716394
46168,0.9935241119991122
46169,0.9987111111111111
46170,0.9949563025210085
46171,1.0
46172,0.9976291497975709
46173,1.0
46174,1.0
46175,0.9765001557266262
46176,0.29122008689624806
46177,0.9985413919413919
46178,0.9952976190476192
46179,1.0
46180,1.0
46181,1.0
46182,0.9983222222222222
46183,1.0
46184,1.0
46185,1.0
46186,0.9988571428571429
46187,1.0
46188,1.0
46189,0.18344794449616442
46190,0.9988179487179487
46191,0.9755924381174385
46192,1.0
46193,1.0
46194,1.0
46195,0.99925
46196,1.0
46197,1.0
46198,1.0
46199,0.999095238095238
46200,0.9912649961149962
46201,1.0
46202,0.9991333333333332
46203,0.9990423076923077
46204,0.9718560439560437
46205,0.9996363636363637
46206,1.0
46207,1.0
46208,0.41396537533673744
46209,1.0
46210,1.0
46211,0.9989142857142858
46212,1.0
46213,1.0
46214,0.9910779942279943
46215,1.0
46216,0.39213527936631665
46217,1.0
46218,1.0
46219,1.0
46220,1.0
46221,1.0
46222,1.0
46223,0.9922932773109244
46224,0.8702456102720808
46225,1.0
46226,0.9986309523809525
46227,1.0
46228,0.6204305228655076
46229,1.0
46230,0.7716987678987678
46231,0.25131195752132274
46232,1.0
46233,0.9996
46234,0.9952414502164503
46235,0.9998333333333334
46236,0.9997142857142857
46237,0.9530257295336245
46238,1.0
46239,0.9976904040404043
46240,1.0
46241,0.9950867077367076
46242,0.9982261904761905
46243,1.0
46244,0.9979555555555555
46245,1.0
46246,1.0
46247,1.0
46248,0.9868241813741814
46249,1.0
46250,1.0
46251,1.0
46252,0.9975333333333333
46253,0.8689526612362524
46254,0.9978452380952382
46255,1.0
46256,1.0
46257,1.0
46258,1.0
46259,0.9987072649572649
46260,0.7840289555559675
46261,0.9992063492063492
46262,1.0
46263,1.0
46264,0.9403531406244258
46265,0.9993142857142857
46266,1.0
46267,0.9374235303911774
46268,0.9861859584859585
46269,0.9686433023718628
46270,1.0
46271,0.885068054004818
46272,0.9762808913308917
46273,1.0
46274,0.958881417653554
46275,0.9527845615169147
46276,1.0
46277,1.0
46278,1.0
46279,0.796119063452887
46280,1.0
46281,1.0
46282,1.0
46283,0.608472785015123
46284,0.9926058608058609
46285,0.6024017058534863
46286,1.0
46287,0.9920303085803085
46288,0.9995
46289,0.9938765873015873
46290,0.9997142857142857
46291,1.0
46292,1.0
46293,1.0
46294,0.9996
46295,0.5331151589810258
46296,0.9668889305139305
46297,1.0
46298,1.0
46299,0.7655804614717922
46300,0.9928004371445549
46301,0.5357208619811561
46302,1.0
46303,0.9997142857142858
46304,0.9909928044178046
46305,0.9376202214452217
46306,1.0
46307,1.0
46308,0.9920958485958484
46309,0.9106795270089393
46310,0.9985
46311,1.0
46312,1.0
46313,1.0
46314,1.0
46315,1.0
46316,0.9963372183372183
46317,0.9975093795093796
46318,1.0
46319,1.0
46320,0.3705288925041244
46321,0.9988095238095238
46322,0.8053915382003614
46323,1.0
46324,1.0
46325,1.0
46326,1.0
46327,1.0
46328,1.0
46329,1.0
46330,1.0
46331,1.0
46332,1.0
46333,1.0
46334,0.9928562770562773
46335,1.0
46336,1.0
46337,0.977494710844711
46338,0.9992727272727272
46339,1.0
46340,0.9997142857142858
46341,1.0
46342,0.4089085912367647
46343,0.11650168033720672
46344,1.0
46345,0.35760158607302595
46346,1.0
46347,0.9977428571428573
46348,0.999095238095238
46349,0.5271279490117726
46350,0.9923487012987012
46351,0.23547391350479588
46352,0.9993333333333334
46353,1.0
46354,1.0
46355,1.0
46356,1.0
46357,0.6243066948445429
46358,0.9995
46359,1.0
46360,0.9996666666666666
46361,1.0
46362,1.0
46363,0.6942712925962925
46364,0.4743582852304213
46365,1.0
46366,0.9994545454545455
46367,1.0
46368,1.0
46369,1.0
46370,1.0
46371,0.9963208791208791
46372,0.9994141414141414
46373,1.0
46374,1.0
46375,0.9994285714285714
46376,1.0
46377,1.0
46378,0.9935049889652833
46379,1.0
46380,0.9836286949634472
46381,1.0
46382,0.9996
46383,1.0
46384,1.0
46385,0.9965119047619048
46386,1.0
46387,0.4386344067181525
46388,0.7645583279465632
46389,1.0
46390,1.0
46391,1.0
46392,0.9993030303030302
46393,1.0
46394,1.0
46395,0.9992000000000001
46396,1.0
46397,1.0
46398,0.9990065934065935
46399,0.6452808688473546
46400,0.9656382367632367
46401,0.9996666666666666
46402,0.18483129316503938
46403,1.0
46404,0.9996
46405,1.0
46406,1.0
46407,0.6678146667831651
46408,1.0
46409,1.0
46410,1.0
46411,1.0
46412,0.9947639768728003
46413,0.994413000888001
46414,1.0
46415,0.7128959100183255
46416,1.0
46417,0.9770474331224329
46418,1.0
46419,1.0
46420,1.0
46421,0.9970857142857142
46422,0.99925
46423,0.9972354978354978
46424,1.0
46425,0.8873932804123975
46426,0.9802735264735267
46427,1.0
46428,1.0
46429,1.0
46430,1.0
46431,0.9974722222222222
46432,1.0
46433,0.9718333031347738
46434,1.0
46435,1.0
46436,1.0
46437,1.0
46438,0.7958543570808287
46439,1.0
46440,1.0
46441,1.0
46442,0.8954062483268366
46443,0.9997999999999999
46444,0.9930505347593583
46445,0.9857738955488958
46446,1.0
46447,1.0
46448,1.0
46449,1.0
46450,1.0
46451,0.9994444444444445
46452,0.9996
46453,1.0
46454,0.9998461538461538
46455,0.9986031746031745
46456,0.9998823529411764
46457,1.0
46458,0.9994545454545455
46459,0.9834291652791654
46460,0.9985700854700855
46461,0.9994285714285714
46462,1.0
46463,1.0
46464,0.1732850064967713
46465,1.0
46466,0.9998823529411764
46467,1.0
46468,0.951710150960151
46469,0.952370301920302
46470,1.0
46471,1.0
46472,1.0
46473,1.0
46474,0.9978025308025308
46475,0.8345540040283076
46476,0.990966452991453
46477,0.9941180451127818
46478,1.0
46479,0.9865036352536353
46480,1.0
46481,1.0
46482,1.0
46483,0.4856009689656749
46484,0.9834370608150019
46485,1.0
46486,1.0
46487,0.9419785448211924
46488,1.0
46489,1.0
46490,1.0
46491,1.0
46492,0.8942478077478075
46493,1.0
46494,0.9992444444444444
46495,1.0
46496,0.9996666666666666
46497,1.0
46498,0.9801806102394338
46499,0.998
46500,1.0
46501,1.0
46502,1.0
46503,0.25596646811221124
46504,1.0
46505,1.0
46506,0.9915647907647906
46507,1.0
46508,1.0
46509,1.0
46510,1.0
46511,1.0
46512,0.9991428571428571
46513,1.0
46514,1.0
46515,0.9997777777777779
46516,1.0
46517,1.0
46518,0.9964754435107376
46519,0.9980857142857141
46520,0.983226362526363
46521,0.62468255417613
46522,0.9989090909090909
46523,1.0
46524,1.0
46525,0.9976871572871571
46526,1.0
46527,1.0
46528,1.0
46529,0.6341952235672823
46530,0.5653444872894563
46531,0.9538289584598406
46532,0.9979642857142857
46533,1.0
46534,1.0
46535,0.7556366401572285
46536,1.0
46537,1.0
46538,0.9985952380952381
46539,1.0
46540,0.9987586580086579
46541,1.0
46542,1.0
46543,0.958553846153846
46544,1.0
46545,0.9865987956487957
46546,1.0
46547,0.996681746031746
46548,0.8847940982392218
46549,0.9782423520923522
46550,1.0
46551,1.0
46552,1.0
46553,0.9982666666666666
46554,1.0
46555,0.9882681818181818
46556,1.0
46557,1.0
46558,1.0
46559,1.0
46560,0.9996666666666666
46561,0.9995324675324675
46562,1.0
46563,1.0
46564,0.6018712603186291
46565,0.9988527472527472
46566,0.9964461316461316
46567,1.0
46568,1.0
46569,0.7238432134514949
46570,0.9997142857142858
46571,1.0
46572,0.6325185140710675
46573,1.0
46574,1.0
46575,1.0
46576,0.9963315628815629
46577,0.685191450869392
46578,0.9983290043290044
46579,0.24875618564442087
46580,1.0
46581,0.9683340421016892
46582,0.9983218487394956
46583,1.0
46584,1.0
46585,1.0
46586,1.0
46587,1.0
46588,1.0
46589,1.0
46590,1.0
46591,1.0
46592,1.0
46593,0.9385668276168274
46594,1.0
46595,1.0
46596,0.9996
46597,1.0
46598,0.9987063492063492
46599,1.0
46600,1.0
46601,1.0
46602,0.9960931372549019
46603,1.0
46604,1.0
46605,1.0
46606,0.9953966165413534
46607,1.0
46608,1.0
46609,1.0
46610,1.0
46611,1.0
46612,0.9955562326562328
46613,0.9970253968253968
46614,1.0
46615,1.0
46616,1.0
46617,1.0
46618,1.0
46619,0.21712065483536072
46620,1.0
46621,0.9923386141636142
46622,0.9989523809523809
46623,0.9974000000000001
46624,1.0
46625,0.9992222222222221
46626,0.9992545454545454
46627,0.7052303867357272
46628,0.9938720057720059
46629,1.0
46630,1.0
46631,1.0
46632,0.9760073093573094
46633,0.9989104395604395
46634,1.0
46635,1.0
46636,1.0
46637,1.0
46638,0.34076910792166204
46639,0.9992222222222221
46640,1.0
46641,0.9996
46642,1.0
46643,1.0
46644,0.9993333333333334
46645,1.0
46646,1.0
46647,1.0
46648,1.0
46649,1.0
46650,0.9954387488328665
46651,1.0
46652,0.8985166861861908
46653,1.0
46654,1.0
46655,1.0
46656,0.2928836411610405
46657,1.0
46658,1.0
46659,1.0
46660,0.9994285714285714
46661,0.9997999999999999
46662,1.0
46663,1.0
46664,1.0
46665,1.0
46666,0.966876123876124
46667,0.8955719669219667
46668,0.7973522981576382
46669,0.99975
46670,0.6657872833478867
46671,1.0
46672,1.0
46673,1.0
46674,1.0
46675,1.0
46676,1.0
46677,0.9858794705294704
46678,1.0
46679,0.9534641129338497
46680,0.16836319741490044
46681,1.0
46682,1.0
46683,1.0
46684,1.0
46685,1.0
46686,1.0
46687,0.5383208197547209
46688,0.9879348484848485
46689,0.944906782106782
46690,1.0
46691,0.9992142857142858
46692,1.0
46693,1.0
46694,0.8272811439506484
46695,0.9988717948717949
46696,0.9996
46697,1.0
46698,1.0
46699,1.0
46700,0.9996666666666666
46701,1.0
46702,1.0
46703,1.0
46704,0.5680561736509102
46705,1.0
46706,0.9906549617049618
46707,1.0
46708,1.0
46709,1.0
46710,1.0
46711,1.0
46712,1.0
46713,0.9967309523809524
46714,0.1325708046855106
46715,1.0
46716,0.8905550098594217
46717,0.9985227272727273
46718,1.0
46719,1.0
46720,1.0
46721,0.24823035298035293
46722,0.7583148258002747
46723,1.0
46724,1.0
46725,0.9922270895770896
46726,0.9971928571428571
46727,1.0
46728,1.0
46729,1.0
46730,0.9964484848484848
46731,0.9991428571428572
46732,0.99925
46733,1.0
46734,1.0
46735,1.0
46736,1.0
46737,0.9894011655011655
46738,0.9997999999999999
46739,1.0
46740,1.0
46741,1.0
46742,0.99925
46743,0.998797619047619
46744,1.0
46745,1.0
46746,1.0
46747,1.0
46748,0.9997777777777779
46749,1.0
46750,0.9981071428571427
46751,1.0
46752,0.30771436883549896
46753,0.9923911330499567
46754,0.9923311965811964
46755,0.8306228282037882
46756,1.0
46757,0.9997142857142858
46758,0.30626868686868686
46759,1.0
46760,1.0
46761,0.9656844821844824
46762,1.0
46763,1.0
46764,0.9987111111111111
46765,1.0
46766,0.9855984099234099
46767,1.0
46768,1.0
46769,1.0
46770,0.9892356782106785
46771,0.9995777777777778
46772,0.998079365079365
46773,0.9982309523809524
46774,1.0
46775,0.8811343509431743
46776,0.6543198617525371
46777,1.0
46778,1.0
46779,0.5528256656741952
46780,1.0
46781,1.0
46782,0.9975454545454545
46783,0.999
46784,0.9982142857142858
46785,1.0
46786,1.0
46787,0.99925
46788,1.0
46789,1.0
46790,0.25985885225885225
46791,1.0
46792,1.0
46793,1.0
46794,1.0
46795,1.0
46796,0.9991937728937728
46797,0.9986785714285713
46798,1.0
46799,0.7308056376629908
46800,0.9937183538683537
46801,1.0
46802,1.0
46803,1.0
46804,0.9963841269841269
46805,0.9961580586080585
46806,1.0
46807,1.0
46808,1.0
46809,0.9997142857142857
46810,1.0
46811,1.0
46812,1.0
46813,1.0
46814,1.0
46815,1.0
46816,0.654824913974914
46817,0.8414790072500604
46818,1.0
46819,1.0
46820,0.9992000000000001
46821,1.0
46822,1.0
46823,0.9066106431150551
46824,1.0
46825,1.0
46826,0.9939871572871573
46827,0.9992000000000001
46828,0.9804096070596071
46829,1.0
46830,0.9832216450216449
46831,0.9858600788100788
46832,0.2059414286006392
46833,0.9991111111111111
46834,0.984818179043179
46835,0.9576021078336873
46836,0.9991794871794872
46837,0.3742148883795943
46838,0.9988717948717949
46839,1.0
46840,1.0
46841,1.0
46842,0.9992727272727272
46843,1.0
46844,0.9972000000000001
46845,0.9806381562881562
46846,0.9984198412698412
46847,0.9487583028083028
46848,1.0
46849,1.0
46850,1.0
46851,1.0
46852,0.9894502822341059
46853,0.9983142857142857
46854,1.0
46855,1.0
46856,0.9988452380952381
46857,0.9973222222222221
46858,0.997671484071484
46859,0.9934044566544564
46860,1.0
46861,1.0
46862,1.0
46863,0.96856583971584
46864,1.0
46865,0.9138377520398421
46866,1.0
46867,0.9523714618714616
46868,0.6393513251831339
46869,1.0
46870,1.0
46871,0.5421707803118792
46872,1.0
46873,1.0
46874,1.0
46875,1.0
46876,0.9994545454545455
46877,0.9964215665053902
46878,0.9953888056388056
46879,0.9915842161106868
46880,1.0
46881,0.4424641859344645
46882,1.0
46883,1.0
46884,0.8515871471665589
46885,1.0
46886,1.0
46887,0.9993104395604395
46888,0.9998461538461538
46889,0.9925124847374847
46890,0.9422023254523256
46891,1.0
46892,0.9883191197691197
46893,0.6566095154071935
46894,0.9965995670995671
46895,1.0
46896,0.8791093594400095
46897,0.99975
46898,0.9554404095904094
46899,1.0
46900,0.9974747752247751
46901,0.9800707126207129
46902,1.0
46903,1.0
46904,1.0
46905,0.9958960784313726
46906,1.0
46907,1.0
46908,1.0
46909,1.0
46910,1.0
46911,1.0
46912,0.8580182562020021
46913,1.0
46914,0.4407820296061006
46915,1.0
46916,0.578038229622115
46917,1.0
46918,1.0
46919,0.9265408960320722
46920,0.9529340166369578
46921,0.9679525890775891
46922,0.9997777777777779
46923,1.0
46924,0.8410212826303386
46925,0.700407272947211
46926,0.9985392857142857
46927,0.992277963702964
46928,1.0
46929,0.9950998556998558
46930,0.9916191086691084
46931,1.0
46932,1.0
46933,1.0
46934,1.0
46935,0.9987899012751955
46936,1.0
46937,0.8696692400392865
46938,1.0
46939,0.9946031746031747
46940,0.983688278388278
46941,0.8771969835462097
46942,1.0
46943,0.9888974747474747
46944,0.9584494671994671
46945,1.0
46946,1.0
46947,1.0
46948,1.0
46949,1.0
46950,0.9995384615384616
46951,1.0
46952,0.42692864635364663
46953,0.9980816017316018
46954,1.0
46955,1.0
46956,1.0
46957,0.993245988651871
46958,0.9932173235261473
46959,1.0
46960,0.9796505411255411
46961,0.9984
46962,0.9988747252747253
46963,0.9996
46964,1.0
46965,1.0
46966,0.9998181818181818
46967,1.0
46968,0.9995
46969,1.0
46970,0.9726712880686564
46971,0.9491784235372474
46972,0.9942352147852147
46973,0.9990222222222223
46974,1.0
46975,1.0
46976,0.9980500000000001
46977,0.9992000000000001
46978,0.9997142857142858
46979,0.9963604895104896
46980,0.9995
46981,1.0
46982,0.9998181818181818
46983,0.9994
46984,0.5706209227906592
46985,0.9969440115440116
46986,0.9997999999999999
46987,1.0
46988,0.9030079831932775
46989,1.0
46990,1.0
46991,0.7994339297097812
46992,1.0
46993,1.0
46994,1.0
46995,0.9548560717060719
46996,1.0
46997,1.0
46998,0.9997142857142857
46999,0.9996666666666666
47000,0.9990476190476192
47001,0.9992666666666666
47002,0.9996666666666666
47003,1.0
47004,1.0
47005,1.0
47006,1.0
47007,1.0
47008,0.9988162393162394
47009,0.7443620299291355
47010,0.9997333333333334
47011,1.0
47012,1.0
47013,0.9896127738274797
47014,1.0
47015,1.0
47016,1.0
47017,0.9997142857142858
47018,1.0
47019,0.9924907814407816
47020,1.0
47021,0.9798262737262737
47022,1.0
47023,1.0
47024,0.997255671375408
47025,0.9995
47026,1.0
47027,0.9998333333333334
47028,1.0
47029,0.8518689686130863
47030,0.9992747252747253
47031,1.0
47032,1.0
47033,0.9307201008056268
47034,1.0
47035,1.0
47036,0.9829075757575758
47037,1.0
47038,1.0
47039,0.9997142857142857
47040,0.9918093073593075
47041,1.0
47042,0.5835493708389992
47043,1.0
47044,1.0
47045,0.9684365116909229
47046,0.9912922216672219
47047,1.0
47048,1.0
47049,1.0
47050,1.0
47051,1.0
47052,0.99975
47053,1.0
47054,0.31475171892950515
47055,1.0
47056,0.35553998071931525
47057,1.0
47058,1.0
47059,1.0
47060,1.0
47061,0.9995499999999999
47062,1.0
47063,1.0
47064,1.0
47065,1.0
47066,1.0
47067,0.9995277777777778
47068,1.0
47069,1.0
47070,0.991873520923521
47071,0.45606243919479195
47072,1.0
47073,1.0
47074,0.9795907176157175
47075,1.0
47076,0.9754625977823348
47077,0.9994545454545455
47078,0.99975
47079,1.0
47080,1.0
47081,1.0
47082,0.9991111111111111
47083,1.0
47084,1.0
47085,1.0
47086,1.0
47087,1.0
47088,0.977013147963148
47089,1.0
47090,1.0
47091,0.99975
47092,0.9995777777777778
47093,1.0
47094,1.0
47095,0.8234687332275569
47096,1.0
47097,1.0
47098,1.0
47099,1.0
47100,1.0
47101,1.0
47102,0.968876487891194
47103,0.9462642107892107
47104,1.0
47105,0.4029099704131439
47106,1.0
47107,1.0
47108,0.2920081691184634
47109,1.0
47110,0.9984345238095238
47111,1.0
47112,0.9992000000000001
47113,1.0
47114,1.0
47115,0.9996
47116,1.0
47117,1.0
47118,0.780696916645446
47119,1.0
47120,1.0
47121,0.9908215159109895
47122,1.0
47123,0.8755271631962812
47124,1.0
47125,0.9995
47126,0.9995555555555555
47127,1.0
47128,1.0
47129,0.9985974025974026
47130,1.0
47131,1.0
47132,0.9844531440781441
47133,0.9334282221046929
47134,0.397332481450438
47135,0.8213193552663366
47136,1.0
47137,1.0
47138,1.0
47139,1.0
47140,0.9973131868131868
47141,1.0
47142,1.0
47143,0.9995128205128204
47144,1.0
47145,0.36104599050760067
47146,1.0
47147,0.9857389388389389
47148,0.9990940170940171
47149,1.0
47150,0.9296021353689314
47151,0.995676046176046
47152,1.0
47153,1.0
47154,0.9536027093821212
47155,1.0
47156,0.9989952380952382
47157,1.0
47158,0.9774454565901936
47159,1.0
47160,0.9988727272727272
47161,0.37014190596984725
47162,0.6994884094749421
47163,1.0
47164,0.9997999999999999
47165,1.0
47166,0.9997142857142858
47167,0.9998181818181818
47168,1.0
47169,1.0
47170,1.0
47171,0.6717988150222669
47172,1.0
47173,1.0
47174,1.0
47175,1.0
47176,1.0
47177,1.0
47178,0.7384318359229348
47179,1.0
47180,0.9459194159641529
47181,0.9996666666666666
47182,1.0
47183,1.0
47184,0.9965679653679652
47185,0.9997142857142858
47186,0.9907774891774892
47187,1.0
47188,0.9995384615384616
47189,1.0
47190,0.9899510398098631
47191,1.0
47192,0.1391126627242726
47193,1.0
47194,0.9434345380110086
47195,1.0
47196,1.0
47197,1.0
47198,0.9978238095238094
47199,0.9987985347985346
47200,0.9988333333333334
47201,0.8682897297147304
47202,1.0
47203,1.0
47204,0.9619324753677695
47205,1.0
47206,0.2984234543234543
47207,1.0
47208,1.0
47209,0.9997999999999999
47210,1.0
47211,1.0
47212,1.0
47213,0.8482724151665328
47214,1.0
47215,1.0
47216,0.9998571428571429
47217,0.9978516842634491
47218,0.9998461538461538
47219,0.7931969474969471
47220,1.0
47221,0.918589900501975
47222,1.0
47223,1.0
47224,0.9992698412698414
47225,0.9985666666666667
47226,1.0
47227,1.0
47228,1.0
47229,1.0
47230,0.9933409090909091
47231,1.0
47232,0.9919379362467596
47233,1.0
47234,0.9963883893883896
47235,0.9915666666666668
47236,1.0
47237,1.0
47238,0.9984444444444445
47239,1.0
47240,0.969902136588901
47241,0.3004948828948829
47242,0.9776306193806195
47243,1.0
47244,1.0
47245,0.9990700854700855
47246,1.0
47247,1.0
47248,1.0
47249,0.9617633516809989
47250,1.0
47251,1.0
47252,1.0
47253,0.9976336996336997
47254,1.0
47255,0.9817911976911976
47256,1.0
47257,0.9972468253968254
47258,1.0
47259,0.997737062937063
47260,1.0
47261,1.0
47262,0.6771198878005373
47263,1.0
47264,0.999
47265,0.9902983682983683
47266,0.9993142857142857
47267,0.986854761904762
47268,1.0
47269,1.0
47270,0.9984293650793651
47271,0.9993333333333333
47272,1.0
47273,1.0
47274,1.0
47275,1.0
47276,0.04583373601802392
47277,0.859150132761975
47278,0.9701223276723279
47279,0.9990181818181819
47280,1.0
47281,0.9939580364080364
47282,1.0
47283,0.9822137424666837
47284,1.0
47285,0.830578194200021
47286,0.99975
47287,0.37304981929834874
47288,1.0
47289,1.0
47290,1.0
47291,1.0
47292,0.9806667665667665
47293,0.9974313492063491
47294,1.0
47295,0.5913495020631246
47296,1.0
47297,1.0
47298,0.9988872369460605
47299,1.0
47300,1.0
47301,0.28177392835922266
47302,1.0
47303,1.0
47304,1.0
47305,0.998813725490196
47306,1.0
47307,0.19406053946053942
47308,0.999
47309,0.9995604395604396
47310,0.9991555555555556
47311,0.9086291437320855
47312,1.0
47313,1.0
47314,1.0
47315,0.9842969308469309
47316,0.9961589743589744
47317,1.0
47318,1.0
47319,0.9995555555555555
47320,1.0
47321,1.0
47322,1.0
47323,1.0
47324,1.0
47325,1.0
47326,1.0
47327,1.0
47328,0.8973284832814253
47329,1.0
47330,1.0
47331,0.9693863247863248
47332,0.11504100948071536
47333,0.9647805860805859
47334,1.0
47335,1.0
47336,0.9998181818181818
47337,1.0
47338,1.0
47339,1.0
47340,1.0
47341,0.0031621212121212125
47342,0.9985310023310024
47343,1.0
47344,1.0
47345,0.6082016872961917
47346,0.9976046176046176
47347,0.9989717194570136
47348,1.0
47349,1.0
47350,1.0
47351,1.0
47352,1.0
47353,0.89924407507697
47354,0.5739293662306043
47355,1.0
47356,0.9983074352548036
47357,0.971783575901223
47358,1.0
47359,0.9468562082654187
47360,0.9998333333333334
47361,0.06075722822928706
47362,0.9998461538461538
47363,1.0
47364,0.02740988091715646
47365,0.999
47366,1.0
47367,1.0
47368,1.0
47369,0.6106659521678871
47370,1.0
47371,1.0
47372,1.0
47373,1.0
47374,1.0
47375,0.9998333333333334
47376,0.9972776504541211
47377,1.0
47378,0.9856258796758798
47379,1.0
47380,1.0
47381,1.0
47382,0.9873979575979576
47383,1.0
47384,1.0
47385,0.3354959184090759
47386,0.8266715947451243
47387,1.0
47388,0.4657558221362398
47389,1.0
47390,1.0
47391,0.17232590742590745
47392,0.9797138472638472
47393,1.0
47394,0.9975952380952381
47395,0.9861091330611924
47396,0.9660243230625583
47397,0.9986031746031747
47398,1.0
47399,1.0
47400,1.0
47401,1.0
47402,1.0
47403,1.0
47404,0.978187141779789
47405,0.993538455988456
47406,1.0
47407,1.0
47408,0.9913369855634561
47409,0.7277268577999226
47410,1.0
47411,0.9994285714285714
47412,0.9995384615384616
47413,0.9393443367090427
47414,1.0
47415,1.0
47416,0.8225484789720086
47417,1.0
47418,1.0
47419,0.9961936507936506
47420,0.9973873015873016
47421,1.0
47422,1.0
47423,1.0
47424,1.0
47425,1.0
47426,1.0
47427,0.9997999999999999
47428,1.0
47429,1.0
47430,0.9996666666666666
47431,1.0
47432,0.9994285714285714
47433,1.0
47434,1.0
47435,0.5167996362512615
47436,1.0
47437,0.9992467532467532
47438,1.0
47439,1.0
47440,1.0
47441,1.0
47442,0.9897031135531138
47443,1.0
47444,1.0
47445,1.0
47446,0.9956813492063493
47447,1.0
47448,1.0
47449,0.7482233531518364
47450,0.9974410533910533
47451,1.0
47452,0.9997777777777779
47453,0.9996
47454,0.9945860778110778
47455,0.99975
47456,1.0
47457,1.0
47458,1.0
47459,0.9403569133309072
47460,1.0
47461,1.0
47462,1.0
47463,0.9956594516594518
47464,0.9997999999999999
47465,1.0
47466,1.0
47467,0.9996
47468,0.99975
47469,1.0
47470,1.0
47471,1.0
47472,0.9991030303030302
47473,1.0
47474,0.9986
47475,0.9958930735930738
47476,1.0
47477,0.996735642135642
47478,0.8849388979441617
47479,0.9919050643800643
47480,0.9778690126866597
47481,1.0
47482,0.9993777777777778
47483,0.9997999999999999
47484,1.0
47485,0.9995384615384616
47486,0.9804422494172496
47487,1.0
47488,0.9997142857142858
47489,0.998847619047619
47490,1.0
47491,0.9994141414141414
47492,1.0
47493,1.0
47494,1.0
47495,0.9991111111111111
47496,0.9939127705627706
47497,0.984419474969475
47498,1.0
47499,1.0
47500,1.0
47501,1.0
47502,0.9963309523809524
47503,1.0
47504,1.0
47505,1.0
47506,1.0
47507,1.0
47508,0.8914148126812984
47509,1.0
47510,1.0
47511,1.0
47512,0.9968784548784548
47513,1.0
47514,0.9998333333333334
47515,0.9984444444444445
47516,1.0
47517,0.9980961538461538
47518,0.9544146187146186
47519,0.9979982683982684
47520,1.0
47521,1.0
47522,1.0
47523,0.7862417317031095
47524,1.0
47525,1.0
47526,1.0
47527,0.9994285714285714
47528,0.9998181818181818
47529,0.9993030303030302
47530,1.0
47531,0.9995
47532,1.0
47533,1.0
47534,1.0
47535,1.0
47536,1.0
47537,0.9911988733488734
47538,0.9973805194805193
47539,1.0
47540,1.0
47541,1.0
47542,1.0
47543,1.0
47544,1.0
47545,0.800223093851005
47546,0.9994
47547,0.4161912405791665
47548,0.9988888888888889
47549,0.9997142857142858
47550,1.0
47551,1.0
47552,1.0
47553,0.997972619047619
47554,0.9995777777777778
47555,1.0
47556,1.0
47557,1.0
47558,1.0
47559,0.6788332902391725
47560,1.0
47561,0.9859404040404041
47562,0.4842637838855331
47563,0.9970694444444443
47564,0.9940928571428571
47565,0.9997142857142857
47566,1.0
47567,0.9938367882117882
47568,1.0
47569,0.999
47570,1.0
47571,0.9983396825396826
47572,1.0
47573,1.0
47574,1.0
47575,1.0
47576,0.9995959595959596
47577,0.9997999999999999
47578,0.9998181818181818
47579,0.9886588411588413
47580,0.9991428571428571
47581,0.9991555555555556
47582,1.0
47583,1.0
47584,1.0
47585,1.0
47586,0.9961727866904337
47587,1.0
47588,0.9329361197282251
47589,1.0
47590,0.9975357142857143
47591,0.9934370129870128
47592,1.0
47593,1.0
47594,1.0
47595,1.0
47596,1.0
47597,0.9985333333333334
47598,1.0
47599,0.9988214285714285
47600,1.0
47601,0.6160436798495625
47602,0.9979175824175823
47603,1.0
47604,0.9981555555555556
47605,1.0
47606,1.0
47607,0.2344086203012675
47608,0.9957246031746032
47609,1.0
47610,0.9729038517038519
47611,1.0
47612,1.0
47613,0.9996666666666667
47614,0.9963500000000001
47615,1.0
47616,0.8649115070945561
47617,0.9981478227654698
47618,1.0
47619,0.982331159689983
47620,0.9996
47621,0.9246133028735968
47622,1.0
47623,0.9895929625929627
47624,1.0
47625,1.0
47626,0.9994571428571429
47627,0.6719796238848874
47628,0.9989230769230769
47629,1.0
47630,0.99975
47631,1.0
47632,1.0
47633,1.0
47634,0.9977428571428572
47635,0.6199692007854539
47636,1.0
47637,0.9600967527570471
47638,0.9966336996336997
47639,1.0
47640,1.0
47641,1.0
47642,1.0
47643,1.0
47644,0.9510605440311323
47645,0.9569611494714435
47646,1.0
47647,1.0
47648,0.9886526251526253
47649,1.0
47650,0.99925
47651,1.0
47652,0.04410803363303363
47653,0.9802944527694528
47654,0.9992217194570135
47655,0.8777165723165727
47656,1.0
47657,0.8937705924020934
47658,1.0
47659,1.0
47660,1.0
47661,0.9870386724386725
47662,1.0
47663,1.0
47664,0.9991666666666666
47665,1.0
47666,1.0
47667,0.988276046176046
47668,0.8996852534720183
47669,1.0
47670,0.9988888888888889
47671,1.0
47672,1.0
47673,1.0
47674,1.0
47675,1.0
47676,0.9996
47677,1.0
47678,0.5100673391967512
47679,0.9310113706217155
47680,1.0
47681,1.0
47682,0.9874232323232323
47683,1.0
47684,0.99975
47685,1.0
47686,0.9982946778711483
47687,1.0
47688,0.9949769841269843
47689,0.9696413867178573
47690,1.0
47691,1.0
47692,1.0
47693,1.0
47694,0.9892131368631368
47695,1.0
47696,0.9996923076923078
47697,0.8507493817165771
47698,0.9980060606060606
47699,1.0
47700,1.0
47701,0.9808117547657023
47702,1.0
47703,1.0
47704,0.4497466857703698
47705,1.0
47706,1.0
47707,1.0
47708,0.9997777777777779
47709,0.9852444634313056
47710,1.0
47711,1.0
47712,1.0
47713,0.9997999999999999
47714,1.0
47715,0.9979223443223443
47716,0.9620982568085512
47717,0.5951060765172218
47718,0.7767289093259682
47719,0.8638511912923679
47720,1.0
47721,0.9788982295482298
47722,1.0
47723,0.7478983021106856
47724,1.0
47725,1.0
47726,1.0
47727,1.0
47728,1.0
47729,1.0
47730,1.0
47731,1.0
47732,1.0
47733,0.998031746031746
47734,0.9820189310689311
47735,1.0
47736,0.8967435675435673
47737,0.991914892623716
47738,0.9987777777777779
47739,0.9996666666666666
47740,1.0
47741,1.0
47742,1.0
47743,1.0
47744,0.7893495363253878
47745,1.0
47746,1.0
47747,0.9978744588744589
47748,0.99975
47749,1.0
47750,0.9989572649572649
47751,1.0
47752,1.0
47753,1.0
47754,0.972514541014541
47755,1.0
47756,0.35491519428284113
47757,1.0
47758,0.9177253393751066
47759,0.6219217217423101
47760,1.0
47761,1.0
47762,0.9759102786102786
47763,1.0
47764,1.0
47765,1.0
47766,0.34320091316492257
47767,1.0
47768,1.0
47769,0.9885047674547673
47770,1.0
47771,0.9995142857142857
47772,0.99975
47773,0.9882545454545456
47774,1.0
47775,0.8885953783316787
47776,1.0
47777,1.0
47778,0.6889030658196286
47779,1.0
47780,1.0
47781,0.9921299289891395
47782,0.992922091797092
47783,0.10194492451992454
47784,1.0
47785,1.0
47786,0.35371347028444583
47787,0.9992436974789916
47788,0.9220409771600954
47789,1.0
47790,0.9782098845598848
47791,1.0
47792,1.0
47793,0.7757507232963111
47794,0.8172071926697313
47795,0.9961764346764347
47796,1.0
47797,0.8376357342004404
47798,1.0
47799,0.9470322001527886
47800,1.0
47801,1.0
47802,1.0
47803,0.9973602730602731
47804,0.9582020979020978
47805,0.7628353541882955
47806,0.9996666666666667
47807,1.0
47808,1.0
47809,1.0
47810,1.0
47811,1.0
47812,1.0
47813,0.9361317079721102
47814,1.0
47815,1.0
47816,1.0
47817,0.9997142857142858
47818,1.0
47819,1.0
47820,1.0
47821,1.0
47822,0.5593205048219755
47823,1.0
47824,1.0
47825,1.0
47826,1.0
47827,1.0
47828,0.9646385580106167
47829,1.0
47830,1.0
47831,0.8421207230420082
47832,1.0
47833,0.9943903013653013
47834,0.8864075788878123
47835,1.0
47836,1.0
47837,0.9969854978354977
47838,1.0
47839,1.0
47840,1.0
47841,0.9866584804084804
47842,1.0
47843,0.9960828643578645
47844,0.9937660506160507
47845,0.32051823249849587
47846,1.0
47847,1.0
47848,1.0
47849,1.0
47850,1.0
47851,1.0
47852,1.0
47853,1.0
47854,0.9162993312243314
47855,0.6635227105282062
47856,1.0
47857,1.0
47858,1.0
47859,0.9949919218036866
47860,1.0
47861,1.0
47862,1.0
47863,1.0
47864,0.9956333333333334
47865,0.9987309523809524
47866,1.0
47867,1.0
47868,1.0
47869,0.9990324675324674
47870,1.0
47871,1.0
47872,0.9994666666666666
47873,0.9994285714285714
47874,1.0
47875,0.9995555555555555
47876,0.8491996364746359
47877,0.9977474747474747
47878,0.9962864357864358
47879,1.0
47880,1.0
47881,1.0
47882,0.995423015873016
47883,0.494660963383022
47884,1.0
47885,0.9996666666666667
47886,1.0
47887,1.0
47888,0.9786520701520705
47889,0.9850460317460318
47890,1.0
47891,1.0
47892,0.964322967065614
47893,1.0
47894,1.0
47895,1.0
47896,1.0
47897,1.0
47898,1.0
47899,0.9939375457875458
47900,1.0
47901,0.22044591813415354
47902,0.9960334110334109
47903,1.0
47904,1.0
47905,1.0
47906,0.9987731092436974
47907,1.0
47908,1.0
47909,1.0
47910,1.0
47911,1.0
47912,0.964026465201465
47913,0.9973333333333334
47914,1.0
47915,1.0
47916,1.0
47917,0.9981046897546897
47918,0.9970108225108224
47919,0.9992000000000001
47920,0.99925
47921,1.0
47922,0.9996
47923,0.9976809523809524
47924,1.0
47925,0.9989285714285715
47926,0.9994666666666667
47927,0.9998333333333332
47928,0.448129973019756
47929,0.9974571428571428
47930,1.0
47931,1.0
47932,1.0
47933,0.9563235330459018
47934,1.0
47935,0.9482975135975134
47936,0.998065800865801
47937,1.0
47938,0.996904761904762
47939,1.0
47940,0.023297835824306414
47941,1.0
47942,1.0
47943,1.0
47944,1.0
47945,0.33550527087291776
47946,0.9913531302031303
47947,0.9988142857142857
47948,1.0
47949,1.0
47950,0.9904084957526132
47951,0.9989230769230769
47952,0.9980317460317459
47953,0.9993162393162394
47954,0.9961892551892553
47955,1.0
47956,1.0
47957,0.9991809523809524
47958,0.9989769119769121
47959,0.9983777777777777
47960,1.0
47961,1.0
47962,0.9996666666666666
47963,1.0
47964,0.9092036081823235
47965,0.9918286605551313
47966,1.0
47967,1.0
47968,1.0
47969,1.0
47970,0.9759526862026864
47971,0.8433326170819198
47972,1.0
47973,1.0
47974,0.5467725319572068
47975,1.0
47976,0.9942277777777776
47977,1.0
47978,1.0
47979,1.0
47980,1.0
47981,1.0
47982,1.0
47983,0.899599714501185
47984,1.0
47985,1.0
47986,0.9988131868131868
47987,1.0
47988,1.0
47989,0.4810013943572769
47990,1.0
47991,1.0
47992,1.0
47993,1.0
47994,1.0
47995,0.9750391980568451
47996,0.9969888888888888
47997,0.2624833771405754
47998,1.0
47999,1.0
48000,1.0
48001,1.0
48002,1.0
48003,0.99232331002331
48004,1.0
48005,1.0
48006,0.02616905535984483
48007,1.0
48008,0.9963360805860805
48009,0.9940854978354978
48010,1.0
48011,0.6612446173881159
48012,0.9998333333333334
48013,0.9795302114552116
48014,0.9977808857808858
48015,1.0
48016,0.9991611111111112
48017,0.33013968253968257
48018,0.9964698412698413
48019,1.0
48020,1.0
48021,0.9976
48022,0.9997142857142857
48023,0.9994423076923077
48024,1.0
48025,0.9970395382395383
48026,1.0
48027,0.05460624032829913
48028,0.9992916666666666
48029,1.0
48030,0.9996
48031,1.0
48032,1.0
48033,0.9980404040404041
48034,1.0
48035,1.0
48036,0.9944896159396159
48037,0.9988809523809523
48038,1.0
48039,0.5653313333123703
48040,1.0
48041,0.9992222222222222
48042,0.9943374958374958
48043,0.9988420634920635
48044,1.0
48045,1.0
48046,0.7618841335565025
48047,1.0
48048,0.9942308080808081
48049,1.0
48050,1.0
48051,0.9980404040404041
48052,0.9995966386554621
48053,1.0
48054,1.0
48055,0.9975238095238095
48056,0.9953731049995757
48057,1.0
48058,1.0
48059,1.0
48060,0.999
48061,0.9994700854700854
48062,0.9807124458874461
48063,1.0
48064,0.9996
48065,0.99905
48066,0.5889022782429136
48067,0.9997142857142858
48068,1.0
48069,1.0
48070,1.0
48071,1.0
48072,0.9888663097136786
48073,1.0
48074,1.0
48075,0.9982747252747253
48076,0.8899453026591573
48077,0.9972244588744589
48078,0.9910104925775979
48079,1.0
48080,1.0
48081,0.9921791208791209
48082,1.0
48083,0.9941354978354978
48084,1.0
48085,0.9930190753690754
48086,1.0
48087,1.0
48088,0.9797327561327565
48089,1.0
48090,0.999
48091,1.0
48092,0.9244641475054013
48093,1.0
48094,0.008937769420122362
48095,0.9969309523809524
48096,1.0
48097,1.0
48098,0.9389330012436823
48099,1.0
48100,1.0
48101,0.9770666666666667
48102,1.0
48103,0.41931225294313557
48104,1.0
48105,1.0
48106,0.9996
48107,1.0
48108,0.9956795149295149
48109,1.0
48110,0.6985219826613025
48111,1.0
48112,1.0
48113,1.0
48114,1.0
48115,1.0
48116,1.0
48117,1.0
48118,1.0
48119,0.9543440392940392
48120,0.9945751082251082
48121,0.8692302015408053
48122,1.0
48123,1.0
48124,0.9747790896238266
48125,0.9983739316239316
48126,1.0
48127,1.0
48128,0.811247761715409
48129,1.0
48130,1.0
48131,1.0
48132,0.9980198412698413
48133,1.0
48134,0.9816035079299785
48135,1.0
48136,1.0
48137,0.9576668470418468
48138,1.0
48139,1.0
48140,1.0
48141,1.0
48142,1.0
48143,1.0
48144,0.9980761904761905
48145,1.0
48146,1.0
48147,0.9991111111111111
48148,1.0
48149,0.99975
48150,1.0
48151,0.8494479203802728
48152,0.6362717954989633
48153,0.9717761072261073
48154,1.0
48155,1.0
48156,1.0
48157,0.9995
48158,1.0
48159,0.9965670995670997
48160,1.0
48161,0.9996
48162,1.0
48163,0.99785
48164,1.0
48165,0.6214112586759645
48166,0.944906782106782
48167,0.99885
48168,0.9764791636468108
48169,0.9075796809399749
48170,0.7987947197625211
48171,0.8727639030903732
48172,0.9659500141757108
48173,1.0
48174,0.40327811835567273
48175,1.0
48176,0.9985075757575758
48177,0.49545123136237684
48178,0.9745668733227558
48179,1.0
48180,1.0
48181,0.9998333333333334
48182,1.0
48183,1.0
48184,1.0
48185,0.6828670776935482
48186,0.6905425254312254
48187,0.998031746031746
48188,0.993901800976801
48189,0.9206936230436227
48190,1.0
48191,1.0
48192,0.9973592352092352
48193,0.9838892924069395
48194,1.0
48195,1.0
48196,0.948281847727436
48197,1.0
48198,1.0
48199,1.0
48200,1.0
48201,0.9929280108780109
48202,0.2794244832051334
48203,1.0
48204,0.9986
48205,0.9974607503607503
48206,0.9170417167799522
48207,0.9973560606060605
48208,1.0
48209,1.0
48210,0.9787176046176045
48211,1.0
48212,1.0
48213,0.9958916666666666
48214,0.417953593001426
48215,0.9997142857142857
48216,0.9803995491436668
48217,1.0
48218,1.0
48219,0.9693838383838385
48220,0.9926233766233766
48221,1.0
48222,1.0
48223,1.0
48224,1.0
48225,1.0
48226,0.9992142857142858
48227,0.9985119047619047
48228,1.0
48229,0.9998666666666667
48230,1.0
48231,1.0
48232,0.9967826248914484
48233,1.0
48234,0.996295238095238
48235,1.0
48236,0.9986698412698413
48237,1.0
48238,0.8235210039960036
48239,1.0
48240,1.0
48241,1.0
48242,1.0
48243,1.0
48244,1.0
48245,0.9928912698412697
48246,0.9994545454545455
48247,1.0
48248,1.0
48249,1.0
48250,1.0
48251,1.0
48252,0.5257173861517493
48253,0.15034274402068531
48254,1.0
48255,0.9987606837606837
48256,1.0
48257,0.9991944444444445
48258,1.0
48259,0.9900990917579152
48260,0.7521436797550574
48261,0.9997142857142857
48262,0.9348304806304811
48263,0.9047504100216949
48264,0.9984505050505049
48265,0.9942269841269844
48266,0.37345363965240125
48267,0.702999169457993
48268,1.0
48269,0.9704335997335998
48270,1.0
48271,0.998984126984127
48272,1.0
48273,1.0
48274,0.9998181818181817
48275,1.0
48276,1.0
48277,0.9576497113825287
48278,0.9945854284604286
48279,0.8275385739389611
48280,1.0
48281,1.0
48282,0.9993015873015875
48283,1.0
48284,1.0
48285,0.9995
48286,1.0
48287,0.7313422498811811
48288,1.0
48289,0.9976065934065935
48290,1.0
48291,1.0
48292,1.0
48293,1.0
48294,0.9944223443223442
48295,1.0
48296,1.0
48297,1.0
48298,0.31173352933616083
48299,0.9995490196078431
48300,1.0
48301,0.9813576895326895
48302,1.0
48303,0.9675958401076048
48304,0.9941901875901875
48305,0.9993809523809523
48306,1.0
48307,1.0
48308,0.9992045454545455
48309,0.9995961538461539
48310,0.6668380969305893
48311,0.9988095238095238
48312,0.9848747835497836
48313,1.0
48314,1.0
48315,1.0
48316,1.0
48317,1.0
48318,0.9950183760683763
48319,1.0
48320,0.9997142857142858
48321,0.9952428571428572
48322,0.9979608724608723
48323,0.9995555555555555
48324,0.9886995115995115
48325,1.0
48326,1.0
48327,1.0
48328,1.0
48329,0.9865340742590744
48330,0.9992666666666666
48331,1.0
48332,0.9942174381174379
48333,1.0
48334,1.0
48335,1.0
48336,0.994612554112554
48337,1.0
48338,1.0
48339,1.0
48340,0.9992307692307693
48341,1.0
48342,1.0
48343,0.9372125092228035
48344,1.0
48345,0.9661145465645464
48346,0.9996666666666666
48347,0.3540295280346701
48348,1.0
48349,0.9643990297284415
48350,1.0
48351,1.0
48352,0.99190101010101
48353,0.9997777777777779
48354,1.0
48355,1.0
48356,1.0
48357,0.9996
48358,0.9994166666666666
48359,1.0
48360,1.0
48361,1.0
48362,1.0
48363,0.7568789096524391
48364,1.0
48365,1.0
48366,1.0
48367,0.9266552566714328
48368,0.7242444673919132
48369,1.0
48370,1.0
48371,1.0
48372,1.0
48373,0.9994545454545455
48374,0.9766717726717725
48375,1.0
48376,1.0
48377,0.5060362366907257
48378,0.07034483784189667
48379,1.0
48380,0.6491080818304504
48381,1.0
48382,0.8926994518553351
48383,1.0
48384,0.9982242424242423
48385,0.9077357996578583
48386,1.0
48387,1.0
48388,0.9856539183039185
48389,0.2301271062271062
48390,0.18082551977606173
48391,1.0
48392,0.9996666666666667
48393,1.0
48394,0.9992307692307693
48395,0.9985619047619048
48396,0.9966764346764346
48397,0.9244288860262542
48398,0.9925182317682316
48399,1.0
48400,0.999
48401,0.9993809523809524
48402,1.0
48403,1.0
48404,0.9121755907577119
48405,1.0
48406,1.0
48407,0.9976416666666668
48408,1.0
48409,0.984618192918193
48410,1.0
48411,1.0
48412,1.0
48413,0.9388564117255294
48414,0.9850070485070485
48415,1.0
48416,1.0
48417,1.0
48418,1.0
48419,1.0
48420,1.0
48421,1.0
48422,1.0
48423,0.9976952380952381
48424,1.0
48425,0.9696309184279772
48426,1.0
48427,0.9958920634920635
48428,0.9983290043290044
48429,1.0
48430,1.0
48431,1.0
48432,0.9060074314574316
48433,0.9990166666666667
48434,1.0
48435,0.7788709847857682
48436,0.9873156926406926
48437,0.6367883709170089
48438,1.0
48439,0.9893229437229437
48440,1.0
48441,1.0
48442,0.9998461538461538
48443,0.9992142857142856
48444,1.0
48445,1.0
48446,0.9984727272727273
48447,1.0
48448,1.0
48449,0.9811253968253968
48450,1.0
48451,0.9760159978909977
48452,0.02753458208458208
48453,1.0
48454,0.9989285714285715
48455,1.0
48456,0.9707961802902981
48457,1.0
48458,1.0
48459,1.0
48460,1.0
48461,1.0
48462,1.0
48463,1.0
48464,1.0
48465,0.9989846153846154
48466,0.26048146500042774
48467,1.0
48468,0.9996666666666666
48469,0.7859752289334327
48470,1.0
48471,1.0
48472,1.0
48473,1.0
48474,0.8992789741304446
48475,1.0
48476,1.0
48477,0.9949919218036866
48478,1.0
48479,1.0
48480,0.9880841103341104
48481,0.9991324675324675
48482,1.0
48483,1.0
48484,0.9989848484848485
48485,0.9995999999999999
48486,1.0
48487,0.9424989538239538
48488,0.9991111111111111
48489,0.9899619769119772
48490,1.0
48491,1.0
48492,1.0
48493,0.9973285714285715
48494,0.9973142857142857
48495,1.0
48496,1.0
48497,1.0
48498,1.0
48499,0.99975
48500,1.0
48501,0.9925851481851484
48502,0.46262976858882365
48503,0.4515766989546401
48504,1.0
48505,1.0
48506,0.9996571428571428
48507,0.9993809523809523
48508,1.0
48509,0.9997142857142857
48510,1.0
48511,1.0
48512,1.0
48513,0.9036612537789007
48514,0.9711417637917639
48515,0.9987142857142858
48516,0.9425436174936173
48517,0.9944963342213343
48518,1.0
48519,0.9994285714285714
48520,1.0
48521,0.9956077922077922
48522,1.0
48523,0.9575776777144425
48524,0.37806322909117024
48525,0.999625
48526,1.0
48527,0.9996
48528,1.0
48529,1.0
48530,0.9991309523809524
48531,1.0
48532,1.0
48533,1.0
48534,0.6680601280298649
48535,0.9972476190476189
48536,1.0
48537,0.9994
48538,0.9987309523809524
48539,1.0
48540,0.2637576847988612
48541,1.0
48542,0.9524400915304165
48543,1.0
48544,1.0
48545,1.0
48546,1.0
48547,1.0
48548,0.9972166666666668
48549,1.0
48550,0.9802624284212518
48551,1.0
48552,1.0
48553,0.9997999999999999
48554,1.0
48555,0.9777906862745096
48556,1.0
48557,1.0
48558,0.9987606837606837
48559,0.9996
48560,1.0
48561,1.0
48562,1.0
48563,0.9962173160173161
48564,1.0
48565,0.9268580308580318
48566,0.9992857142857143
48567,1.0
48568,0.9874615906968848
48569,0.9992833333333333
48570,1.0
48571,0.9996931818181818
48572,0.9997142857142857
48573,0.9996470588235294
48574,1.0
48575,1.0
48576,0.9826802173316879
48577,0.73747193590723
48578,1.0
48579,1.0
48580,1.0
48581,0.9992000000000001
48582,1.0
48583,1.0
48584,0.9659926462426459
48585,0.9620373515373518
48586,1.0
48587,0.9997999999999999
48588,1.0
48589,0.9994142857142857
48590,1.0
48591,0.7840289555559675
48592,0.9951967532467534
48593,1.0
48594,0.9987714285714286
48595,1.0
48596,0.9990555555555556
48597,0.6787737572884633
48598,1.0
48599,1.0
48600,1.0
48601,0.9495970547426431
48602,1.0
48603,1.0
48604,1.0
48605,0.9995714285714286
48606,1.0
48607,0.888289517182164
48608,1.0
48609,0.8460078709817875
48610,1.0
48611,0.9955928571428572
48612,1.0
48613,1.0
48614,1.0
48615,1.0
48616,1.0
48617,0.9784504604872247
48618,0.99925
48619,1.0
48620,1.0
48621,1.0
48622,1.0
48623,1.0
48624,1.0
48625,1.0
48626,1.0
48627,1.0
48628,0.9994285714285714
48629,0.9954317016317017
48630,1.0
48631,1.0
48632,0.9996363636363637
48633,1.0
48634,0.9991555555555557
48635,0.9953491341991342
48636,0.9986198412698413
48637,1.0
48638,0.9793363997113996
48639,1.0
48640,0.9950458874458875
48641,0.9666958319458324
48642,0.982854256854257
48643,1.0
48644,1.0
48645,1.0
48646,1.0
48647,1.0
48648,0.9997999999999999
48649,0.9918386613386615
48650,0.9631760265877912
48651,0.9997777777777779
48652,1.0
48653,1.0
48654,1.0
48655,1.0
48656,1.0
48657,1.0
48658,1.0
48659,0.983136901986902
48660,1.0
48661,0.8223408973121821
48662,1.0
48663,1.0
48664,1.0
48665,1.0
48666,1.0
48667,0.998
48668,1.0
48669,1.0
48670,1.0
48671,0.9995555555555555
48672,1.0
48673,0.993270325099737
48674,0.9889733877233876
48675,0.9843092712842715
48676,0.9993142857142857
48677,0.9597412419280064
48678,1.0
48679,1.0
48680,1.0
48681,1.0
48682,1.0
48683,0.9962356698856697
48684,0.9984689754689755
48685,1.0
48686,0.9985476190476189
48687,0.9212085044900058
48688,0.9926547621968674
48689,1.0
48690,1.0
48691,0.9291175757249288
48692,0.9896510101010101
48693,1.0
48694,0.9805492051807841
48695,0.9997999999999999
48696,0.9708853491279961
48697,1.0
48698,0.9882520535020536
48699,1.0
48700,0.997120634920635
48701,0.9974428571428572
48702,0.9992727272727272
48703,0.9953335053835055
48704,1.0
48705,1.0
48706,1.0
48707,0.9227049909241087
48708,0.9989563492063492
48709,1.0
48710,1.0
48711,0.8770933848830909
48712,0.9949234126984127
48713,0.995878354978355
48714,1.0
48715,0.9982777777777777
48716,0.8938725706783759
48717,0.9972449494949495
48718,0.30197306631277226
48719,1.0
48720,0.9946257631257632
48721,1.0
48722,0.9984117647058822
48723,1.0
48724,1.0
48725,1.0
48726,0.9923565268065269
48727,1.0
48728,0.9998333333333332
48729,1.0
48730,1.0
48731,1.0
48732,1.0
48733,1.0
48734,1.0
48735,0.999371794871795
48736,0.9426159817822356
48737,1.0
48738,0.9992222222222222
48739,0.9994
48740,1.0
48741,0.9959119047619048
48742,1.0
48743,0.998931907308378
48744,1.0
48745,1.0
48746,1.0
48747,1.0
48748,1.0
48749,0.9893311827061828
48750,1.0
48751,0.9985384615384615
48752,0.9819466144966146
48753,0.9996923076923078
48754,1.0
48755,0.6043910927565727
48756,1.0
48757,1.0
48758,0.9995555555555555
48759,0.9963290043290043
48760,0.995792207792208
48761,1.0
48762,0.9972089743589744
48763,0.9803504606504606
48764,0.3951055658938011
48765,0.9971093073593075
48766,1.0
48767,1.0
48768,0.9735573937500407
48769,1.0
48770,1.0
48771,1.0
48772,1.0
48773,1.0
48774,1.0
48775,0.9983396825396826
48776,0.9962226998491703
48777,1.0
48778,0.9732833284362695
48779,1.0
48780,0.9993142857142857
48781,1.0
48782,0.7282691066243698
48783,0.9976642857142857
48784,1.0
48785,1.0
48786,1.0
48787,0.9304263835579627
48788,1.0
48789,0.9998823529411764
48790,1.0
48791,0.9993809523809524
48792,1.0
48793,0.9994166666666666
48794,0.9260732370570603
48795,0.9710067187714246
48796,1.0
48797,1.0
48798,1.0
48799,0.9988253968253968
48800,1.0
48801,1.0
48802,1.0
48803,1.0
48804,0.9893677072927073
48805,1.0
48806,1.0
48807,0.9998461538461538
48808,1.0
48809,1.0
48810,1.0
48811,1.0
48812,0.30176659582247833
48813,1.0
48814,0.32592635214630583
48815,1.0
48816,1.0
48817,0.9982608946608947
48818,1.0
48819,0.17373444904768437
48820,1.0
48821,1.0
48822,1.0
48823,1.0
48824,0.9406364807706915
48825,1.0
48826,1.0
48827,0.9612784192415774
48828,1.0
48829,1.0
48830,1.0
48831,1.0
48832,1.0
48833,1.0
48834,0.590463788499083
48835,0.9963500000000001
48836,0.9697196094754916
48837,1.0
48838,0.968976949521067
48839,0.5890160035044681
48840,1.0
48841,0.9975595238095237
48842,0.9994285714285714
48843,0.9650267188693664
48844,1.0
48845,1.0
48846,1.0
48847,0.9991111111111111
48848,0.9971213076139548
48849,0.06100403485403483
48850,1.0
48851,0.9976227272727273
48852,0.9994285714285714
48853,0.9789699855699855
48854,0.9249763935410998
48855,1.0
48856,1.0
48857,0.9973333333333334
48858,0.45844974770671365
48859,0.9171828869960446
48860,0.9986888888888887
48861,0.9995
48862,1.0
48863,1.0
48864,1.0
48865,0.8345594321657008
48866,0.99891341991342
48867,0.9983174603174604
48868,1.0
48869,0.9442064158064162
48870,1.0
48871,0.7570570615658853
48872,1.0
48873,0.9992747252747253
48874,0.9901964604023428
48875,1.0
48876,1.0
48877,1.0
48878,1.0
48879,1.0
48880,1.0
48881,1.0
48882,1.0
48883,1.0
48884,0.9467931114637
48885,1.0
48886,0.9991495726495727
48887,0.9996095238095238
48888,1.0
48889,0.9994285714285714
48890,1.0
48891,1.0
48892,0.9975142857142856
48893,0.9982337662337663
48894,1.0
48895,0.986081313131313
48896,0.999188888888889
48897,1.0
48898,0.992094289044289
48899,1.0
48900,1.0
48901,1.0
48902,1.0
48903,0.9980196545284781
48904,0.9975174603174601
48905,0.6962477005021128
48906,0.9977222222222223
48907,0.9422721500721501
48908,1.0
48909,0.9041479321332262
48910,0.9662248757778171
48911,0.9993571428571429
48912,1.0
48913,1.0
48914,0.9981878787878788
48915,0.9747142746142748
48916,1.0
48917,1.0
48918,1.0
48919,0.7809607729903393
48920,0.9994166666666667
48921,0.9615929292929294
48922,0.9993333333333333
48923,0.9992666666666666
48924,0.9214269147519148
48925,0.9491784235372474
48926,1.0
48927,0.9877501248751251
48928,0.9989545454545455
48929,0.9941866300366302
48930,0.9995555555555555
48931,1.0
48932,0.9963880952380951
48933,0.9898668886668888
48934,1.0
48935,1.0
48936,1.0
48937,0.9913193809458517
48938,0.9992727272727272
48939,0.9985961538461539
48940,1.0
48941,0.9991277777777777
48942,0.9987272727272728
48943,0.9982576312576312
48944,1.0
48945,0.9700264346764348
48946,1.0
48947,1.0
48948,1.0
48949,0.9929173881673882
48950,0.9993571428571429
48951,0.7513597958285264
48952,0.9995555555555555
48953,1.0
48954,1.0
48955,0.9058522363257656
48956,0.9889972860472861
48957,1.0
48958,1.0
48959,1.0
48960,1.0
48961,0.37036164211605377
48962,0.9983460317460319
48963,0.9942266233766233
48964,0.9991809523809524
48965,0.9997142857142858
48966,0.9997142857142857
48967,1.0
48968,0.9891373907138613
48969,0.9980714285714286
48970,0.9996
48971,1.0
48972,0.9997142857142857
48973,0.5620074707885853
48974,0.9962777777777778
48975,1.0
48976,0.8230864498246853
48977,0.9988984962406015
48978,0.9982994987468673
48979,0.9995
48980,1.0
48981,1.0
48982,0.9998181818181817
48983,0.41491474635951725
48984,0.9988333333333334
48985,0.9997142857142857
48986,0.9962920634920636
48987,0.9998181818181817
48988,1.0
48989,1.0
48990,1.0
48991,1.0
48992,1.0
48993,0.9672425377254327
48994,0.3010318122452023
48995,0.9995
48996,0.8554369801251381
48997,1.0
48998,1.0
48999,1.0
49000,1.0
49001,1.0
49002,1.0
49003,0.9815751970251971
49004,0.9932372294372296
49005,0.9978585858585858
49006,1.0
49007,0.9961713564213563
49008,1.0
49009,1.0
49010,0.9766062940327644
49011,0.9562409965851142
49012,0.8721705691367461
49013,1.0
49014,1.0
49015,1.0
49016,0.9973773809523808
49017,1.0
49018,1.0
49019,0.947856620666915
49020,1.0
49021,1.0
49022,1.0
49023,0.8708815352432225
49024,0.9805021922521922
49025,1.0
49026,0.9985873015873016
49027,1.0
49028,0.987749277519866
49029,0.9551675898748656
49030,0.9954972582972583
49031,0.9998333333333334
49032,0.8846452547882112
49033,1.0
49034,0.9985777777777777
49035,0.9973954517704517
49036,1.0
49037,0.9997142857142858
49038,1.0
49039,0.990763936063936
49040,0.9469116358787412
49041,1.0
49042,1.0
49043,1.0
49044,0.03364169164169163
49045,1.0
49046,0.8104103172455337
49047,0.99522055999556
49048,1.0
49049,1.0
49050,1.0
49051,0.9794245365745365
49052,1.0
49053,0.9995384615384616
49054,0.9992666666666666
49055,0.9992467532467533
49056,1.0
49057,1.0
49058,0.9393270902300319
49059,0.9967208791208793
49060,0.995574337916985
49061,1.0
49062,1.0
49063,1.0
49064,0.9911140470640469
49065,0.9983008547008546
49066,1.0
49067,1.0
49068,1.0
49069,0.9871188567967979
49070,1.0
49071,1.0
49072,1.0
49073,0.9833173437673438
49074,1.0
49075,0.9839809135309138
49076,0.8129421358397367
49077,1.0
49078,1.0
49079,0.9434942723942722
49080,1.0
49081,0.15007401368841009
49082,1.0
49083,0.9984000000000001
49084,1.0
49085,0.7501387092267896
49086,0.9996
49087,1.0
49088,1.0
49089,0.9192570623820621
49090,0.9805534442681502
49091,1.0
49092,0.988258658008658
49093,1.0
49094,0.9566069985569985
49095,0.9996666666666667
49096,0.9144063103563099
49097,1.0
49098,1.0
49099,0.8925207593060538
49100,0.9971928571428571
49101,1.0
49102,0.9863384237107921
49103,1.0
49104,0.9814289072039073
49105,1.0
49106,0.9941033549783549
49107,1.0
49108,1.0
49109,0.7993702513173101
49110,1.0
49111,0.845237609002625
49112,0.9982134199134199
49113,0.9980920412920413
49114,1.0
49115,1.0
49116,1.0
49117,1.0
49118,0.92939629405682
49119,1.0
49120,1.0
49121,1.0
49122,1.0
49123,0.9995555555555555
49124,1.0
49125,1.0
49126,1.0
49127,1.0
49128,1.0
49129,1.0
49130,0.9740156647274296
49131,1.0
49132,1.0
49133,1.0
49134,0.8076707971766796
49135,1.0
49136,1.0
49137,1.0
49138,0.994147619047619
49139,0.9989976689976691
49140,1.0
49141,1.0
49142,0.7159395901655964
49143,1.0
49144,0.9971999999999999
49145,1.0
49146,0.7583735566205384
49147,1.0
49148,0.9991428571428572
49149,0.6604916993137583
49150,1.0
49151,0.9998461538461538
49152,0.9981666666666668
49153,1.0
49154,1.0
49155,1.0
49156,0.9820208464737878
49157,0.99925
49158,1.0
49159,0.997969696969697
49160,1.0
49161,1.0
49162,1.0
49163,0.9988571428571429
49164,1.0
49165,0.999547619047619
49166,0.6888719870686588
49167,1.0
49168,1.0
49169,0.9996666666666667
49170,1.0
49171,0.9472334776334778
49172,1.0
49173,1.0
49174,0.3973839286014983
49175,1.0
49176,1.0
49177,1.0
49178,1.0
49179,0.9142867710720655
49180,1.0
49181,0.9996923076923077
49182,1.0
49183,0.9933339105339104
49184,1.0
49185,1.0
49186,1.0
49187,1.0
49188,1.0
49189,0.7867260455231045
49190,1.0
49191,1.0
49192,1.0
49193,1.0
49194,1.0
49195,1.0
49196,1.0
49197,1.0
49198,1.0
49199,1.0
49200,1.0
49201,1.0
49202,1.0
49203,0.5459671493539138
49204,0.9996666666666667
49205,1.0
49206,1.0
49207,0.9851777056277059
49208,0.9481487665928842
49209,1.0
49210,0.9962178932178934
49211,1.0
49212,1.0
49213,0.9991777777777777
49214,0.9954030303030302
49215,0.9982738095238096
49216,0.885601570488335
49217,0.99775
49218,1.0
49219,1.0
49220,1.0
49221,0.24030485537853957
49222,1.0
49223,1.0
49224,1.0
49225,1.0
49226,0.9358283988886933
49227,0.8127177294927297
49228,0.9986198412698413
49229,1.0
49230,0.9996666666666667
49231,0.9988888888888889
49232,0.9990271062271061
49233,0.985216872016872
49234,0.9993158508158507
49235,1.0
49236,1.0
49237,0.9990476190476191
49238,0.9998461538461538
49239,0.9746177267177271
49240,1.0
49241,0.9994
49242,0.9993333333333334
49243,0.9989333333333333
49244,0.7828685425685424
49245,1.0
49246,1.0
49247,1.0
49248,1.0
49249,1.0
49250,0.6297683062036007
49251,1.0
49252,0.5089573290228863
49253,0.7758896848249788
49254,1.0
49255,1.0
49256,0.9480900492782073
49257,1.0
49258,1.0
49259,0.99875
49260,0.9834986846486847
49261,1.0
49262,1.0
49263,0.9998333333333332
49264,1.0
49265,0.9762227370668546
49266,0.3860487980973277
49267,1.0
49268,1.0
49269,1.0
49270,1.0
49271,0.9991428571428571
49272,0.9903801587301586
49273,0.6445696632486878
49274,1.0
49275,1.0
49276,0.999
49277,1.0
49278,0.9994545454545455
49279,1.0
49280,0.9683903374403379
49281,1.0
49282,1.0
49283,0.9980317460317459
49284,1.0
49285,0.9995777777777778
49286,0.9895616577866578
49287,1.0
49288,0.9994
49289,1.0
49290,1.0
49291,0.9964825396825397
49292,1.0
49293,0.5050763205318937
49294,0.9993777777777778
49295,0.9965722222222222
49296,1.0
49297,1.0
49298,1.0
49299,1.0
49300,0.6817568131301104
49301,1.0
49302,0.9994166666666666
49303,1.0
49304,1.0
49305,1.0
49306,1.0
49307,1.0
49308,0.9973180153180152
49309,0.9984761904761905
49310,1.0
49311,0.851666973841432
49312,1.0
49313,1.0
49314,1.0
49315,0.9997142857142858
49316,1.0
49317,1.0
49318,0.9993863636363636
49319,0.9848674741924744
49320,0.9994285714285714
49321,0.9991428571428571
49322,0.9964134199134198
49323,1.0
49324,1.0
49325,0.8454146079410786
49326,0.9998333333333334
49327,1.0
49328,0.9960122230710466
49329,0.38043651181979354
49330,1.0
49331,1.0
49332,1.0
49333,0.9301060681148918
49334,1.0
49335,1.0
49336,1.0
49337,0.6465692857458071
49338,0.9936601731601731
49339,1.0
49340,1.0
49341,1.0
49342,0.056267293069847256
49343,0.9994
49344,1.0
49345,0.9312691181367653
49346,1.0
49347,1.0
49348,0.9520133866133864
49349,0.9984761904761905
49350,1.0
49351,0.9996
49352,0.8559506681227268
49353,0.9953494505494505
49354,0.999371794871795
49355,1.0
49356,1.0
49357,1.0
49358,1.0
49359,0.9981428571428572
49360,0.6883548296474772
49361,0.9634811051349751
49362,1.0
49363,1.0
49364,1.0
49365,1.0
49366,0.9921702741702743
49367,0.9996666666666667
49368,1.0
49369,1.0
49370,1.0
49371,0.9991666666666666
49372,1.0
49373,0.999
49374,1.0
49375,1.0
49376,0.972183144633145
49377,0.9029597529749231
49378,1.0
49379,1.0
49380,1.0
49381,1.0
49382,1.0
49383,1.0
49384,0.9997142857142857
49385,0.9993555555555556
49386,0.9994545454545455
49387,1.0
49388,0.908429719343264
49389,1.0
49390,1.0
49391,0.7913207844099476
49392,1.0
49393,1.0
49394,0.9819098352627766
49395,0.9974324786324789
49396,0.9995714285714286
49397,0.999
49398,0.9552124736374739
49399,0.8011775425554839
49400,0.7796027982251671
49401,1.0
49402,0.571415013787382
49403,1.0
49404,0.9868634726384726
49405,1.0
49406,0.9987809523809524
49407,1.0
49408,1.0
49409,1.0
49410,1.0
49411,0.9836129287379287
49412,0.9899505858520563
49413,1.0
49414,0.9986785714285714
49415,1.0
49416,1.0
49417,1.0
49418,0.9759061174119996
49419,0.9505299866799869
49420,0.9950472416472417
49421,0.9894719336219338
49422,0.89799377191436
49423,0.9988333333333332
49424,1.0
49425,0.99975
49426,0.9979188311688313
49427,1.0
49428,1.0
49429,1.0
49430,1.0
49431,0.9993030303030302
49432,1.0
49433,1.0
49434,1.0
49435,0.7334669665989325
49436,1.0
49437,1.0
49438,1.0
49439,1.0
49440,1.0
49441,1.0
49442,1.0
49443,0.9931832167832167
49444,1.0
49445,1.0
49446,0.5339711988218179
49447,0.9995384615384616
49448,1.0
49449,0.9991111111111112
49450,0.9961892551892553
49451,1.0
49452,1.0
49453,0.9973717532467533
49454,1.0
49455,0.9989579831932773
49456,0.7976613949775716
49457,1.0
49458,1.0
49459,1.0
49460,1.0
49461,0.99975
49462,0.9996666666666666
49463,1.0
49464,1.0
49465,0.9931066211566211
49466,1.0
49467,1.0
49468,1.0
49469,0.9964365079365078
49470,1.0
49471,0.9956594516594518
49472,1.0
49473,0.9731252220002222
49474,1.0
49475,1.0
49476,0.999025641025641
49477,1.0
49478,0.9198604236406872
49479,1.0
49480,1.0
49481,1.0
49482,0.9242405609096788
49483,0.9987111111111111
49484,0.9943064102564102
49485,0.9876023961418697
49486,1.0
49487,1.0
49488,0.8362560356310358
49489,1.0
49490,1.0
49491,1.0
49492,0.9828554723054722
49493,1.0
49494,1.0
49495,1.0
49496,1.0
49497,1.0
49498,1.0
49499,1.0
49500,0.9991
49501,1.0
49502,1.0
49503,0.8974257381507383
49504,1.0
49505,1.0
49506,0.9985203463203464
49507,1.0
49508,0.989271475746476
49509,0.9996
49510,1.0
49511,1.0
49512,1.0
49513,1.0
49514,1.0
49515,0.9980833333333332
49516,0.8078254512257612
49517,0.9984080586080586
49518,1.0
49519,1.0
49520,1.0
49521,1.0
49522,1.0
49523,1.0
49524,0.9987698412698414
49525,1.0
49526,1.0
49527,0.576767765731001
49528,1.0
49529,0.9986571428571428
49530,0.9976522366522368
49531,0.5406169969177712
49532,1.0
49533,1.0
49534,1.0
49535,0.9698843406593406
49536,0.9996666666666666
49537,1.0
49538,0.13484302684759336
49539,0.7150719833142443
49540,0.9992222222222221
49541,0.9972823232323232
49542,1.0
49543,1.0
49544,0.9995555555555555
49545,1.0
49546,1.0
49547,1.0
49548,0.9790274170274171
49549,0.9785912143412144
49550,0.4835082105373124
49551,0.9978849206349207
49552,0.9947253968253968
49553,1.0
49554,0.4835602202063503
49555,0.9991666666666668
49556,1.0
49557,1.0
49558,0.9874098595848598
49559,0.30585897654117483
49560,0.9622490418078652
49561,0.6736472649899116
49562,1.0
49563,0.6982927168892341
49564,1.0
49565,1.0
49566,0.5359801306021121
49567,0.9998571428571429
49568,0.773770017770327
49569,0.9980393939393939
49570,1.0
49571,1.0
49572,1.0
49573,0.9870703879453879
49574,1.0
49575,0.9996363636363637
49576,0.9958303113553114
49577,0.9987333333333334
49578,0.9947647435897436
49579,1.0
49580,1.0
49581,0.9175920569626451
49582,1.0
49583,0.9997777777777779
49584,0.678329294647561
49585,0.9895763625263625
49586,1.0
49587,0.9997999999999999
49588,0.9993392857142858
49589,0.9997777777777779
49590,1.0
49591,1.0
49592,0.9992698412698413
49593,1.0
49594,0.8162601324887705
49595,1.0
49596,1.0
49597,1.0
49598,0.9214395743145739
49599,1.0
49600,1.0
49601,0.9984285714285714
49602,1.0
49603,1.0
49604,0.49756624545904743
49605,1.0
49606,0.9994285714285714
49607,1.0
49608,0.9960507215007215
49609,1.0
49610,1.0
49611,0.9806626956376957
49612,0.9996666666666667
49613,0.9995
49614,1.0
49615,1.0
49616,0.9403896459749408
49617,1.0
49618,1.0
49619,1.0
49620,0.9898160894660896
49621,0.9997142857142858
49622,1.0
49623,0.9997999999999999
49624,0.9986571428571428
49625,0.9995
49626,1.0
49627,1.0
49628,0.9996
49629,0.9992217194570135
49630,0.9652592074592072
49631,1.0
49632,0.9994285714285714
49633,1.0
49634,0.9591195454871926
49635,1.0
49636,0.63612699326817
49637,1.0
49638,1.0
49639,0.9907170995670996
49640,1.0
49641,0.9966546897546897
49642,0.9992420634920635
49643,1.0
49644,1.0
49645,1.0
49646,0.9988888888888889
49647,1.0
49648,1.0
49649,0.982854256854257
49650,1.0
49651,1.0
49652,1.0
49653,0.1436667004564063
49654,0.9969000000000001
49655,0.9980874014874015
49656,0.8626400943569678
49657,0.9987878787878789
49658,0.9840670545141134
49659,0.9907046731046731
49660,0.9991428571428571
49661,0.9457711954711955
49662,1.0
49663,1.0
49664,0.9993333333333333
49665,0.9989747752247752
49666,1.0
49667,0.99785
49668,0.9945390692640694
49669,1.0
49670,1.0
49671,0.9717922355422355
49672,0.8092918471707173
49673,0.9998823529411764
49674,0.9969909090909091
49675,0.9104949966699967
49676,0.9965626262626264
49677,1.0
49678,1.0
49679,0.7149194766018296
49680,0.9985777777777779
49681,0.9988888888888889
49682,1.0
49683,1.0
49684,1.0
49685,0.9627637223887222
49686,0.9989037593984963
49687,0.975794735819736
49688,0.7011442906852354
49689,1.0
49690,1.0
49691,0.9982422969187674
49692,0.946693473193473
49693,0.12299861102949343
49694,1.0
49695,1.0
49696,1.0
49697,0.9813907398157399
49698,1.0
49699,0.9896944444444443
49700,0.9980317460317459
49701,1.0
49702,1.0
49703,1.0
49704,1.0
49705,0.9995833333333334
49706,0.9997142857142857
49707,1.0
49708,1.0
49709,0.9971413919413918
49710,0.9312050172050171
49711,1.0
49712,0.945286849914791
49713,0.9962298701298702
49714,0.9997142857142857
49715,1.0
49716,1.0
49717,1.0
49718,0.8220225274725275
49719,0.9984717948717949
49720,0.9998333333333334
49721,0.9978952380952381
49722,1.0
49723,1.0
49724,1.0
49725,0.9995
49726,1.0
49727,1.0
49728,0.9960038017538017
49729,0.9992747252747253
49730,0.9954435564435564
49731,0.9920157287157287
49732,0.5018530650979568
49733,0.9997999999999999
49734,1.0
49735,0.9985606837606836
49736,1.0
49737,1.0
49738,1.0
49739,1.0
49740,1.0
49741,1.0
49742,1.0
49743,1.0
49744,0.5149486768477483
49745,1.0
49746,1.0
49747,1.0
49748,0.7406275183966361
49749,1.0
49750,1.0
49751,0.9965333333333334
49752,1.0
49753,1.0
49754,0.4445578494552152
49755,0.8687518340878251
49756,1.0
49757,0.9761648018648017
49758,1.0
49759,1.0
49760,1.0
49761,0.9983679653679653
49762,1.0
49763,0.9984000000000001
49764,1.0
49765,1.0
49766,0.9965142857142857
49767,0.7776562694559298
49768,0.9997142857142858
49769,1.0
49770,1.0
49771,0.999
49772,0.9963873015873017
49773,0.9986305250305251
49774,1.0
49775,1.0
49776,0.5580650421559868
49777,0.9602911167264107
49778,1.0
49779,1.0
49780,1.0
49781,1.0
49782,0.5619684518955418
49783,0.9997142857142857
49784,1.0
49785,1.0
49786,0.6085306841850957
49787,0.9998333333333334
49788,0.391823701461937
49789,1.0
49790,0.8358224373665549
49791,1.0
49792,0.9998181818181818
49793,0.6369222680576125
49794,0.9818958152958153
49795,1.0
49796,1.0
49797,1.0
49798,1.0
49799,1.0
49800,0.9994545454545455
49801,1.0
49802,1.0
49803,1.0
49804,0.991295818070818
49805,1.0
49806,0.9934872294372296
49807,0.9722754578754579
49808,0.9995
49809,1.0
49810,0.9832744553691921
49811,0.9856226606726606
49812,0.9933565656565656
49813,0.9834216755466755
49814,0.9997142857142858
49815,1.0
49816,1.0
49817,1.0
49818,0.9984761904761905
49819,0.9997142857142857
49820,1.0
49821,1.0
49822,1.0
49823,0.999
49824,1.0
49825,1.0
49826,0.46411714986080377
49827,0.9988409090909092
49828,1.0
49829,0.9271406038406039
49830,1.0
49831,1.0
49832,1.0
49833,1.0
49834,0.5498978063731936
49835,1.0
49836,1.0
49837,1.0
49838,1.0
49839,1.0
49840,1.0
49841,0.9992217194570135
49842,1.0
49843,0.9710814540035134
49844,0.9732249087513793
49845,0.9910190170940172
49846,1.0
49847,0.9986071428571429
49848,1.0
49849,1.0
49850,1.0
49851,0.9996923076923077
49852,1.0
49853,1.0
49854,1.0
49855,1.0
49856,1.0
49857,1.0
49858,0.993273593073593
49859,0.441111790101883
49860,0.863679730400319
49861,0.9995604395604396
49862,0.9821904928404928
49863,0.9511173516026458
49864,1.0
49865,1.0
49866,1.0
49867,1.0
49868,0.9468576834929777
49869,1.0
49870,1.0
49871,1.0
49872,1.0
49873,0.9221855455947561
49874,0.6950161596659277
49875,0.822267427343898
49876,1.0
49877,1.0
49878,0.05876917935006171
49879,1.0
49880,0.34753046428116047
49881,0.16944160307356912
49882,1.0
49883,1.0
49884,1.0
49885,0.8904442777123116
49886,0.9991238095238096
49887,0.9855726828726825
49888,0.9984785714285714
49889,0.18491700374788617
49890,1.0
49891,1.0
49892,1.0
49893,1.0
49894,0.9178476925035747
49895,0.9995499999999999
49896,0.7076566654363872
49897,1.0
49898,0.9795011877011877
49899,1.0
49900,1.0
49901,0.9996
49902,1.0
49903,1.0
49904,1.0
49905,0.5927636795007536
49906,0.9996666666666666
49907,1.0
49908,0.9718200764148132
49909,0.8051044750662908
49910,0.9964383116883118
49911,0.9980384615384617
49912,1.0
49913,0.6186094225090354
49914,1.0
49915,1.0
49916,1.0
49917,1.0
49918,0.7448545597419438
49919,1.0
49920,1.0
49921,0.9974316738816739
49922,0.9992000000000001
49923,1.0
49924,1.0
49925,1.0
49926,0.9992666666666666
49927,0.7212514222705402
49928,0.99975
49929,1.0
49930,0.99975
49931,1.0
49932,1.0
49933,0.9971929462694169
49934,0.9722924102900885
49935,0.996959817959818
49936,1.0
49937,0.9998571428571429
49938,1.0
49939,1.0
49940,1.0
49941,1.0
49942,0.9996666666666666
49943,1.0
49944,1.0
49945,0.5103027909568931
49946,0.6014364754096951
49947,1.0
49948,0.8500083214171451
49949,1.0
49950,0.8812517144620085
49951,0.9842670995670997
49952,1.0
49953,0.9996
49954,0.9598444250194252
49955,1.0
49956,1.0
49957,1.0
49958,0.4993359049533199
49959,0.9872909090909091
49960,1.0
49961,1.0
49962,1.0
49963,1.0
49964,1.0
49965,0.9996666666666667
49966,1.0
49967,1.0
49968,1.0
49969,1.0
49970,1.0
49971,1.0
49972,1.0
49973,1.0
49974,0.9992666666666666
49975,1.0
49976,0.9988162393162394
49977,0.6713554027671674
49978,1.0
49979,1.0
49980,0.9021314969344382
49981,1.0
49982,0.998847619047619
49983,0.9726743573420044
49984,1.0
49985,0.9996666666666667
49986,0.9964035714285715
49987,1.0
49988,1.0
49989,1.0
49990,1.0
49991,1.0
49992,0.987205255855256
49993,0.9966228291316526
49994,0.8725043983793983
49995,1.0
49996,1.0
49997,0.999
49998,1.0
49999,1.0
50000,0.996829365079365
50001,0.9996666666666666
50002,1.0
50003,0.988702652902653
50004,1.0
50005,1.0
50006,0.9952575757575758
50007,1.0
50008,0.9913075414781297
50009,1.0
50010,0.9994285714285714
50011,0.8453305426599546
50012,0.3357053005388146
50013,1.0
50014,0.12714828635416878
50015,1.0
50016,0.9973333333333334
50017,0.712930776249894
50018,0.9993055555555556
50019,1.0
50020,0.7786598661228694
50021,0.9988253968253968
50022,1.0
50023,1.0
50024,0.9992777777777778
50025,1.0
50026,1.0
50027,1.0
50028,0.99975
50029,0.9481336557233615
50030,0.9817612332112333
50031,1.0
50032,1.0
50033,0.9997142857142858
50034,0.9958923576423577
50035,0.9969190476190477
50036,0.9839527999778002
50037,0.6397224899283726
50038,1.0
50039,1.0
50040,1.0
50041,1.0
50042,0.9936627450980391
50043,1.0
50044,1.0
50045,0.996845456830751
50046,1.0
50047,0.9505767084222969
50048,1.0
50049,0.6567415156738686
50050,1.0
50051,0.12393658259525134
50052,1.0
50053,1.0
50054,1.0
50055,0.8905499138116781
50056,1.0
50057,0.9990952380952381
50058,1.0
50059,0.9949230658230658
50060,0.9982467532467533
50061,1.0
50062,1.0
50063,1.0
50064,1.0
50065,1.0
50066,0.9982222222222221
50067,0.9969071428571429
50068,1.0
50069,0.9996666666666667
50070,0.8419435941595386
50071,1.0
50072,1.0
50073,0.6867755863933108
50074,0.9980060606060606
50075,0.9896333832833835
50076,1.0
50077,0.9771176323676325
50078,0.9925751803751803
50079,1.0
50080,1.0
50081,1.0
50082,0.9989333333333333
50083,1.0
50084,1.0
50085,1.0
50086,1.0
50087,1.0
50088,1.0
50089,0.9997999999999999
50090,0.9816758117699291
50091,1.0
50092,0.8972692585192587
50093,0.9992628205128204
50094,1.0
50095,1.0
50096,1.0
50097,1.0
50098,0.9996
50099,0.9989761904761905
50100,1.0
50101,0.9996666666666666
50102,0.9241252894164661
50103,1.0
50104,1.0
50105,1.0
50106,1.0
50107,0.9956303113553114
50108,1.0
50109,0.9995555555555555
50110,0.9991428571428571
50111,1.0
50112,1.0
50113,1.0
50114,1.0
50115,0.9845151071151071
50116,1.0
50117,0.9965253491606433
50118,1.0
50119,1.0
50120,1.0
50121,1.0
50122,0.9989137254901962
50123,1.0
50124,1.0
50125,1.0
50126,1.0
50127,1.0
50128,0.9758172771672772
50129,0.998095238095238
50130,0.9859749583749581
50131,1.0
50132,0.9988354978354977
50133,1.0
50134,0.9990555555555556
50135,0.8074433639288127
50136,1.0
50137,1.0
50138,1.0
50139,0.9997142857142858
50140,0.9997142857142858
50141,0.9811921717171718
50142,0.9985589743589743
50143,0.9893750638250639
50144,1.0
50145,0.9851760295260296
50146,0.9997999999999999
50147,1.0
50148,1.0
50149,0.9996666666666667
50150,1.0
50151,0.9914952991452991
50152,1.0
50153,1.0
50154,1.0
50155,1.0
50156,1.0
50157,1.0
50158,0.9977777777777779
50159,0.9985384615384616
50160,1.0
50161,1.0
50162,1.0
50163,1.0
50164,0.9984087301587301
50165,1.0
50166,1.0
50167,0.9973012820512821
50168,0.9930384004884006
50169,1.0
50170,0.993624111999112
50171,1.0
50172,1.0
50173,0.9996666666666667
50174,1.0
50175,0.9997777777777779
50176,0.9997142857142858
50177,0.9994
50178,1.0
50179,1.0
50180,0.9993055555555556
50181,1.0
50182,1.0
50183,0.9956226890756302
50184,1.0
50185,1.0
50186,1.0
50187,0.9994920634920635
50188,1.0
50189,0.4296450547818193
50190,1.0
50191,0.9866487734487736
50192,0.9994285714285714
50193,1.0
50194,1.0
50195,0.9947460317460317
50196,0.9996
50197,1.0
50198,0.9992848484848484
50199,0.9892255744255745
50200,1.0
50201,1.0
50202,1.0
50203,1.0
50204,1.0
50205,1.0
50206,0.752843781545252
50207,1.0
50208,1.0
50209,0.99925
50210,1.0
50211,0.989781277056277
50212,1.0
50213,1.0
50214,0.9497338323956745
50215,0.16772364922659033
50216,1.0
50217,0.99975
50218,1.0
50219,0.9972272727272727
50220,0.9807298285048284
50221,0.9987899012751955
50222,0.9943523504273504
50223,1.0
50224,1.0
50225,0.24629416269145366
50226,0.9991
50227,0.9994642857142857
50228,1.0
50229,1.0
50230,1.0
50231,0.9991142857142856
50232,1.0
50233,1.0
50234,0.534013890684479
50235,1.0
50236,0.9369104787369493
50237,1.0
50238,0.9840199210146579
50239,1.0
50240,0.9490078255078254
50241,0.9997999999999999
50242,0.9922097402597404
50243,1.0
50244,1.0
50245,1.0
50246,1.0
50247,1.0
50248,0.9933347097347097
50249,1.0
50250,1.0
50251,1.0
50252,0.9955809523809523
50253,0.9834637834387835
50254,0.9982897102897103
50255,0.9988717948717949
50256,0.9995384615384616
50257,1.0
50258,1.0
50259,1.0
50260,1.0
50261,1.0
50262,0.9939507714507713
50263,0.9986285714285715
50264,0.9735897990897993
50265,1.0
50266,0.9997777777777779
50267,1.0
50268,0.9612435355494177
50269,0.35851364204251196
50270,1.0
50271,1.0
50272,0.8801886465873306
50273,1.0
50274,1.0
50275,1.0
50276,1.0
50277,1.0
50278,0.9971456848706848
50279,1.0
50280,0.9567380480630481
50281,1.0
50282,0.15847058448087872
50283,0.9808664938862309
50284,0.9059482377100024
50285,1.0
50286,1.0
50287,0.9343824312941965
50288,1.0
50289,1.0
50290,0.9977323232323233
50291,0.9866767394370335
50292,1.0
50293,1.0
50294,1.0
50295,1.0
50296,1.0
50297,1.0
50298,0.9995
50299,1.0
50300,0.9966521645021644
50301,1.0
50302,0.9994
50303,1.0
50304,1.0
50305,0.9955914224664225
50306,0.4908448338603709
50307,1.0
50308,0.9962952380952381
50309,1.0
50310,0.9993333333333334
50311,1.0
50312,1.0
50313,1.0
50314,1.0
50315,0.8911954491586849
50316,0.9674535409035411
50317,1.0
50318,1.0
50319,1.0
50320,0.7616871805095491
50321,1.0
50322,0.9496033293503882
50323,0.8671722485031312
50324,1.0
50325,0.9991428571428571
50326,0.9991785714285715
50327,0.9893114108114108
50328,0.7363084279153933
50329,1.0
50330,1.0
50331,1.0
50332,1.0
50333,1.0
50334,1.0
50335,0.99775
50336,1.0
50337,1.0
50338,0.9986212121212121
50339,1.0
50340,1.0
50341,0.5434045667524772
50342,1.0
50343,1.0
50344,1.0
50345,1.0
50346,1.0
50347,0.9998571428571429
50348,1.0
50349,0.9969968531468532
50350,0.9876685223273459
50351,0.9583978709199297
50352,1.0
50353,1.0
50354,0.9997777777777779
50355,0.9522070754696612
50356,1.0
50357,0.9743494505494501
50358,1.0
50359,0.9807377146245569
50360,0.8751744600953713
50361,0.6644831114533903
50362,0.9974706349206349
50363,0.5438887748560348
50364,0.9773466505716507
50365,0.7102888472638472
50366,0.8725196823644185
50367,1.0
50368,1.0
50369,1.0
50370,1.0
50371,0.9921266403187454
50372,1.0
50373,1.0
50374,1.0
50375,0.9932959457209457
50376,1.0
50377,1.0
50378,0.9997142857142858
50379,0.9988920634920635
50380,1.0
50381,0.4890334578218477
50382,0.9634041958041961
50383,1.0
50384,0.9505987817737819
50385,1.0
50386,0.9992628205128206
50387,1.0
50388,0.9982777777777777
50389,0.9995
50390,0.9996923076923077
50391,1.0
50392,1.0
50393,0.8197381519151642
50394,0.7120825129548816
50395,1.0
50396,1.0
50397,0.9827256402094634
50398,0.9971946164946165
50399,1.0
50400,1.0
50401,1.0
50402,1.0
50403,1.0
50404,0.9976503663003663
50405,1.0
50406,1.0
50407,1.0
50408,0.9800688644688642
50409,0.8900647040867634
50410,1.0
50411,0.9994285714285714
50412,1.0
50413,1.0
50414,0.09794056743909685
50415,0.9752135003885004
50416,1.0
50417,1.0
50418,1.0
50419,0.997475
50420,1.0
50421,0.9996666666666666
50422,1.0
50423,1.0
50424,0.9993392857142858
50425,0.9922943722943723
50426,0.9993777777777778
50427,1.0
50428,0.9987111111111111
50429,0.9996923076923078
50430,0.9994166666666666
50431,1.0
50432,1.0
50433,0.9980642857142856
50434,1.0
50435,0.9967656565656566
50436,0.9997142857142857
50437,1.0
50438,0.9996
50439,1.0
50440,1.0
50441,1.0
50442,0.9971912975912978
50443,0.9992478632478633
50444,1.0
50445,0.9882845432345432
50446,1.0
50447,1.0
50448,0.9996666666666667
50449,1.0
50450,1.0
50451,0.9998333333333334
50452,1.0
50453,0.9996666666666666
50454,0.6096695064653268
50455,0.9933324453324452
50456,0.9950373792873793
50457,1.0
50458,0.9937723304473305
50459,1.0
50460,1.0
50461,1.0
50462,1.0
50463,1.0
50464,0.9995490196078431
50465,1.0
50466,0.9783680402930401
50467,0.999
50468,1.0
50469,0.8523491954124306
50470,1.0
50471,1.0
50472,1.0
50473,1.0
50474,1.0
50475,0.9436631979131977
50476,0.9937093795093794
50477,0.9993846153846153
50478,1.0
50479,1.0
50480,1.0
50481,1.0
50482,1.0
50483,0.9994
50484,0.9667430984048632
50485,1.0
50486,1.0
50487,0.9891250915750918
50488,1.0
50489,0.9925133089133088
50490,1.0
50491,0.9993333333333334
50492,0.9753286955734326
50493,0.9935585858585858
50494,1.0
50495,0.5263415158371043
50496,0.9997777777777779
50497,0.98465425962926
50498,1.0
50499,1.0
50500,0.27387727770165865
50501,1.0
50502,0.6510791455276743
50503,0.9997999999999999
50504,1.0
50505,0.9985894736842106
50506,1.0
50507,0.9976555555555555
50508,1.0
50509,0.9981174603174603
50510,0.9979333333333333
50511,1.0
50512,0.9993737373737374
50513,0.993374531024531
50514,1.0
50515,0.9991111111111111
50516,1.0
50517,1.0
50518,0.9294347180597183
50519,0.9962863636363636
50520,1.0
50521,0.9947147741147742
50522,0.9225680131701801
50523,1.0
50524,0.8970264957264953
50525,1.0
50526,0.9951990620490623
50527,0.9808434176934179
50528,0.9958426704014939
50529,1.0
50530,1.0
50531,1.0
50532,1.0
50533,1.0
50534,1.0
50535,1.0
50536,0.5950269127673157
50537,1.0
50538,0.9994545454545455
50539,0.9916666666666665
50540,1.0
50541,1.0
50542,1.0
50543,1.0
50544,0.99975
50545,0.9997999999999999
50546,1.0
50547,1.0
50548,0.9975333333333333
50549,0.9926737762237762
50550,1.0
50551,1.0
50552,1.0
50553,0.9964636197136196
50554,1.0
50555,1.0
50556,0.9994
50557,1.0
50558,1.0
50559,0.6166959638057165
50560,1.0
50561,0.7396876349685169
50562,0.9937167277167277
50563,0.9074148338245862
50564,1.0
50565,0.9995
50566,1.0
50567,1.0
50568,0.994573765123765
50569,1.0
50570,1.0
50571,1.0
50572,1.0
50573,1.0
50574,0.9773061559355679
50575,0.9793484293484293
50576,1.0
50577,1.0
50578,1.0
50579,1.0
50580,0.9758695526695523
50581,0.9664581807597287
50582,0.3572699522699523
50583,1.0
50584,1.0
50585,0.9938841269841271
50586,1.0
50587,0.9995
50588,1.0
50589,0.326730402930403
50590,0.99975
50591,1.0
50592,1.0
50593,1.0
50594,0.9713547896547895
50595,0.9433676929279874
50596,1.0
50597,0.9989188311688312
50598,0.9989230769230769
50599,1.0
50600,0.5574273292067412
50601,0.9997142857142858
50602,1.0
50603,1.0
50604,1.0
50605,1.0
50606,0.9966349206349208
50607,0.9990338680926917
50608,1.0
50609,0.44968410811227905
50610,1.0
50611,1.0
50612,1.0
50613,1.0
50614,0.6661936063506496
50615,1.0
50616,1.0
50617,1.0
50618,0.6831634495363594
50619,1.0
50620,1.0
50621,1.0
50622,1.0
50623,1.0
50624,1.0
50625,1.0
50626,1.0
50627,1.0
50628,0.9987666666666668
50629,1.0
50630,0.9759579365079364
50631,1.0
50632,1.0
50633,1.0
50634,0.9682670773670773
50635,1.0
50636,0.9968500055500057
50637,1.0
50638,0.7388110080322154
50639,0.9986666666666667
50640,0.9997142857142857
50641,1.0
50642,0.9835782828282826
50643,1.0
50644,1.0
50645,1.0
50646,0.9990539682539683
50647,1.0
50648,1.0
50649,1.0
50650,0.9940567821067822
50651,1.0
50652,1.0
50653,1.0
50654,1.0
50655,0.7441068185082885
50656,0.9872654259139553
50657,1.0
50658,0.9863867005543477
50659,1.0
50660,1.0
50661,0.8781394389580148
50662,0.9905202797202796
50663,0.9973888888888889
50664,0.9988396178984416
50665,0.40547555840272553
50666,1.0
50667,1.0
50668,1.0
50669,1.0
50670,1.0
50671,0.9982045454545455
50672,0.89824053405315
50673,0.9959888888888888
50674,0.9456971750471751
50675,0.9996
50676,1.0
50677,0.7950261269775976
50678,1.0
50679,1.0
50680,0.9996
50681,0.9996666666666667
50682,0.9987333333333334
50683,0.9997777777777779
50684,1.0
50685,1.0
50686,0.9939116161616163
50687,1.0
50688,1.0
50689,0.9993333333333334
50690,0.9703455100455097
50691,0.9961626984126983
50692,0.9947897602397602
50693,0.998576911976912
50694,1.0
50695,1.0
50696,1.0
50697,1.0
50698,0.9997142857142858
50699,0.9857437229437229
50700,1.0
50701,1.0
50702,1.0
50703,1.0
50704,1.0
50705,1.0
50706,0.9996571428571428
50707,1.0
50708,0.30454285714285717
50709,0.997020634920635
50710,1.0
50711,0.08977103647986004
50712,1.0
50713,0.9983238095238095
50714,1.0
50715,0.652298585727997
50716,1.0
50717,1.0
50718,1.0
50719,0.9985166666666666
50720,0.7951622552026583
50721,0.5493153024220366
50722,1.0
50723,1.0
50724,0.9988506493506493
50725,1.0
50726,1.0
50727,1.0
50728,0.6083960152248854
50729,0.9886250305250307
50730,1.0
50731,0.9988450854700854
50732,0.999010101010101
50733,0.9976714285714284
50734,0.9982261904761904
50735,0.9937428571428571
50736,0.9619982878232876
50737,1.0
50738,1.0
50739,1.0
50740,0.9996666666666666
50741,1.0
50742,1.0
50743,1.0
50744,1.0
50745,1.0
50746,1.0
50747,1.0
50748,0.9804619325119327
50749,0.9952990016519427
50750,1.0
50751,0.9972000000000001
50752,0.98672113997114
50753,1.0
50754,0.2800111111111111
50755,0.9917781440781442
50756,1.0
50757,0.9983333333333334
50758,1.0
50759,1.0
50760,1.0
50761,0.9371733650078848
50762,1.0
50763,1.0
50764,1.0
50765,0.9808972019810257
50766,1.0
50767,0.9997777777777779
50768,1.0
50769,1.0
50770,0.9994
50771,0.99975
50772,1.0
50773,1.0
50774,0.9824506549006551
50775,0.9845690117072471
50776,1.0
50777,0.9950387723387724
50778,1.0
50779,1.0
50780,1.0
50781,0.977785222294046
50782,1.0
50783,0.44697099238051247
50784,1.0
50785,0.9996
50786,0.9933466866466868
50787,1.0
50788,1.0
50789,1.0
50790,0.9978045454545454
50791,0.9500278966131909
50792,1.0
50793,0.9994285714285714
50794,0.9826058441558442
50795,0.9919545954045954
50796,0.8830257911678968
50797,0.6957820378795612
50798,1.0
50799,1.0
50800,1.0
50801,0.9996666666666666
50802,1.0
50803,1.0
50804,1.0
50805,1.0
50806,1.0
50807,1.0
50808,0.9969911255411256
50809,1.0
50810,0.9961182539682539
50811,0.9919052503052501
50812,1.0
50813,1.0
50814,0.9996333333333334
50815,1.0
50816,0.9995777777777778
50817,0.6175022608540403
50818,0.9996666666666667
50819,0.9997142857142858
50820,1.0
50821,1.0
50822,1.0
50823,0.9995
50824,0.7273887284284342
50825,0.987946522921523
50826,0.998600505050505
50827,1.0
50828,1.0
50829,0.7751519425019422
50830,0.9828396479337654
50831,1.0
50832,1.0
50833,0.9997142857142858
50834,1.0
50835,1.0
50836,1.0
50837,1.0
50838,1.0
50839,1.0
50840,1.0
50841,0.9720571595071595
50842,0.9995555555555555
50843,1.0
50844,1.0
50845,1.0
50846,1.0
50847,1.0
50848,1.0
50849,1.0
50850,1.0
50851,1.0
50852,0.9977080200501255
50853,0.9996666666666666
50854,1.0
50855,1.0
50856,1.0
50857,0.9128155374037725
50858,1.0
50859,1.0
50860,0.9642397491397493
50861,1.0
50862,0.9940595238095239
50863,1.0
50864,0.9988928571428571
50865,0.9996363636363638
50866,1.0
50867,0.9994074675324677
50868,0.9942910481331534
50869,0.9989333333333333
50870,0.9728141469641473
50871,1.0
50872,1.0
50873,0.9998461538461538
50874,0.9987285714285715
50875,0.8077515853599441
50876,0.9997142857142858
50877,1.0
50878,1.0
50879,0.9997142857142858
50880,1.0
50881,1.0
50882,1.0
50883,1.0
50884,1.0
50885,0.9902874736374736
50886,1.0
50887,1.0
50888,0.9998888888888889
50889,1.0
50890,1.0
50891,1.0
50892,1.0
50893,0.99975
50894,1.0
50895,1.0
50896,0.9981
50897,0.9934826617826618
50898,1.0
50899,1.0
50900,0.5731876075163229
50901,0.9984083028083028
50902,1.0
50903,1.0
50904,1.0
50905,0.9993142857142857
50906,1.0
50907,1.0
50908,0.8500250501132854
50909,0.9947601731601731
50910,1.0
50911,1.0
50912,1.0
50913,1.0
50914,1.0
50915,1.0
50916,1.0
50917,0.6777997571056393
50918,1.0
50919,1.0
50920,0.8378363238069124
50921,1.0
50922,1.0
50923,0.7295688099482218
50924,1.0
50925,1.0
50926,0.9998571428571429
50927,1.0
50928,0.995500432900433
50929,1.0
50930,1.0
50931,1.0
50932,0.6987714532973053
50933,0.011325363525363527
50934,1.0
50935,0.6852077561757133
50936,1.0
50937,1.0
50938,1.0
50939,0.3576437635893518
50940,0.8476082146267906
50941,0.9986280701754386
50942,0.9939636224886225
50943,1.0
50944,0.9996
50945,1.0
50946,1.0
50947,0.9992628205128206
50948,0.9965206349206349
50949,0.6367575062192713
50950,1.0
50951,0.8928112108479752
50952,1.0
50953,1.0
50954,0.9982198412698412
50955,1.0
50956,0.5678343422916954
50957,0.9451416908255142
50958,1.0
50959,1.0
50960,1.0
50961,0.9996
50962,0.999095238095238
50963,0.9995
50964,1.0
50965,1.0
50966,1.0
50967,0.9980707847707849
50968,0.9994642857142857
50969,0.9963444444444445
50970,1.0
50971,1.0
50972,1.0
50973,1.0
50974,1.0
50975,1.0
50976,0.9985285714285714
50977,0.9997142857142857
50978,1.0
50979,0.9996
50980,1.0
50981,1.0
50982,1.0
50983,1.0
50984,1.0
50985,1.0
50986,0.8753146813970345
50987,1.0
50988,0.9961500000000001
50989,0.7015390952185071
50990,1.0
50991,0.6095612195252293
50992,0.9980904040404043
50993,0.9992051282051282
50994,0.9298552065581475
50995,1.0
50996,0.9838818237318239
50997,1.0
50998,1.0
50999,0.9877746031746034
51000,0.9997142857142858
51001,1.0
51002,0.9921830086580086
51003,1.0
51004,1.0
51005,1.0
51006,0.9978083028083028
51007,1.0
51008,1.0
51009,1.0
51010,0.9998461538461538
51011,0.9911129925629926
51012,1.0
51013,0.9978658008658009
51014,0.944008841820374
51015,0.9887866078366079
51016,1.0
51017,1.0
51018,0.9995
51019,0.9953329337329337
51020,0.9515157009657009
51021,1.0
51022,0.9981523809523808
51023,1.0
51024,1.0
51025,0.999047619047619
51026,1.0
51027,1.0
51028,1.0
51029,1.0
51030,1.0
51031,0.999095238095238
51032,1.0
51033,1.0
51034,1.0
51035,0.9971456848706848
51036,1.0
51037,0.9994285714285714
51038,1.0
51039,0.9994920634920635
51040,0.9314300871642978
51041,0.8710553001264301
51042,0.7432887359372651
51043,1.0
51044,1.0
51045,0.99975
51046,1.0
51047,0.9951587301587301
51048,1.0
51049,1.0
51050,0.9877253246753247
51051,1.0
51052,1.0
51053,1.0
51054,1.0
51055,0.9988499999999999
51056,1.0
51057,1.0
51058,1.0
51059,0.9760330724830724
51060,1.0
51061,1.0
51062,1.0
51063,0.8924255855255852
51064,1.0
51065,0.9992857142857143
51066,1.0
51067,0.9939244200244199
51068,1.0
51069,1.0
51070,0.99975
51071,0.9996
51072,0.9972336996336998
51073,0.983703823953824
51074,1.0
51075,1.0
51076,1.0
51077,1.0
51078,1.0
51079,0.8168113550106588
51080,0.9935900793650795
51081,1.0
51082,1.0
51083,1.0
51084,1.0
51085,1.0
51086,0.9997777777777779
51087,1.0
51088,0.9990476190476191
51089,0.9964313492063492
51090,0.9982606837606839
51091,0.9969747474747475
51092,0.9991555555555556
51093,0.4679025177694682
51094,0.9097604843986423
51095,1.0
51096,1.0
51097,0.8493785572270866
51098,0.5817869744204882
51099,0.925111979394874
51100,0.25659675292028244
51101,0.9931017094017094
51102,1.0
51103,1.0
51104,0.8116541640591957
51105,0.9853515151515151
51106,1.0
51107,1.0
51108,1.0
51109,0.9764499820440998
51110,0.9570029212617452
51111,0.9632423576423579
51112,1.0
51113,0.8587525541452018
51114,1.0
51115,0.8914251596442768
51116,1.0
51117,1.0
51118,0.9984821428571429
51119,0.4759193780935269
51120,1.0
51121,1.0
51122,1.0
51123,0.4024756538868767
51124,0.9997777777777779
51125,0.9998461538461538
51126,0.9997999999999999
51127,0.9998181818181818
51128,1.0
51129,1.0
51130,0.997987012987013
51131,1.0
51132,1.0
51133,1.0
51134,1.0
51135,1.0
51136,1.0
51137,1.0
51138,0.7405024277236354
51139,0.9993809523809523
51140,1.0
51141,0.9843940725940724
51142,1.0
51143,1.0
51144,0.9997777777777779
51145,0.99975
51146,0.9949849206349206
51147,1.0
51148,0.9994
51149,0.9986345471521942
51150,1.0
51151,1.0
51152,0.26424481922446325
51153,1.0
51154,0.9997777777777779
51155,1.0
51156,1.0
51157,1.0
51158,1.0
51159,0.9980603174603175
51160,1.0
51161,1.0
51162,0.02410954551983963
51163,0.9274366876587467
51164,1.0
51165,1.0
51166,0.9983849206349207
51167,0.99875
51168,0.999875
51169,0.9818187146187145
51170,1.0
51171,1.0
51172,1.0
51173,0.9980642857142856
51174,0.7575203456072644
51175,1.0
51176,1.0
51177,1.0
51178,1.0
51179,1.0
51180,1.0
51181,0.995297619047619
51182,1.0
51183,1.0
51184,0.7898843989343989
51185,1.0
51186,0.9981495726495727
51187,1.0
51188,0.9852607337107337
51189,0.9940894993894995
51190,0.453481730438464
51191,0.9991111111111111
51192,0.9988571428571429
51193,1.0
51194,1.0
51195,0.9957071484071485
51196,1.0
51197,0.9997999999999999
51198,1.0
51199,1.0
51200,1.0
51201,0.9427830225330225
51202,1.0
51203,1.0
51204,1.0
51205,1.0
51206,1.0
51207,0.9928489538239537
51208,0.998982905982906
51209,1.0
51210,0.5896636163114489
51211,0.9164289747833859
51212,0.9947610167610169
51213,0.8643302817247215
51214,0.9985
51215,1.0
51216,0.998447619047619
51217,0.8019124342977288
51218,0.9993030303030302
51219,1.0
51220,1.0
51221,1.0
51222,1.0
51223,1.0
51224,0.9942897241647243
51225,0.9984911976911978
51226,0.9996363636363637
51227,0.9988888888888889
51228,1.0
51229,1.0
51230,1.0
51231,0.9989285714285713
51232,1.0
51233,1.0
51234,0.9563465055412425
51235,1.0
51236,0.4644859335109333
51237,1.0
51238,1.0
51239,1.0
51240,1.0
51241,0.7739993419892806
51242,0.9922926406926407
51243,1.0
51244,0.9989563492063491
51245,0.9711417637917639
51246,0.9971928571428571
51247,1.0
51248,1.0
51249,1.0
51250,1.0
51251,1.0
51252,1.0
51253,1.0
51254,1.0
51255,0.889838397713398
51256,1.0
51257,1.0
51258,0.9888766733266733
51259,0.9998823529411764
51260,0.9733372820849603
51261,1.0
51262,1.0
51263,1.0
51264,1.0
51265,0.998982905982906
51266,0.9990666666666668
51267,0.9975142857142856
51268,1.0
51269,1.0
51270,0.9964018796992483
51271,1.0
51272,1.0
51273,0.9920890664890666
51274,1.0
51275,1.0
51276,1.0
51277,0.9988571428571429
51278,1.0
51279,0.9997777777777779
51280,1.0
51281,0.9977581085581085
51282,0.9024434204426471
51283,1.0
51284,1.0
51285,0.7698682679721386
51286,0.9981269841269843
51287,0.999
51288,0.9985331668331668
51289,1.0
51290,1.0
51291,0.6801759588278937
51292,1.0
51293,0.9965436507936507
51294,1.0
51295,1.0
51296,0.9965503246753248
51297,1.0
51298,1.0
51299,0.9965714285714287
51300,1.0
51301,0.9495176579268684
51302,0.9808982628482629
51303,1.0
51304,1.0
51305,1.0
51306,0.9994285714285714
51307,0.9902043290043292
51308,1.0
51309,1.0
51310,1.0
51311,1.0
51312,0.9582562491430139
51313,1.0
51314,1.0
51315,1.0
51316,1.0
51317,0.929776075721664
51318,0.9962055555555556
51319,0.9951986263736264
51320,1.0
51321,0.98526655011655
51322,0.9993333333333333
51323,0.9737140782420195
51324,0.9949706349206349
51325,1.0
51326,1.0
51327,1.0
51328,1.0
51329,0.9994444444444445
51330,1.0
51331,1.0
51332,1.0
51333,1.0
51334,1.0
51335,1.0
51336,1.0
51337,0.8738661895294246
51338,1.0
51339,1.0
51340,1.0
51341,0.9078267475214846
51342,1.0
51343,0.9991428571428571
51344,0.33213968253968257
51345,1.0
51346,1.0
51347,0.8368175840357421
51348,1.0
51349,0.9997999999999999
51350,0.9913102009102011
51351,1.0
51352,0.5054906579709009
51353,1.0
51354,0.9996
51355,1.0
51356,1.0
51357,0.9981662210338682
51358,0.9997142857142857
51359,0.9968782828282828
51360,1.0
51361,0.990335386835387
51362,1.0
51363,0.9994
51364,1.0
51365,1.0
51366,0.9994923076923077
51367,1.0
51368,1.0
51369,0.7386865964874476
51370,1.0
51371,0.9979396603396603
51372,0.24945210299676251
51373,0.9898468531468532
51374,0.9980835164835166
51375,0.99925
51376,0.2817561649908401
51377,1.0
51378,0.9995
51379,0.9988333333333334
51380,0.9996666666666666
51381,1.0
51382,1.0
51383,1.0
51384,1.0
51385,1.0
51386,0.9969626984126984
51387,0.07784751718869369
51388,0.9645937995441088
51389,1.0
51390,1.0
51391,1.0
51392,1.0
51393,0.9898293650793649
51394,0.9333109451693816
51395,0.4973576818606232
51396,1.0
51397,1.0
51398,0.9995499999999999
51399,0.8636321754526867
51400,1.0
51401,1.0
51402,1.0
51403,1.0
51404,1.0
51405,0.9778347402597404
51406,1.0
51407,0.3289888817838509
51408,1.0
51409,0.013661033411033412
51410,1.0
51411,0.7083224813456234
51412,1.0
51413,1.0
51414,0.8211459601458059
51415,0.9979717765894238
51416,0.9997142857142857
51417,1.0
51418,0.9918033549783549
51419,0.9989863636363636
51420,1.0
51421,1.0
51422,1.0
51423,1.0
51424,1.0
51425,0.9968666666666667
51426,1.0
51427,1.0
51428,0.9990181818181818
51429,1.0
51430,1.0
51431,1.0
51432,0.9994285714285714
51433,1.0
51434,1.0
51435,0.9997142857142857
51436,1.0
51437,1.0
51438,1.0
51439,1.0
51440,1.0
51441,1.0
51442,1.0
51443,1.0
51444,1.0
51445,1.0
51446,0.999090909090909
51447,0.9968309523809524
51448,1.0
51449,1.0
51450,0.7638736051530173
51451,1.0
51452,0.9979761904761905
51453,1.0
51454,0.989337012987013
51455,0.9994642857142857
51456,1.0
51457,0.9988507936507937
51458,0.9987008547008547
51459,1.0
51460,0.8176459755930345
51461,1.0
51462,1.0
51463,0.9996666666666666
51464,1.0
51465,0.9876730158730158
51466,0.9082554061951126
51467,0.9994
51468,1.0
51469,0.6823456179269647
51470,0.7753236884030998
51471,0.9933634615384618
51472,0.6633394187941406
51473,1.0
51474,1.0
51475,1.0
51476,0.9694282495282492
51477,1.0
51478,0.9996666666666667
51479,0.9989230769230769
51480,0.9992363636363637
51481,1.0
51482,1.0
51483,0.9996
51484,0.9737770812520813
51485,0.8189940410046576
51486,0.8541844344252241
51487,1.0
51488,0.21804977202879686
51489,1.0
51490,1.0
51491,1.0
51492,0.9749307359307359
51493,1.0
51494,0.969842820337557
51495,1.0
51496,1.0
51497,0.9996
51498,1.0
51499,0.6070368095956329
51500,1.0
51501,0.9960061327561326
51502,0.9706766222339751
51503,1.0
51504,1.0
51505,0.9970897435897437
51506,1.0
51507,1.0
51508,1.0
51509,0.9932631313131315
51510,1.0
51511,0.9900067396655631
51512,1.0
51513,0.9981280112044817
51514,0.9973476190476191
51515,0.9985952380952381
51516,1.0
51517,1.0
51518,0.9946924603174604
51519,0.9955857142857143
51520,0.9542824071353483
51521,0.9673230075480076
51522,0.9148214553420435
51523,0.8896849689526154
51524,0.9993333333333334
51525,1.0
51526,0.99925
51527,0.9981794871794872
51528,1.0
51529,0.6450972857208158
51530,0.6842970975017418
51531,0.9994545454545455
51532,0.9991428571428572
51533,1.0
51534,0.8902857368551644
51535,1.0
51536,0.9948477231918408
51537,1.0
51538,1.0
51539,0.9043430910592677
51540,1.0
51541,1.0
51542,0.9994285714285714
51543,0.9988055555555555
51544,1.0
51545,1.0
51546,0.7927222459429114
51547,1.0
51548,0.9991785714285715
51549,1.0
51550,1.0
51551,1.0
51552,0.9845753125959008
51553,0.9904014985014985
51554,1.0
51555,0.8904155483405481
51556,1.0
51557,1.0
51558,0.9050847922545291
51559,0.9475373737373739
51560,1.0
51561,0.9972809523809524
51562,1.0
51563,0.9996666666666666
51564,0.9994545454545455
51565,1.0
51566,0.9917413475413477
51567,0.8292434604611065
51568,0.9876035131535129
51569,1.0
51570,1.0
51571,1.0
51572,1.0
51573,1.0
51574,0.6343172216929954
51575,0.9990666666666667
51576,0.9746415956592426
51577,0.9727180874680877
51578,1.0
51579,1.0
51580,1.0
51581,1.0
51582,1.0
51583,0.6351241305649974
51584,1.0
51585,1.0
51586,1.0
51587,1.0
51588,1.0
51589,0.15928499964088202
51590,0.9989
51591,0.9998571428571429
51592,0.9985974025974026
51593,0.9859621711621713
51594,1.0
51595,1.0
51596,0.99975
51597,1.0
51598,1.0
51599,0.9971456848706848
51600,0.995156376956377
51601,1.0
51602,0.9991515151515152
51603,1.0
51604,1.0
51605,0.2226417257579023
51606,0.99931328320802
51607,1.0
51608,0.9993333333333334
51609,0.5747121727172039
51610,1.0
51611,1.0
51612,0.9980273504273505
51613,1.0
51614,1.0
51615,1.0
51616,1.0
51617,1.0
51618,0.9917441086691088
51619,1.0
51620,1.0
51621,0.9987285714285714
51622,0.9983825396825396
51623,1.0
51624,1.0
51625,1.0
51626,1.0
51627,1.0
51628,0.9478432456432456
51629,0.8703212531019032
51630,1.0
51631,0.9993500000000001
51632,0.4055778789837614
51633,0.9890133394383394
51634,1.0
51635,1.0
51636,0.99925
51637,1.0
51638,1.0
51639,1.0
51640,0.9866317238317239
51641,0.9940252802752804
51642,1.0
51643,1.0
51644,0.9996666666666667
51645,1.0
51646,1.0
51647,0.9984689754689755
51648,1.0
51649,1.0
51650,1.0
51651,1.0
51652,1.0
51653,0.9739614441114438
51654,0.9972163614163613
51655,0.990127775002775
51656,1.0
51657,1.0
51658,0.9921211871461872
51659,1.0
51660,0.9770635488694315
51661,0.9873329947829947
51662,1.0
51663,1.0
51664,1.0
51665,1.0
51666,1.0
51667,0.9989450549450549
51668,0.9991960784313725
51669,0.9996239316239316
51670,1.0
51671,1.0
51672,1.0
51673,0.9955064102564103
51674,0.91262140229052
51675,0.9978738095238096
51676,0.9875970418470419
51677,0.9983492063492064
51678,1.0
51679,0.9846404761904763
51680,1.0
51681,1.0
51682,1.0
51683,1.0
51684,0.4433235222294044
51685,1.0
51686,1.0
51687,0.9998461538461538
51688,1.0
51689,1.0
51690,1.0
51691,0.733594765296623
51692,1.0
51693,1.0
51694,1.0
51695,1.0
51696,0.8358856807886728
51697,1.0
51698,0.9768661616161618
51699,0.9991384615384615
51700,1.0
51701,1.0
51702,1.0
51703,0.935150632537397
51704,1.0
51705,1.0
51706,0.9973111111111111
51707,0.9991333333333332
51708,1.0
51709,1.0
51710,1.0
51711,1.0
51712,0.9855171276435983
51713,1.0
51714,0.999095238095238
51715,1.0
51716,0.9879750048197418
51717,0.99675
51718,1.0
51719,1.0
51720,0.9996
51721,0.3278829663714338
51722,1.0
51723,1.0
51724,1.0
51725,1.0
51726,1.0
51727,0.9997999999999999
51728,1.0
51729,1.0
51730,0.986581918081918
51731,0.5822814525258031
51732,0.99975
51733,0.9950079420579422
51734,0.9329735940530058
51735,0.5122897664427077
51736,1.0
51737,1.0
51738,1.0
51739,1.0
51740,0.9991111111111111
51741,0.9988571428571429
51742,0.931158123412535
51743,0.9997142857142858
51744,0.9992142857142856
51745,1.0
51746,0.9802593370681606
51747,0.7439104604545785
51748,1.0
51749,1.0
51750,1.0
51751,0.995100271950272
51752,1.0
51753,0.9946023088023088
51754,1.0
51755,0.9831275502275505
51756,1.0
51757,0.4285503269606211
51758,1.0
51759,0.7788666389166391
51760,1.0
51761,1.0
51762,1.0
51763,1.0
51764,1.0
51765,0.31343544555719494
51766,1.0
51767,1.0
51768,1.0
51769,1.0
51770,0.9993142857142858
51771,1.0
51772,0.9994545454545455
51773,1.0
51774,1.0
51775,0.9998181818181818
51776,1.0
51777,1.0
51778,1.0
51779,0.9943219336219337
51780,1.0
51781,1.0
51782,0.9713463892316834
51783,1.0
51784,0.5583251790692967
51785,0.9989839826839827
51786,0.9919300865800867
51787,0.9649123515373516
51788,0.26920634920634917
51789,1.0
51790,0.9226262804189275
51791,0.6888501027781988
51792,1.0
51793,0.9985619047619048
51794,0.8376271659712835
51795,1.0
51796,1.0
51797,1.0
51798,1.0
51799,0.99468455988456
51800,1.0
51801,0.956565863960601
51802,0.9719710678210679
51803,0.9816232989232991
51804,0.9995142857142856
51805,0.9193606893106893
51806,1.0
51807,0.9998947368421053
51808,0.99975
51809,0.2198071928071928
51810,1.0
51811,1.0
51812,1.0
51813,1.0
51814,0.9716537740037741
51815,0.9974325396825396
51816,0.5011050381764778
51817,0.9972478632478634
51818,1.0
51819,0.9984095238095237
51820,0.9996666666666666
51821,1.0
51822,0.9980404040404041
51823,0.9920766788766787
51824,0.7922688615306263
51825,1.0
51826,0.9867318681318682
51827,0.9989285714285715
51828,1.0
51829,0.9992626262626262
51830,0.71221494387965
51831,1.0
51832,1.0
51833,1.0
51834,1.0
51835,1.0
51836,0.9976257936507936
51837,1.0
51838,1.0
51839,0.9545771393639039
51840,0.9807880952380952
51841,1.0
51842,0.9996
51843,1.0
51844,1.0
51845,1.0
51846,1.0
51847,1.0
51848,1.0
51849,0.9995384615384616
51850,1.0
51851,1.0
51852,0.9997142857142858
51853,1.0
51854,0.9971111111111111
51855,0.9965521978021978
51856,0.99975
51857,0.9333927522769624
51858,1.0
51859,1.0
51860,1.0
51861,1.0
51862,0.9974945054945056
51863,1.0
51864,0.9996666666666666
51865,0.9996
51866,0.9937859668109669
51867,1.0
51868,0.9911848262848264
51869,1.0
51870,1.0
51871,0.891426794120912
51872,1.0
51873,1.0
51874,0.9362481435231432
51875,1.0
51876,1.0
51877,0.9915097402597401
51878,1.0
51879,1.0
51880,1.0
51881,1.0
51882,1.0
51883,1.0
51884,1.0
51885,0.996900432900433
51886,1.0
51887,1.0
51888,1.0
51889,0.9611538900641845
51890,1.0
51891,0.9971281440781441
51892,1.0
51893,0.9995
51894,1.0
51895,1.0
51896,1.0
51897,1.0
51898,0.9840199210146579
51899,0.9899019369519371
51900,1.0
51901,1.0
51902,1.0
51903,0.7670419575007036
51904,0.9997142857142857
51905,1.0
51906,1.0
51907,1.0
51908,1.0
51909,1.0
51910,0.9965858363858363
51911,1.0
51912,1.0
51913,0.9817142857142858
51914,1.0
51915,1.0
51916,1.0
51917,0.7492174386999312
51918,0.998275
51919,1.0
51920,1.0
51921,0.9935482378732378
51922,0.9927454517704518
51923,0.9995384615384616
51924,0.9977428571428573
51925,0.9978619047619047
51926,1.0
51927,0.8354903588241821
51928,1.0
51929,1.0
51930,0.5971227627205956
51931,1.0
51932,1.0
51933,0.9871932012432013
51934,1.0
51935,0.9699958041958041
51936,0.9751132395382397
51937,1.0
51938,1.0
51939,0.9901578643578645
51940,1.0
51941,1.0
51942,1.0
51943,1.0
51944,1.0
51945,0.9968425390399074
51946,1.0
51947,1.0
51948,0.9996666666666666
51949,0.9969035714285714
51950,1.0
51951,1.0
51952,1.0
51953,0.9970942279942281
51954,1.0
51955,1.0
51956,0.9994642857142858
51957,1.0
51958,0.99975
51959,0.14450251594810426
51960,0.28708901131548187
51961,0.9992666666666666
51962,1.0
51963,1.0
51964,1.0
51965,1.0
51966,0.8746335594144421
51967,1.0
51968,0.5224389878181672
51969,1.0
51970,1.0
51971,0.9996
51972,1.0
51973,0.9984617604617604
51974,1.0
51975,0.9990909090909091
51976,0.9916694805194806
51977,0.9355871731209967
51978,1.0
51979,0.9880786324786323
51980,1.0
51981,0.9903389998889999
51982,0.9073857774578367
51983,0.9989610389610389
51984,0.9992000000000001
51985,1.0
51986,1.0
51987,1.0
51988,0.09768933778639663
51989,0.9624867038190573
51990,1.0
51991,0.9998333333333332
51992,0.9701952658452659
51993,0.9998333333333334
51994,0.9533782921928435
51995,1.0
51996,1.0
51997,1.0
51998,0.992878454878455
51999,0.9522037268287267
52000,1.0
52001,0.9992142857142858
52002,0.9990952380952381
52003,1.0
52004,1.0
52005,0.9384474167645219
52006,1.0
52007,0.9976217194570136
52008,0.9966666666666666
52009,1.0
52010,1.0
52011,0.9979523809523809
52012,0.777535236985237
52013,1.0
52014,0.998561038961039
52015,1.0
52016,0.9655736818736819
52017,1.0
52018,1.0
52019,1.0
52020,0.9940497113997115
52021,0.992743129093129
52022,1.0
52023,1.0
52024,1.0
52025,0.46747939177900805
52026,1.0
52027,0.9942924603174604
52028,0.9994
52029,1.0
52030,1.0
52031,0.9991
52032,0.9992727272727272
52033,0.9055299978745028
52034,0.9948090548340549
52035,1.0
52036,0.8360753300964606
52037,1.0
52038,1.0
52039,1.0
52040,1.0
52041,1.0
52042,0.9973055555555556
52043,0.9401389409524089
52044,0.9456884892884895
52045,1.0
52046,0.3064091489264092
52047,1.0
52048,1.0
52049,0.9810897075147076
52050,1.0
52051,1.0
52052,0.9110077314584282
52053,0.9979440170940171
52054,0.9975392572339941
52055,0.7184253355783266
52056,1.0
52057,1.0
52058,0.996345093795094
52059,1.0
52060,0.9796561680149917
52061,0.9996666666666667
52062,1.0
52063,1.0
52064,1.0
52065,1.0
52066,1.0
52067,1.0
52068,0.9806689504939506
52069,1.0
52070,0.9972150072150072
52071,0.9988878787878788
52072,0.9904909090909091
52073,1.0
52074,1.0
52075,0.9356378454878455
52076,1.0
52077,1.0
52078,1.0
52079,1.0
52080,1.0
52081,1.0
52082,1.0
52083,0.9483994033744032
52084,0.997799062049062
52085,0.605929665870765
52086,1.0
52087,1.0
52088,1.0
52089,1.0
52090,1.0
52091,1.0
52092,1.0
52093,1.0
52094,1.0
52095,0.9994017094017095
52096,0.7887015678765679
52097,0.9993571428571429
52098,0.17102820202673152
52099,1.0
52100,0.9998333333333334
52101,1.0
52102,0.9978823529411764
52103,1.0
52104,0.9944559884559884
52105,0.9987222222222223
52106,0.9981794871794872
52107,0.9770776695526697
52108,0.9991428571428571
52109,0.9992323232323234
52110,1.0
52111,1.0
52112,0.9738917461623343
52113,0.9985420634920635
52114,1.0
52115,1.0
52116,0.9991587301587301
52117,1.0
52118,1.0
52119,1.0
52120,1.0
52121,1.0
52122,0.7331039581333699
52123,1.0
52124,1.0
52125,1.0
52126,0.8606370037370034
52127,0.9590255744255743
52128,0.9979333333333333
52129,0.9972960927960927
52130,0.9983075757575758
52131,1.0
52132,1.0
52133,0.9990166666666667
52134,0.9855961177711177
52135,1.0
52136,0.975441235235353
52137,1.0
52138,1.0
52139,0.9727727840786664
52140,0.9991428571428572
52141,0.9979055555555556
52142,1.0
52143,0.5115514044778751
52144,1.0
52145,1.0
52146,0.9932413919413917
52147,1.0
52148,1.0
52149,0.995867316017316
52150,0.9979831168831168
52151,0.2836404123654125
52152,1.0
52153,1.0
52154,0.3454360500610502
52155,1.0
52156,0.9994285714285714
52157,1.0
52158,1.0
52159,1.0
52160,1.0
52161,1.0
52162,0.9997777777777779
52163,1.0
52164,0.9979256005432476
52165,1.0
52166,1.0
52167,1.0
52168,1.0
52169,1.0
52170,0.9996
52171,1.0
52172,1.0
52173,1.0
52174,1.0
52175,0.9955297313797313
52176,0.9988571428571429
52177,0.6954987196240292
52178,0.9436849661776133
52179,0.9995555555555555
52180,1.0
52181,0.9993333333333334
52182,0.9989090909090909
52183,1.0
52184,0.9931272283272284
52185,1.0
52186,1.0
52187,1.0
52188,0.9856980641907113
52189,0.9983964752567693
52190,0.8156354599648716
52191,1.0
52192,0.9975177045177045
52193,0.9976503663003663
52194,1.0
52195,1.0
52196,1.0
52197,0.44672302927251795
52198,1.0
52199,1.0
52200,1.0
52201,1.0
52202,1.0
52203,1.0
52204,0.9996363636363637
52205,1.0
52206,1.0
52207,1.0
52208,1.0
52209,0.13690319043701396
52210,1.0
52211,1.0
52212,1.0
52213,1.0
52214,1.0
52215,1.0
52216,0.9998181818181818
52217,1.0
52218,1.0
52219,1.0
52220,0.9734561244311244
52221,0.9992461538461538
52222,1.0
52223,0.5596827257709608
52224,1.0
52225,1.0
52226,0.9994848484848485
52227,1.0
52228,0.8243269749857992
52229,0.9892253246753248
52230,0.9943904761904764
52231,1.0
52232,0.22960797265170352
52233,1.0
52234,1.0
52235,0.9988
52236,1.0
52237,1.0
52238,0.9965983872336812
52239,1.0
52240,1.0
52241,1.0
52242,1.0
52243,1.0
52244,1.0
52245,0.9900971916971917
52246,1.0
52247,0.5539951283150972
52248,0.6189094294594296
52249,1.0
52250,1.0
52251,0.9996
52252,0.9639933018916892
52253,0.9620502239590477
52254,0.9834977453918631
52255,0.9987619047619047
52256,1.0
52257,1.0
52258,1.0
52259,1.0
52260,1.0
52261,0.9998461538461538
52262,0.9996
52263,1.0
52264,0.9886286057080172
52265,0.9623166056166055
52266,1.0
52267,0.9996
52268,1.0
52269,0.9841273559773559
52270,0.9993324675324675
52271,1.0
52272,0.8668363275613276
52273,0.9991476190476191
52274,0.9472007242757241
52275,1.0
52276,1.0
52277,0.9993500000000001
52278,1.0
52279,0.6901147219997061
52280,0.9985670329670329
52281,1.0
52282,0.9997999999999999
52283,0.9996666666666666
52284,1.0
52285,0.9996
52286,0.3092578643578644
52287,0.9905632867132868
52288,0.47271006783034675
52289,0.9984380230880231
52290,0.9699332667332667
52291,1.0
52292,1.0
52293,0.3782201954821926
52294,0.9590409840159839
52295,1.0
52296,1.0
52297,1.0
52298,1.0
52299,1.0
52300,0.9996333333333334
52301,1.0
52302,1.0
52303,0.9995384615384616
52304,1.0
52305,0.07852504619563443
52306,1.0
52307,1.0
52308,1.0
52309,1.0
52310,0.9384768864004931
52311,1.0
52312,0.9619405880669041
52313,1.0
52314,0.9878872294372296
52315,0.9940142857142856
52316,0.994754378954379
52317,1.0
52318,0.9743025141525142
52319,0.4751970362970363
52320,1.0
52321,1.0
52322,0.7473916692698421
52323,1.0
52324,0.714037329990271
52325,1.0
52326,1.0
52327,1.0
52328,1.0
52329,0.26610679374804763
52330,0.9991944444444445
52331,0.9900402874902874
52332,1.0
52333,1.0
52334,0.9993333333333333
52335,1.0
52336,1.0
52337,1.0
52338,0.9960277056277057
52339,0.9994285714285714
52340,0.9992698412698413
52341,0.9965955322455322
52342,0.9719786546786545
52343,1.0
52344,0.9997894736842106
52345,0.9940446886446885
52346,0.9989111111111111
52347,0.9970924242424243
52348,1.0
52349,1.0
52350,0.9597870151090743
52351,1.0
52352,0.9852929509688798
52353,1.0
52354,1.0
52355,1.0
52356,1.0
52357,1.0
52358,1.0
52359,0.9984
52360,1.0
52361,1.0
52362,1.0
52363,0.9980606837606839
52364,1.0
52365,0.9997647058823529
52366,1.0
52367,0.9994285714285714
52368,1.0
52369,1.0
52370,1.0
52371,1.0
52372,1.0
52373,1.0
52374,1.0
52375,0.998097619047619
52376,1.0
52377,0.9163916469667244
52378,0.8773023411229289
52379,1.0
52380,1.0
52381,1.0
52382,0.9940965740142209
52383,0.9902366300366299
52384,1.0
52385,0.997843772893773
52386,1.0
52387,0.9974368686868688
52388,1.0
52389,1.0
52390,1.0
52391,0.9976065934065935
52392,1.0
52393,1.0
52394,0.45369948285621414
52395,1.0
52396,0.9991839826839828
52397,1.0
52398,1.0
52399,0.8657302042728516
52400,1.0
52401,0.7452111919126623
52402,0.9982136752136753
52403,0.9778068237318236
52404,1.0
52405,0.9981642857142857
52406,0.99595
52407,1.0
52408,0.9989666666666667
52409,1.0
52410,0.9839326418679359
52411,0.7473666764607941
52412,1.0
52413,1.0
52414,1.0
52415,1.0
52416,1.0
52417,0.9996666666666666
52418,1.0
52419,0.9969909090909091
52420,1.0
52421,1.0
52422,1.0
52423,0.9167226356976353
52424,1.0
52425,1.0
52426,1.0
52427,0.9975289682539683
52428,0.9967865546218486
52429,1.0
52430,0.9478267343767345
52431,1.0
52432,0.9871309523809524
52433,1.0
52434,1.0
52435,0.984450899100899
52436,0.4733615673713968
52437,1.0
52438,1.0
52439,0.9997142857142858
52440,0.9816330536766296
52441,0.9964991341991343
52442,0.9654111853059221
52443,0.5875298223018807
52444,1.0
52445,0.9389227272727273
52446,0.9186031919061332
52447,1.0
52448,0.8434683545212953
52449,1.0
52450,1.0
52451,1.0
52452,0.9535675879675881
52453,0.9408993018419488
52454,0.9995
52455,1.0
52456,1.0
52457,1.0
52458,1.0
52459,0.9828643356643358
52460,0.9994285714285714
52461,1.0
52462,0.9630439171939174
52463,1.0
52464,0.9988351648351649
52465,0.9988181818181817
52466,1.0
52467,1.0
52468,0.9954838217338217
52469,0.9985384615384616
52470,1.0
52471,1.0
52472,1.0
52473,0.9997142857142857
52474,1.0
52475,0.9992571428571428
52476,0.4191507016890915
52477,0.9989285714285715
52478,1.0
52479,0.9857047757797759
52480,0.9949099927849928
52481,1.0
52482,0.9524690719840873
52483,1.0
52484,0.9996
52485,1.0
52486,1.0
52487,0.9812200547818195
52488,1.0
52489,1.0
52490,1.0
52491,0.9979027777777777
52492,1.0
52493,0.9982750000000001
52494,1.0
52495,0.9973428571428573
52496,1.0
52497,1.0
52498,0.9278482871703466
52499,1.0
52500,0.5581780684362522
52501,1.0
52502,1.0
52503,1.0
52504,1.0
52505,0.8851615510478517
52506,1.0
52507,0.9902287712287712
52508,1.0
52509,0.6878168419815482
52510,1.0
52511,0.9894745946863595
52512,1.0
52513,1.0
52514,0.5117654782438065
52515,0.011713547563547566
52516,0.9965225885225886
52517,1.0
52518,1.0
52519,1.0
52520,0.9948813852813853
52521,1.0
52522,1.0
52523,1.0
52524,1.0
52525,0.9941901875901875
52526,1.0
52527,1.0
52528,1.0
52529,1.0
52530,1.0
52531,0.9905489898989901
52532,0.9997999999999999
52533,0.9996
52534,0.9902585858585858
52535,0.9995
52536,0.4247538709656356
52537,1.0
52538,0.9998333333333334
52539,1.0
52540,1.0
52541,0.9914554168054169
52542,0.9969299034299034
52543,1.0
52544,1.0
52545,1.0
52546,1.0
52547,1.0
52548,1.0
52549,1.0
52550,0.8987938706718118
52551,0.9982222222222221
52552,0.994005538905539
52553,0.007541108066340264
52554,1.0
52555,1.0
52556,1.0
52557,1.0
52558,1.0
52559,0.997711111111111
52560,1.0
52561,0.9708370784444313
52562,1.0
52563,1.0
52564,1.0
52565,1.0
52566,1.0
52567,0.9997999999999999
52568,0.9176592835269306
52569,0.9980777777777777
52570,0.99975
52571,0.9812621909136614
52572,0.8834440711249536
52573,0.5614618658860917
52574,1.0
52575,1.0
52576,1.0
52577,1.0
52578,1.0
52579,0.9965858363858363
52580,1.0
52581,0.8594782638929702
52582,1.0
52583,0.9671395410145409
52584,0.99975
52585,1.0
52586,1.0
52587,1.0
52588,0.992308707958708
52589,1.0
52590,1.0
52591,1.0
52592,1.0
52593,0.994182251082251
52594,1.0
52595,1.0
52596,0.9565974404680289
52597,1.0
52598,0.7349384719082085
52599,0.8435723451814785
52600,1.0
52601,1.0
52602,1.0
52603,1.0
52604,0.997525
52605,0.99975
52606,1.0
52607,0.9414587301587302
52608,1.0
52609,1.0
52610,0.9843275391275389
52611,0.9963826395826395
52612,0.9994363636363636
52613,1.0
52614,0.9996
52615,1.0
52616,0.8388471871265986
52617,0.321914173932363
52618,0.961185008129126
52619,0.9997142857142858
52620,0.9840663326869209
52621,0.9997999999999999
52622,1.0
52623,1.0
52624,1.0
52625,1.0
52626,1.0
52627,0.9997999999999999
52628,1.0
52629,1.0
52630,1.0
52631,0.9887186646686646
52632,0.9994285714285714
52633,0.676039391980569
52634,1.0
52635,1.0
52636,0.9491610389610389
52637,1.0
52638,1.0
52639,1.0
52640,0.9987777777777779
52641,1.0
52642,1.0
52643,0.9937611971361973
52644,0.9996447368421052
52645,0.9998666666666667
52646,1.0
52647,1.0
52648,0.9413838744588743
52649,1.0
52650,1.0
52651,0.9996666666666667
52652,0.9566587308116721
52653,1.0
52654,1.0
52655,0.9351341958694902
52656,1.0
52657,1.0
52658,1.0
52659,0.9997142857142858
52660,0.9488051685242863
52661,1.0
52662,0.13261332409420648
52663,1.0
52664,1.0
52665,0.9991428571428571
52666,1.0
52667,1.0
52668,1.0
52669,1.0
52670,1.0
52671,1.0
52672,0.9945252100840335
52673,0.9915786102786103
52674,1.0
52675,1.0
52676,1.0
52677,1.0
52678,1.0
52679,0.6946457421663305
52680,1.0
52681,0.8140462382388859
52682,1.0
52683,1.0
52684,0.9994642857142858
52685,1.0
52686,1.0
52687,1.0
52688,0.7313371376473544
52689,1.0
52690,1.0
52691,0.7741396431999374
52692,0.9823473914973915
52693,1.0
52694,1.0
52695,0.14607524072934297
52696,1.0
52697,0.9983203463203463
52698,1.0
52699,1.0
52700,0.9503087210175445
52701,0.9992727272727272
52702,0.999
52703,1.0
52704,0.9972136335886336
52705,1.0
52706,1.0
52707,0.9982071428571428
52708,1.0
52709,0.8966069556260736
52710,1.0
52711,1.0
52712,1.0
52713,1.0
52714,0.9110951652922238
52715,0.9580975455578904
52716,1.0
52717,0.9989642857142857
52718,1.0
52719,1.0
52720,1.0
52721,0.9994545454545455
52722,1.0
52723,0.9979143356643356
52724,1.0
52725,1.0
52726,0.9997999999999999
52727,0.7663388542915628
52728,0.812281999046705
52729,1.0
52730,0.9896482683982684
52731,1.0
52732,0.9998333333333332
52733,0.5426503145203603
52734,0.9995959595959596
52735,0.9966965700965702
52736,1.0
52737,0.9573931929181928
52738,0.9989230769230769
52739,1.0
52740,1.0
52741,0.9960119047619048
52742,0.9996
52743,1.0
52744,1.0
52745,0.9937293650793652
52746,0.9994920634920635
52747,1.0
52748,1.0
52749,1.0
52750,0.99905
52751,0.7468395460748405
52752,1.0
52753,0.49114337135173036
52754,1.0
52755,1.0
52756,0.10961071706071705
52757,1.0
52758,0.6851756147790977
52759,0.9959626984126984
52760,1.0
52761,0.9741754856254856
52762,1.0
52763,1.0
52764,0.9586576072620193
52765,1.0
52766,0.9958481028775147
52767,1.0
52768,1.0
52769,1.0
52770,1.0
52771,0.9954698412698413
52772,1.0
52773,0.9985285714285712
52774,1.0
52775,0.9717741464417935
52776,0.9944056998556999
52777,0.4371740293590138
52778,0.9893189532689534
52779,0.22704499944499942
52780,1.0
52781,1.0
52782,0.9978055555555555
52783,1.0
52784,1.0
52785,0.9993846153846153
52786,0.9984920634920635
52787,0.04203067488067485
52788,1.0
52789,0.9992727272727272
52790,1.0
52791,0.9453988312341257
52792,0.9921528776778775
52793,0.999297619047619
52794,0.6815630632439458
52795,1.0
52796,1.0
52797,1.0
52798,0.9903091269841269
52799,1.0
52800,1.0
52801,1.0
52802,1.0
52803,0.9962483682983683
52804,1.0
52805,0.61039795761514
52806,0.892748307248307
52807,1.0
52808,0.9995
52809,0.36543424614601083
52810,1.0
52811,1.0
52812,0.99875
52813,1.0
52814,0.9849047397047398
52815,1.0
52816,1.0
52817,1.0
52818,1.0
52819,0.9997999999999999
52820,0.9983333333333334
52821,0.9996
52822,1.0
52823,0.9986333333333334
52824,0.9651603390761285
52825,1.0
52826,1.0
52827,1.0
52828,0.07898535353535353
52829,0.99975
52830,0.9962217532467533
52831,1.0
52832,1.0
52833,0.9998461538461538
52834,0.9891724442224443
52835,0.7187094739367961
52836,0.9710869153722095
52837,0.5939143549347105
52838,0.9992824675324675
52839,1.0
52840,0.9973075757575756
52841,1.0
52842,1.0
52843,1.0
52844,1.0
52845,0.9995555555555555
52846,0.9120418863472272
52847,0.9948245088245087
52848,1.0
52849,1.0
52850,0.24129557044262914
52851,0.9996363636363637
52852,1.0
52853,0.85560178763445
52854,1.0
52855,1.0
52856,1.0
52857,0.9996666666666666
52858,1.0
52859,1.0
52860,1.0
52861,1.0
52862,1.0
52863,0.9926777523130466
52864,0.9475801998998593
52865,1.0
52866,0.9993333333333334
52867,0.9241417542983336
52868,0.9150554733278419
52869,0.9989111111111111
52870,1.0
52871,1.0
52872,0.9994285714285714
52873,1.0
52874,0.9983030303030304
52875,0.9996666666666666
52876,1.0
52877,0.9939220779220779
52878,0.9422366300366303
52879,1.0
52880,0.9981
52881,0.9962367521367522
52882,0.9978333333333333
52883,1.0
52884,0.9977506493506494
52885,0.9935797813297814
52886,1.0
52887,1.0
52888,0.9990181818181819
52889,0.997804884004884
52890,1.0
52891,0.9671192846369316
52892,1.0
52893,1.0
52894,1.0
52895,0.99002442002442
52896,1.0
52897,1.0
52898,1.0
52899,0.9955722689075629
52900,1.0
52901,1.0
52902,1.0
52903,1.0
52904,0.9934868967633673
52905,1.0
52906,1.0
52907,0.9992666666666666
52908,1.0
52909,0.6489189417479662
52910,0.9995142857142856
52911,0.9826052641802644
52912,0.9958698412698412
52913,1.0
52914,1.0
52915,0.97749807969808
52916,0.07319471166088816
52917,1.0
52918,1.0
52919,0.9942063492063493
52920,0.9984273504273504
52921,1.0
52922,0.9985
52923,0.9729610223110223
52924,1.0
52925,0.999
52926,0.35879982978314534
52927,1.0
52928,1.0
52929,1.0
52930,1.0
52931,1.0
52932,0.9997142857142858
52933,1.0
52934,1.0
52935,1.0
52936,0.9990555555555556
52937,1.0
52938,1.0
52939,1.0
52940,0.2707899948262951
52941,0.9904416194916194
52942,1.0
52943,1.0
52944,1.0
52945,0.9191805713893944
52946,0.999
52947,0.8101055331922977
52948,1.0
52949,0.9619570540570539
52950,1.0
52951,0.9925854978354978
52952,0.04048142021377315
52953,1.0
52954,0.9787330577918812
52955,0.8406740364125045
52956,0.8474996274966862
52957,1.0
52958,1.0
52959,1.0
52960,1.0
52961,1.0
52962,1.0
52963,1.0
52964,0.9988030303030304
52965,1.0
52966,0.999875
52967,0.9934266403187454
52968,0.9927911255411255
52969,1.0
52970,0.9933717227217228
52971,1.0
52972,0.9998333333333334
52973,0.17496587921882045
52974,0.9986495726495728
52975,1.0
52976,1.0
52977,0.998482905982906
52978,0.0626881153160565
52979,0.9989285714285713
52980,1.0
52981,0.9234456515706513
52982,1.0
52983,0.9668112335377039
52984,0.9982727272727272
52985,1.0
52986,0.9572511224499615
52987,1.0
52988,0.7987379301984566
52989,0.9675921798016225
52990,0.9996666666666666
52991,1.0
52992,0.9987214285714286
52993,0.9996842105263158
52994,0.9990476190476191
52995,1.0
52996,0.49058707060912976
52997,1.0
52998,0.7258722402210794
52999,1.0
53000,0.9961292707292706
53001,0.9963400432900431
53002,1.0
53003,1.0
53004,0.971798912198912
53005,1.0
53006,0.6999542015546664
53007,0.9988095238095237
53008,0.9995128205128204
53009,1.0
53010,1.0
53011,0.9993333333333334
53012,1.0
53013,1.0
53014,1.0
53015,1.0
53016,1.0
53017,1.0
53018,0.9987619047619047
53019,1.0
53020,1.0
53021,1.0
53022,1.0
53023,1.0
53024,1.0
53025,1.0
53026,0.9981409090909092
53027,0.9965491841491841
53028,0.9982920634920636
53029,1.0
53030,1.0
53031,1.0
53032,1.0
53033,1.0
53034,1.0
53035,0.5886843889340788
53036,0.9978928571428571
53037,0.9963
53038,1.0
53039,0.9662500036083624
53040,1.0
53041,1.0
53042,1.0
53043,0.9318080924407551
53044,0.9946210012210012
53045,1.0
53046,1.0
53047,1.0
53048,0.8006395917120369
53049,0.9847133089133092
53050,0.9674107670107669
53051,0.9979964285714286
53052,0.9936802364302364
53053,1.0
53054,0.9994
53055,0.714708328771332
53056,0.6996973179297485
53057,0.17146612097053276
53058,0.5289697541794287
53059,0.9751362082362082
53060,0.6883515638730039
53061,1.0
53062,1.0
53063,1.0
53064,1.0
53065,1.0
53066,1.0
53067,0.4073072060979958
53068,1.0
53069,1.0
53070,0.9993333333333334
53071,1.0
53072,1.0
53073,0.9816126262626261
53074,1.0
53075,1.0
53076,1.0
53077,1.0
53078,1.0
53079,0.9368961319382374
53080,0.6547864198580918
53081,0.9945767794297206
53082,0.9982051282051282
53083,1.0
53084,0.9985864357864357
53085,1.0
53086,0.99915
53087,0.9986666666666666
53088,0.9984031746031744
53089,0.44779595339301204
53090,1.0
53091,0.99975
53092,1.0
53093,1.0
53094,0.9996363636363637
53095,0.9989166666666667
53096,0.994574337916985
53097,1.0
53098,0.9948426406926406
53099,1.0
53100,1.0
53101,1.0
53102,1.0
53103,0.9992051282051282
53104,0.935954580026097
53105,0.9900542513042513
53106,0.9238718952616012
53107,0.9977051282051282
53108,1.0
53109,0.9996
53110,1.0
53111,1.0
53112,0.9722046214019898
53113,0.9997142857142858
53114,0.9995499999999999
53115,0.9991428571428571
53116,0.1881256934585882
53117,1.0
53118,0.9976950854700855
53119,1.0
53120,1.0
53121,1.0
53122,1.0
53123,0.9988294871794872
53124,1.0
53125,0.9913973803973807
53126,0.8274790878969674
53127,0.5488449572787033
53128,1.0
53129,1.0
53130,1.0
53131,1.0
53132,0.9951315934065934
53133,1.0
53134,0.9958317460317461
53135,1.0
53136,0.9975555555555555
53137,1.0
53138,0.9993333333333334
53139,1.0
53140,0.9981269841269842
53141,1.0
53142,1.0
53143,1.0
53144,0.7501472065516176
53145,1.0
53146,1.0
53147,1.0
53148,1.0
53149,1.0
53150,1.0
53151,1.0
53152,0.9951155844155845
53153,0.9946071428571428
53154,0.9997777777777779
53155,0.7933105200355199
53156,0.9995384615384616
53157,0.9991666666666666
53158,1.0
53159,0.9997142857142858
53160,1.0
53161,1.0
53162,1.0
53163,1.0
53164,0.9443625831684658
53165,0.9578283577533577
53166,1.0
53167,0.9222868726045197
53168,1.0
53169,0.9753286955734326
53170,1.0
53171,0.8932422060395744
53172,0.9997142857142858
53173,0.9988181818181818
53174,0.9997142857142858
53175,1.0
53176,1.0
53177,1.0
53178,0.5782931744210387
53179,0.9626556050158992
53180,1.0
53181,0.9992000000000001
53182,0.998672268907563
53183,1.0
53184,1.0
53185,0.9953455564043798
53186,1.0
53187,1.0
53188,0.8233799127524492
53189,0.998082264957265
53190,1.0
53191,0.9977641025641026
53192,1.0
53193,0.9997777777777779
53194,0.9782373404373401
53195,0.783862320136004
53196,0.9998333333333334
53197,1.0
53198,0.962895420025451
53199,1.0
53200,0.9998333333333334
53201,1.0
53202,1.0
53203,0.9911727272727272
53204,0.9997777777777779
53205,1.0
53206,0.8794446990917585
53207,0.9963841269841269
53208,1.0
53209,0.9832607808857811
53210,1.0
53211,1.0
53212,0.9995499999999999
53213,0.9659804889554892
53214,0.9849522366522367
53215,1.0
53216,0.7064288639980594
53217,1.0
53218,1.0
53219,1.0
53220,0.9946166666666666
53221,0.997661038961039
53222,1.0
53223,1.0
53224,1.0
53225,1.0
53226,1.0
53227,1.0
53228,0.9658208957708957
53229,0.9807174067762305
53230,1.0
53231,1.0
53232,1.0
53233,1.0
53234,1.0
53235,0.9997777777777779
53236,0.9968324675324676
53237,0.14207677812383707
53238,1.0
53239,1.0
53240,0.997995238095238
53241,1.0
53242,1.0
53243,0.99925
53244,0.9831378121878119
53245,0.9868947718947718
53246,1.0
53247,1.0
53248,0.6233407472300663
53249,0.9596357242430769
53250,0.9947344488844487
53251,0.9995
53252,0.8183676224102694
53253,0.9870522727272726
53254,1.0
53255,1.0
53256,1.0
53257,0.9288778707882157
53258,1.0
53259,1.0
53260,0.9996666666666666
53261,0.9994444444444445
53262,0.9930544344544344
53263,0.9987777777777779
53264,1.0
53265,0.9851969169719167
53266,1.0
53267,1.0
53268,0.9957323953823953
53269,1.0
53270,1.0
53271,0.9847545454545452
53272,0.9993461538461538
53273,0.8787664418914423
53274,0.9607915861915859
53275,1.0
53276,0.9886757409257412
53277,0.9965555555555556
53278,0.9569276133996722
53279,1.0
53280,1.0
53281,1.0
53282,1.0
53283,1.0
53284,1.0
53285,0.9990476190476191
53286,0.9994181818181819
53287,1.0
53288,1.0
53289,0.7731095278904101
53290,0.998071794871795
53291,1.0
53292,0.999125
53293,1.0
53294,1.0
53295,0.9916515873015874
53296,0.9972939393939395
53297,0.9565585634953279
53298,1.0
53299,1.0
53300,1.0
53301,1.0
53302,0.15855612573700817
53303,1.0
53304,0.8629302597729072
53305,0.9981760461760463
53306,1.0
53307,1.0
53308,0.9926058608058609
53309,0.9972261904761904
53310,0.4236967225584872
53311,1.0
53312,1.0
53313,1.0
53314,1.0
53315,0.99975
53316,0.999325396825397
53317,1.0
53318,1.0
53319,0.9942326330532213
53320,1.0
53321,0.9187778571102102
53322,1.0
53323,1.0
53324,1.0
53325,0.9996666666666667
53326,0.9554510128760131
53327,0.9744534881784882
53328,0.9888012876012875
53329,1.0
53330,0.984602997002997
53331,1.0
53332,1.0
53333,0.349263217295261
53334,1.0
53335,1.0
53336,1.0
53337,0.9990681818181819
53338,1.0
53339,1.0
53340,1.0
53341,0.9986428571428572
53342,0.9112151591098965
53343,1.0
53344,1.0
53345,0.972767982017982
53346,1.0
53347,1.0
53348,0.9904783827283828
53349,1.0
53350,0.9995384615384616
53351,1.0
53352,1.0
53353,1.0
53354,1.0
53355,1.0
53356,0.6922500486441664
53357,1.0
53358,0.9979619047619047
53359,1.0
53360,1.0
53361,0.9996363636363637
53362,0.9993555555555556
53363,1.0
53364,1.0
53365,0.9850715942554179
53366,1.0
53367,0.730076785469432
53368,1.0
53369,0.9990681818181819
53370,1.0
53371,0.996688888888889
53372,0.94586105102328
53373,1.0
53374,0.9449050782550783
53375,1.0
53376,0.9664108280608281
53377,0.5556012118170786
53378,1.0
53379,0.9946571123321123
53380,1.0
53381,1.0
53382,1.0
53383,1.0
53384,0.9984715284715284
53385,0.981644397922339
53386,0.9930137085137086
53387,1.0
53388,1.0
53389,1.0
53390,1.0
53391,1.0
53392,1.0
53393,1.0
53394,0.8886611058875767
53395,1.0
53396,0.9984065934065934
53397,1.0
53398,0.5668411105578286
53399,0.9894518093018093
53400,0.9607049010930593
53401,1.0
53402,1.0
53403,1.0
53404,1.0
53405,1.0
53406,1.0
53407,0.9908035650623884
53408,1.0
53409,0.9756011932511935
53410,0.9845136141636142
53411,1.0
53412,0.9964141192141192
53413,1.0
53414,1.0
53415,0.9989
53416,1.0
53417,1.0
53418,1.0
53419,0.9687069789687438
53420,1.0
53421,1.0
53422,1.0
53423,1.0
53424,1.0
53425,0.9779395576645576
53426,0.961224719561484
53427,0.9754636863136861
53428,0.9973876531964768
53429,1.0
53430,0.9656126471567651
53431,1.0
53432,1.0
53433,0.9980051282051281
53434,0.992382905982906
53435,1.0
53436,1.0
53437,1.0
53438,0.8225600632606953
53439,1.0
53440,1.0
53441,1.0
53442,0.9975232600732601
53443,0.9191350078284287
53444,1.0
53445,0.991119887955182
53446,1.0
53447,1.0
53448,1.0
53449,0.9988888888888888
53450,1.0
53451,0.9248249768205653
53452,1.0
53453,1.0
53454,0.956236589055939
53455,0.9967027167277168
53456,0.9992051282051282
53457,1.0
53458,0.992627453102453
53459,0.8144821247380073
53460,0.9873277111777112
53461,1.0
53462,1.0
53463,0.9993809523809524
53464,1.0
53465,1.0
53466,1.0
53467,1.0
53468,0.9995555555555555
53469,1.0
53470,1.0
53471,0.9989285714285715
53472,0.26528190714514244
53473,0.9938119047619048
53474,1.0
53475,0.9989681818181818
53476,1.0
53477,1.0
53478,1.0
53479,0.9985753968253968
53480,1.0
53481,1.0
53482,0.989806438332909
53483,1.0
53484,1.0
53485,1.0
53486,0.980769308632544
53487,1.0
53488,1.0
53489,0.9975794117647059
53490,1.0
53491,1.0
53492,1.0
53493,1.0
53494,0.9891892096207889
53495,1.0
53496,0.9996333333333334
53497,0.9068373582300049
53498,1.0
53499,0.9989769119769121
53500,1.0
53501,0.9987606837606837
53502,1.0
53503,1.0
53504,0.9989563492063491
53505,1.0
53506,0.9956319264069265
53507,0.9700538822288821
53508,0.9802111832611833
53509,0.9964809523809526
53510,1.0
53511,0.9985384615384616
53512,1.0
53513,0.9690742819272232
53514,1.0
53515,1.0
53516,0.8755695714416305
53517,0.9134888639138641
53518,1.0
53519,1.0
53520,0.9494241591741591
53521,1.0
53522,1.0
53523,1.0
53524,1.0
53525,0.9995555555555555
53526,0.8667205515073165
53527,0.998446153846154
53528,0.8546486304545131
53529,1.0
53530,1.0
53531,0.9995
53532,1.0
53533,0.9998571428571429
53534,0.9997777777777779
53535,0.9996666666666667
53536,0.9964645354645356
53537,0.9983737373737372
53538,0.9128521395271394
53539,1.0
53540,0.9412121121568489
53541,0.9803554445554445
53542,0.9854592851592853
53543,1.0
53544,0.9846034207622443
53545,1.0
53546,0.9988888888888889
53547,1.0
53548,0.99925
53549,0.9994285714285714
53550,1.0
53551,0.797268676275565
53552,0.3629037392947607
53553,0.9996
53554,0.9980317460317459
53555,1.0
53556,0.9873746704276115
53557,1.0
53558,1.0
53559,0.6058378966406829
53560,0.9689296742473215
53561,1.0
53562,0.9996461538461539
53563,0.995103785103785
53564,1.0
53565,1.0
53566,1.0
53567,0.9987111111111111
53568,0.9827405527221318
53569,1.0
53570,1.0
53571,1.0
53572,1.0
53573,1.0
53574,0.9997142857142858
53575,1.0
53576,0.9607609544050718
53577,0.7718396041608886
53578,0.8951744072920541
53579,1.0
53580,1.0
53581,0.9789112635730283
53582,1.0
53583,0.9622036815265916
53584,0.9979761904761905
53585,1.0
53586,0.9843790931290932
53587,1.0
53588,0.9260314631876552
53589,1.0
53590,0.9992571428571428
53591,1.0
53592,1.0
53593,0.9502980302119621
53594,1.0
53595,0.99895
53596,1.0
53597,0.9598263886440358
53598,0.9997142857142857
53599,0.9978823529411764
53600,0.7239763956631604
53601,0.3249396825396826
53602,1.0
53603,1.0
53604,0.9981666666666666
53605,0.9994166666666666
53606,1.0
53607,1.0
53608,0.9926114026152727
53609,0.8747232101661667
53610,1.0
53611,1.0
53612,1.0
53613,1.0
53614,1.0
53615,1.0
53616,1.0
53617,0.9988162393162394
53618,1.0
53619,1.0
53620,0.9977142857142857
53621,1.0
53622,1.0
53623,1.0
53624,1.0
53625,1.0
53626,1.0
53627,1.0
53628,0.9994444444444445
53629,1.0
53630,0.9970484126984128
53631,1.0
53632,1.0
53633,0.29701341485312094
53634,1.0
53635,0.9975649267399267
53636,1.0
53637,0.9984785714285714
53638,0.9990909090909091
53639,0.7152911184446791
53640,0.29689042959964007
53641,1.0
53642,0.9997142857142857
53643,0.99975
53644,0.6652558794576598
53645,0.968569682656525
53646,1.0
53647,1.0
53648,1.0
53649,0.9972706349206348
53650,0.9997142857142857
53651,1.0
53652,1.0
53653,0.9359280897207368
53654,1.0
53655,0.909948013098013
53656,1.0
53657,1.0
53658,1.0
53659,1.0
53660,0.9860096431346436
53661,0.9740285325785325
53662,0.9996923076923077
53663,0.991217365967366
53664,1.0
53665,1.0
53666,0.9621013326542738
53667,0.9952244366744367
53668,1.0
53669,0.9909265512265513
53670,0.9981999999999999
53671,1.0
53672,0.9937611971361973
53673,0.9997142857142858
53674,0.8162173805125039
53675,1.0
53676,1.0
53677,1.0
53678,0.9996181818181819
53679,1.0
53680,1.0
53681,1.0
53682,0.9187658707305765
53683,1.0
53684,0.9993333333333334
53685,0.39930601587095405
53686,1.0
53687,0.9499197691197693
53688,1.0
53689,1.0
53690,0.4259784042239153
53691,0.9965984848484848
53692,1.0
53693,0.9979333333333332
53694,1.0
53695,1.0
53696,1.0
53697,1.0
53698,0.3985275161113397
53699,0.9996666666666667
53700,1.0
53701,1.0
53702,0.9988907563025209
53703,0.6660980638642403
53704,0.9992626262626262
53705,0.7100259918558679
53706,1.0
53707,1.0
53708,1.0
53709,1.0
53710,0.9985571428571429
53711,0.9787206558147736
53712,1.0
53713,0.9996666666666667
53714,0.9736477878330818
53715,1.0
53716,0.9167675798058152
53717,0.9996666666666666
53718,0.9993809523809524
53719,0.9989333333333332
53720,1.0
53721,1.0
53722,0.7702967078672959
53723,0.9995555555555555
53724,1.0
53725,1.0
53726,0.9903641913641914
53727,0.9993589743589744
53728,1.0
53729,1.0
53730,0.7919570588767951
53731,0.9995555555555555
53732,1.0
53733,0.9602487602267011
53734,1.0
53735,1.0
53736,0.9987623931623932
53737,1.0
53738,1.0
53739,1.0
53740,1.0
53741,1.0
53742,0.9997999999999999
53743,0.9703604229104228
53744,0.9963003663003663
53745,1.0
53746,0.9171136616307674
53747,0.9995555555555555
53748,0.9729739815739816
53749,1.0
53750,0.8573722150828188
53751,0.9976244588744588
53752,1.0
53753,1.0
53754,0.9991428571428571
53755,1.0
53756,1.0
53757,1.0
53758,1.0
53759,0.9994285714285714
53760,0.999
53761,1.0
53762,0.9823622655122656
53763,0.9997142857142858
53764,0.9833521645021646
53765,0.9978104395604395
53766,1.0
53767,0.9807287934287932
53768,1.0
53769,1.0
53770,1.0
53771,1.0
53772,0.9942734765234764
53773,0.9950281024531025
53774,1.0
53775,1.0
53776,0.9996
53777,0.9894232434232434
53778,0.9997999999999999
53779,1.0
53780,1.0
53781,0.632291369638273
53782,1.0
53783,1.0
53784,0.9949777777777778
53785,0.9588875985125985
53786,1.0
53787,1.0
53788,0.9962337662337662
53789,0.9892245337995339
53790,0.9827320068820069
53791,0.9785405261405261
53792,1.0
53793,1.0
53794,1.0
53795,1.0
53796,0.9929704323454323
53797,1.0
53798,1.0
53799,0.9994285714285714
53800,0.9771968420468421
53801,0.9809170404758638
53802,0.9988717948717949
53803,0.9875636724386724
53804,1.0
53805,0.9991666666666666
53806,1.0
53807,0.999017316017316
53808,0.9969964285714287
53809,1.0
53810,1.0
53811,1.0
53812,0.999375
53813,1.0
53814,0.9994285714285714
53815,1.0
53816,0.9539851988740534
53817,1.0
53818,1.0
53819,1.0
53820,0.9993333333333333
53821,1.0
53822,0.9896374236874237
53823,1.0
53824,1.0
53825,1.0
53826,1.0
53827,1.0
53828,0.8575128348775405
53829,0.5749639599306782
53830,1.0
53831,0.9984217194570136
53832,1.0
53833,0.9129933515486923
53834,1.0
53835,1.0
53836,1.0
53837,0.7125196407136037
53838,1.0
53839,1.0
53840,0.9991045751633987
53841,0.7939703637349926
53842,0.9994285714285714
53843,1.0
53844,1.0
53845,0.6781489184562711
53846,0.9808866411366413
53847,0.9993966386554621
53848,1.0
53849,1.0
53850,0.9991428571428571
53851,0.9951871184371184
53852,0.8731797588032881
53853,1.0
53854,1.0
53855,0.5208344851055374
53856,0.994413000888001
53857,0.9991324675324675
53858,0.7446009278732963
53859,0.9976158730158731
53860,0.9848076746782628
53861,1.0
53862,0.7485209790209789
53863,0.997845288045288
53864,0.8400946573176755
53865,1.0
53866,1.0
53867,0.9988666666666666
53868,1.0
53869,0.3383043345543346
53870,1.0
53871,1.0
53872,0.9947343406593407
53873,1.0
53874,1.0
53875,0.9006425032140206
53876,0.9951626984126984
53877,0.9873481129981131
53878,1.0
53879,0.9995384615384616
53880,1.0
53881,0.6906775485092821
53882,1.0
53883,1.0
53884,0.999125
53885,1.0
53886,1.0
53887,1.0
53888,1.0
53889,1.0
53890,1.0
53891,1.0
53892,1.0
53893,0.9429168011898662
53894,1.0
53895,0.958777030485854
53896,1.0
53897,1.0
53898,1.0
53899,0.97013325008325
53900,0.9648985965874511
53901,0.7874654262404261
53902,0.9841745143745144
53903,0.9583708041958041
53904,1.0
53905,1.0
53906,0.9290470140970137
53907,1.0
53908,0.9993181818181819
53909,1.0
53910,1.0
53911,0.997942857142857
53912,0.9979108946608948
53913,0.9976555555555555
53914,0.9997777777777779
53915,1.0
53916,1.0
53917,1.0
53918,0.9962969974469975
53919,1.0
53920,0.9369675379488073
53921,0.9994285714285714
53922,1.0
53923,0.9936899267399267
53924,1.0
53925,1.0
53926,0.9980317460317459
53927,0.9943743379169849
53928,0.9848005411255409
53929,1.0
53930,1.0
53931,1.0
53932,1.0
53933,0.9813543484293488
53934,0.9997142857142857
53935,0.9996666666666666
53936,0.9943209595959596
53937,1.0
53938,1.0
53939,0.9998823529411764
53940,1.0
53941,1.0
53942,0.9926182539682541
53943,0.23362876975965222
53944,0.9994444444444446
53945,1.0
53946,1.0
53947,1.0
53948,0.30776214896214893
53949,1.0
53950,0.9979470695970696
53951,0.9983131868131868
53952,0.9852611444111443
53953,0.9883900850611377
53954,0.46120169290966273
53955,1.0
53956,0.976015987443929
53957,0.1889796140134375
53958,0.9738264985014987
53959,0.9970850331041508
53960,0.9934343434343434
53961,1.0
53962,0.606880965302327
53963,0.9995128205128205
53964,1.0
53965,1.0
53966,1.0
53967,0.5355300939256813
53968,1.0
53969,1.0
53970,0.9993604395604395
53971,1.0
53972,1.0
53973,1.0
53974,0.940157731157731
53975,1.0
53976,0.9459133330721569
53977,1.0
53978,1.0
53979,0.9926183430948138
53980,1.0
53981,1.0
53982,1.0
53983,0.9981333333333332
53984,0.9989230769230769
53985,1.0
53986,0.9829922854922856
53987,1.0
53988,1.0
53989,0.896284782468993
53990,1.0
53991,0.9997142857142858
53992,0.9996666666666666
53993,1.0
53994,0.9807286047286047
53995,0.9978516842634491
53996,1.0
53997,1.0
53998,0.9882432234432235
53999,0.9961892551892553
54000,0.7193106934603063
54001,0.99975
54002,1.0
54003,1.0
54004,1.0
54005,1.0
54006,1.0
54007,1.0
54008,0.4981916111666113
54009,0.9996363636363637
54010,0.28321823474942703
54011,1.0
54012,1.0
54013,1.0
54014,0.7476598570418234
54015,0.9996666666666666
54016,0.9986119047619048
54017,1.0
54018,0.9954219780219782
54019,1.0
54020,0.9586688750791695
54021,0.9725149606929018
54022,1.0
54023,1.0
54024,0.9953158008658008
54025,0.9564589632675546
54026,1.0
54027,0.9994
54028,0.9709097373215023
54029,0.9770304528804528
54030,0.9846398434898436
54031,1.0
54032,1.0
54033,1.0
54034,1.0
54035,1.0
54036,0.993624111999112
54037,1.0
54038,0.8442498527616172
54039,1.0
54040,1.0
54041,0.9348576843091553
54042,1.0
54043,0.9966864230540701
54044,1.0
54045,1.0
54046,0.8159609096184173
54047,0.985677766677767
54048,1.0
54049,0.7517741835830971
54050,1.0
54051,1.0
54052,1.0
54053,1.0
54054,0.6061980466729701
54055,1.0
54056,0.9989642857142856
54057,0.9998333333333334
54058,1.0
54059,0.9984920634920635
54060,1.0
54061,1.0
54062,1.0
54063,0.9599884835752485
54064,0.9984404761904763
54065,0.9994166666666666
54066,1.0
54067,0.6762407724628315
54068,0.9756393877364467
54069,1.0
54070,0.99975
54071,0.8582293141499019
54072,0.9996666666666666
54073,0.4343533690166045
54074,1.0
54075,0.9986515151515152
54076,1.0
54077,0.9997142857142857
54078,0.9627723609723609
54079,1.0
54080,1.0
54081,0.8478866856999207
54082,1.0
54083,0.9985606837606836
54084,1.0
54085,1.0
54086,1.0
54087,1.0
54088,0.9963138528138528
54089,0.9985353535353536
54090,0.999095238095238
54091,0.9996
54092,0.7649743370148944
54093,0.950252208171945
54094,1.0
54095,1.0
54096,0.9673523336140982
54097,0.9970404040404041
54098,1.0
54099,1.0
54100,0.9988928571428571
54101,1.0
54102,1.0
54103,0.9927076978576977
54104,1.0
54105,0.9971751803751804
54106,0.9136374450712684
54107,1.0
54108,1.0
54109,1.0
54110,0.9845800314065021
54111,0.999875
54112,0.9986715506715507
54113,0.8584764714044129
54114,1.0
54115,0.9996
54116,1.0
54117,0.9980530303030304
54118,0.6629017891035696
54119,1.0
54120,0.9957893217893218
54121,1.0
54122,1.0
54123,1.0
54124,1.0
54125,1.0
54126,0.9970190476190476
54127,0.9965460372960372
54128,0.9984273504273504
54129,1.0
54130,0.9997999999999999
54131,1.0
54132,1.0
54133,1.0
54134,0.8045654485521362
54135,1.0
54136,1.0
54137,1.0
54138,0.9504685508935511
54139,1.0
54140,1.0
54141,0.9898456482715771
54142,0.9882310522810523
54143,1.0
54144,0.9992217194570135
54145,0.9997777777777779
54146,0.9832956181073826
54147,0.9995
54148,1.0
54149,1.0
54150,0.5616503402771978
54151,0.9984467532467534
54152,0.9996
54153,0.4241454900019142
54154,0.9996666666666666
54155,1.0
54156,1.0
54157,0.9962857808857808
54158,1.0
54159,0.99925
54160,1.0
54161,0.9954473748473749
54162,0.9945156177156178
54163,0.9996666666666666
54164,0.9997999999999999
54165,1.0
54166,1.0
54167,1.0
54168,1.0
54169,0.9987606837606837
54170,1.0
54171,1.0
54172,0.9900151720828192
54173,1.0
54174,0.9997142857142858
54175,1.0
54176,1.0
54177,1.0
54178,0.9995384615384616
54179,1.0
54180,1.0
54181,0.9758325119325119
54182,1.0
54183,1.0
54184,0.9601839546418495
54185,0.9997142857142858
54186,1.0
54187,0.9955039682539681
54188,1.0
54189,0.9965833333333333
54190,1.0
54191,0.9996666666666666
54192,1.0
54193,1.0
54194,1.0
54195,0.789548317850021
54196,0.9927049062049063
54197,1.0
54198,1.0
54199,0.9969545454545455
54200,1.0
54201,0.9590255744255743
54202,1.0
54203,0.9994444444444445
54204,0.9945767794297206
54205,0.9959166666666668
54206,0.9960828643578645
54207,0.9833066211566212
54208,1.0
54209,1.0
54210,1.0
54211,0.3263777777777777
54212,1.0
54213,0.9691639083139081
54214,1.0
54215,1.0
54216,0.9829796148296147
54217,1.0
54218,0.9666187201687206
54219,0.9986785714285714
54220,0.9329848796284553
54221,1.0
54222,0.8712388307512919
54223,1.0
54224,0.9969004329004328
54225,1.0
54226,1.0
54227,1.0
54228,0.8202501590428833
54229,1.0
54230,1.0
54231,1.0
54232,1.0
54233,1.0
54234,0.9997142857142858
54235,0.9997999999999999
54236,0.9992794871794872
54237,0.9732883283383286
54238,0.998095238095238
54239,0.9480827727827726
54240,1.0
54241,1.0
54242,0.9973450549450549
54243,1.0
54244,0.9971999999999999
54245,1.0
54246,1.0
54247,1.0
54248,1.0
54249,0.9935317460317459
54250,0.9961550116550116
54251,1.0
54252,1.0
54253,0.6449684585022821
54254,0.9988571428571429
54255,1.0
54256,1.0
54257,1.0
54258,0.9216395752939869
54259,1.0
54260,0.9951604395604395
54261,1.0
54262,1.0
54263,0.9855409632850808
54264,1.0
54265,1.0
54266,0.36000434054249847
54267,0.9818636771725007
54268,1.0
54269,0.7914590435708081
54270,1.0
54271,1.0
54272,1.0
54273,1.0
54274,1.0
54275,0.9991589743589743
54276,1.0
54277,1.0
54278,0.9995555555555555
54279,1.0
54280,1.0
54281,0.6807729225023339
54282,0.9991931818181817
54283,0.9988888888888889
54284,1.0
54285,1.0
54286,1.0
54287,1.0
54288,0.999187908496732
54289,0.9976071428571429
54290,1.0
54291,0.9979995726495726
54292,0.9993777777777777
54293,0.9835322927072929
54294,0.9949571428571428
54295,0.9473324534942182
54296,0.9929363136863137
54297,1.0
54298,1.0
54299,0.8564027143908725
54300,1.0
54301,0.9989642857142856
54302,0.18464475423956855
54303,1.0
54304,0.8633633519387387
54305,0.7595861954522939
54306,1.0
54307,1.0
54308,0.7805484337557864
54309,0.998920634920635
54310,0.99975
54311,1.0
54312,0.9994285714285714
54313,0.9995555555555555
54314,1.0
54315,1.0
54316,0.9996666666666666
54317,0.9785427156177156
54318,0.9687555971805969
54319,1.0
54320,0.9964073426573428
54321,0.9995142857142856
54322,0.9720640914640916
54323,1.0
54324,1.0
54325,0.9992063492063492
54326,1.0
54327,1.0
54328,0.9800554416172065
54329,0.9236337662337666
54330,1.0
54331,0.9998333333333332
54332,0.9797119325119327
54333,1.0
54334,0.9855447385947385
54335,0.9986773088023089
54336,0.9978416666666666
54337,0.8365778709852242
54338,1.0
54339,1.0
54340,1.0
54341,1.0
54342,1.0
54343,0.9997777777777779
54344,1.0
54345,1.0
54346,1.0
54347,0.9998823529411764
54348,1.0
54349,0.9648431294195998
54350,0.9786586580086581
54351,1.0
54352,0.5602318092038681
54353,0.995563492063492
54354,1.0
54355,0.97014170535347
54356,0.9995555555555555
54357,1.0
54358,0.936382544768613
54359,1.0
54360,0.3916810523411917
54361,0.4844396531573005
54362,1.0
54363,1.0
54364,1.0
54365,1.0
54366,1.0
54367,0.7460432472756003
54368,1.0
54369,0.9978095238095237
54370,0.9957513597513599
54371,0.9817676351426355
54372,0.5611811656014176
54373,0.999625
54374,0.6704697930036935
54375,1.0
54376,1.0
54377,1.0
54378,1.0
54379,1.0
54380,1.0
54381,1.0
54382,1.0
54383,1.0
54384,1.0
54385,1.0
54386,1.0
54387,1.0
54388,0.9996666666666666
54389,0.013731729381729384
54390,1.0
54391,0.9631684482184485
54392,0.9982564102564103
54393,0.9926420634920635
54394,1.0
54395,0.9949373015873015
54396,0.994675813075813
54397,0.850682456777052
54398,1.0
54399,1.0
54400,1.0
54401,0.9958093573093576
54402,0.17232590742590745
54403,1.0
54404,0.6747133477633478
54405,0.9987142857142857
54406,0.9957277777777778
54407,0.9813724442224442
54408,0.6441231821583984
54409,1.0
54410,0.9520415742753977
54411,0.9962642857142857
54412,1.0
54413,1.0
54414,0.22331601813219462
54415,1.0
54416,0.9982606837606839
54417,1.0
54418,1.0
54419,0.28794937546114024
54420,0.6056632764294533
54421,1.0
54422,0.9991032967032968
54423,1.0
54424,1.0
54425,1.0
54426,1.0
54427,1.0
54428,1.0
54429,0.46715162190750414
54430,1.0
54431,1.0
54432,0.9597412419280064
54433,0.45412375475401806
54434,1.0
54435,0.9974562091503268
54436,0.8997502138384491
54437,0.8956818844554142
54438,1.0
54439,0.994473076923077
54440,1.0
54441,1.0
54442,1.0
54443,1.0
54444,0.9770601143954087
54445,1.0
54446,1.0
54447,0.9997142857142857
54448,0.9982909090909091
54449,1.0
54450,0.5420557269252937
54451,1.0
54452,1.0
54453,1.0
54454,1.0
54455,1.0
54456,0.9894502822341059
54457,0.9847203816651184
54458,0.9727101345163267
54459,1.0
54460,0.9965781746031745
54461,1.0
54462,1.0
54463,1.0
54464,0.9985656565656565
54465,0.7474250277500276
54466,0.9990915032679738
54467,0.9997777777777779
54468,0.9973025641025641
54469,1.0
54470,0.9828433843933844
54471,0.9996666666666666
54472,1.0
54473,0.9857062919536607
54474,1.0
54475,1.0
54476,1.0
54477,1.0
54478,1.0
54479,1.0
54480,0.9929121045621045
54481,1.0
54482,1.0
54483,1.0
54484,1.0
54485,1.0
54486,1.0
54487,0.8153747282301466
54488,1.0
54489,0.9959555555555555
54490,0.9991111111111112
54491,1.0
54492,1.0
54493,1.0
54494,0.9987606837606837
54495,1.0
54496,0.9993777777777777
54497,1.0
54498,1.0
54499,1.0
54500,1.0
54501,1.0
54502,1.0
54503,0.8605514416268286
54504,1.0
54505,1.0
54506,0.9955305250305252
54507,0.9980545454545455
54508,0.6105439861136455
54509,1.0
54510,1.0
54511,1.0
54512,0.9852213270389741
54513,1.0
54514,0.7523580876467876
54515,0.9995961538461539
54516,1.0
54517,0.9591751847567636
54518,1.0
54519,0.9590327016121133
54520,0.6206131251101837
54521,1.0
54522,1.0
54523,1.0
54524,0.9996923076923078
54525,0.9362189064547423
54526,0.9950315795315797
54527,0.9948099567099568
54528,1.0
54529,0.8986983256089423
54530,0.99925
54531,1.0
54532,1.0
54533,1.0
54534,0.9981974025974026
54535,0.986224406149406
54536,0.9994545454545455
54537,0.9919695304695305
54538,0.9994166666666667
54539,1.0
54540,1.0
54541,0.03137697351667939
54542,1.0
54543,1.0
54544,0.9911628427128429
54545,0.9098179982126579
54546,0.9997142857142858
54547,1.0
54548,0.6086145467277817
54549,1.0
54550,0.9773329229593937
54551,1.0
54552,0.99925
54553,1.0
54554,1.0
54555,1.0
54556,1.0
54557,1.0
54558,1.0
54559,0.9012759216273928
54560,1.0
54561,0.8423534817779397
54562,1.0
54563,1.0
54564,1.0
54565,0.9997142857142858
54566,1.0
54567,1.0
54568,1.0
54569,1.0
54570,1.0
54571,1.0
54572,0.982455255855256
54573,0.9885907980907981
54574,1.0
54575,0.9987666666666667
54576,1.0
54577,0.9835906870906872
54578,0.9846387501387501
54579,0.9989292929292931
54580,0.9993571428571429
54581,0.5773784545519842
54582,1.0
54583,1.0
54584,0.9023069711334423
54585,1.0
54586,1.0
54587,0.9924246498599438
54588,1.0
54589,0.9915903196218987
54590,1.0
54591,0.9975206349206348
54592,1.0
54593,1.0
54594,1.0
54595,0.2570194144348943
54596,1.0
54597,1.0
54598,1.0
54599,1.0
54600,0.9696914613164613
54601,1.0
54602,1.0
54603,1.0
54604,0.6640810053934374
54605,0.842781873355403
54606,1.0
54607,1.0
54608,0.9972314574314575
54609,0.5009393894890801
54610,1.0
54611,0.9998333333333332
54612,1.0
54613,0.9934118051539104
54614,1.0
54615,0.9990461538461538
54616,1.0
54617,1.0
54618,1.0
54619,1.0
54620,1.0
54621,1.0
54622,1.0
54623,0.9997999999999999
54624,0.9990833333333333
54625,0.9993392857142858
54626,0.9994545454545455
54627,0.9594239038739037
54628,1.0
54629,1.0
54630,1.0
54631,1.0
54632,1.0
54633,1.0
54634,1.0
54635,1.0
54636,1.0
54637,1.0
54638,1.0
54639,1.0
54640,1.0
54641,0.9932649425737661
54642,0.9870602149312677
54643,0.9998571428571429
54644,1.0
54645,0.11104587680121734
54646,1.0
54647,1.0
54648,0.9997142857142858
54649,1.0
54650,0.9995828877005348
54651,1.0
54652,0.9734078898741435
54653,1.0
54654,0.9993030303030302
54655,1.0
54656,1.0
54657,1.0
54658,0.8753166903358074
54659,0.8382516698987288
54660,0.83931531488807
54661,0.9995
54662,1.0
54663,1.0
54664,1.0
54665,0.5837251512934951
54666,1.0
54667,1.0
54668,0.986619363969364
54669,0.9987269841269841
54670,0.9973777777777777
54671,0.7159705418420589
54672,0.9983142857142857
54673,1.0
54674,0.7886104384006086
54675,0.9991587301587301
54676,0.9984444444444445
54677,1.0
54678,0.2795969474969475
54679,1.0
54680,0.9998571428571429
54681,0.9800742368742368
54682,1.0
54683,0.680774753351224
54684,1.0
54685,0.9989809523809523
54686,1.0
54687,0.5189572068024852
54688,0.9996
54689,1.0
54690,1.0
54691,0.9882609095582778
54692,1.0
54693,0.895108070197776
54694,1.0
54695,1.0
54696,1.0
54697,1.0
54698,0.7055420066775325
54699,1.0
54700,1.0
54701,1.0
54702,1.0
54703,1.0
54704,0.9996666666666666
54705,0.9992727272727272
54706,0.6461443649088082
54707,1.0
54708,1.0
54709,1.0
54710,1.0
54711,1.0
54712,0.9959784271284271
54713,1.0
54714,1.0
54715,0.9612147202212996
54716,1.0
54717,0.9989090909090909
54718,0.9982460317460317
54719,0.995000432900433
54720,0.8949877313862608
54721,1.0
54722,0.9980156862745098
54723,1.0
54724,1.0
54725,0.9945274808524808
54726,1.0
54727,1.0
54728,0.9997156862745097
54729,1.0
54730,1.0
54731,0.4422064934979023
54732,1.0
54733,0.9996666666666667
54734,1.0
54735,0.7272788165223149
54736,1.0
54737,0.9457005772005773
54738,0.9922270895770896
54739,0.9894179709179709
54740,1.0
54741,0.9026379334459825
54742,0.8585592864651692
54743,0.02872653816771464
54744,1.0
54745,1.0
54746,0.17070290412202188
54747,1.0
54748,0.9965730158730159
54749,0.9978023088023089
54750,0.9993333333333334
54751,0.998
54752,1.0
54753,0.9981650793650794
54754,1.0
54755,0.1860075091575091
54756,0.959479140467376
54757,1.0
54758,0.9997999999999999
54759,0.982988344172168
54760,0.9998571428571429
54761,1.0
54762,0.9921673235261471
54763,1.0
54764,1.0
54765,1.0
54766,0.262789570233688
54767,1.0
54768,1.0
54769,1.0
54770,1.0
54771,1.0
54772,1.0
54773,0.99774131979132
54774,0.9950969474969473
54775,0.9435158131084601
54776,1.0
54777,1.0
54778,1.0
54779,0.99925
54780,0.9985410145410145
54781,1.0
54782,0.9972301587301587
54783,1.0
54784,0.9968294764059469
54785,1.0
54786,1.0
54787,1.0
54788,0.9992285714285714
54789,0.99975
54790,0.9945269119769118
54791,1.0
54792,0.9989137254901962
54793,1.0
54794,0.9991428571428571
54795,1.0
54796,1.0
54797,1.0
54798,0.9971396603396603
54799,1.0
54800,1.0
54801,1.0
54802,1.0
54803,1.0
54804,1.0
54805,0.9997777777777779
54806,1.0
54807,1.0
54808,0.9261071488968549
54809,1.0
54810,0.9979777777777777
54811,1.0
54812,1.0
54813,0.9380477910977911
54814,1.0
54815,1.0
54816,0.8950114052614048
54817,1.0
54818,1.0
54819,1.0
54820,0.952669110954405
54821,0.9556998181557008
54822,0.9995777777777778
54823,1.0
54824,1.0
54825,1.0
54826,1.0
54827,1.0
54828,0.949038200035259
54829,0.9998947368421053
54830,0.9996666666666666
54831,1.0
54832,1.0
54833,1.0
54834,1.0
54835,0.30272455502014306
54836,1.0
54837,0.9996666666666667
54838,0.9981111111111111
54839,1.0
54840,0.999
54841,0.7110287142595964
54842,0.9902485292485291
54843,0.9980761904761905
54844,1.0
54845,1.0
54846,0.9994285714285714
54847,1.0
54848,1.0
54849,1.0
54850,0.9762360769949002
54851,1.0
54852,1.0
54853,1.0
54854,1.0
54855,0.973588534728086
54856,1.0
54857,1.0
54858,1.0
54859,1.0
54860,1.0
54861,1.0
54862,1.0
54863,1.0
54864,0.9933896371602254
54865,1.0
54866,1.0
54867,1.0
54868,1.0
54869,1.0
54870,0.4329909798663672
54871,0.7044817223024651
54872,0.9986923076923078
54873,0.45491286447470647
54874,1.0
54875,1.0
54876,0.9737140782420195
54877,1.0
54878,1.0
54879,1.0
54880,1.0
54881,0.4039334262143083
54882,0.919486297259672
54883,0.9971999999999999
54884,0.9578037185037187
54885,1.0
54886,0.995673076923077
54887,1.0
54888,1.0
54889,0.999
54890,0.8575772075619599
54891,0.9908255856888208
54892,0.9931007936507935
54893,1.0
54894,1.0
54895,0.9997142857142858
54896,1.0
54897,0.9977556022408963
54898,1.0
54899,0.9468190309690308
54900,1.0
54901,0.8997342068062653
54902,1.0
54903,1.0
54904,0.9573599039849038
54905,1.0
54906,0.9418976089270207
54907,1.0
54908,0.9987051282051282
54909,0.981633757908758
54910,0.9971645781119465
54911,1.0
54912,0.9708136530136529
54913,0.9959919191919192
54914,1.0
54915,1.0
54916,0.9993777777777777
54917,1.0
54918,1.0
54919,1.0
54920,1.0
54921,0.9939857142857144
54922,0.9965670995670997
54923,0.9969556776556776
54924,1.0
54925,0.29807402058725596
54926,0.9959313492063493
54927,1.0
54928,0.9883871223547694
54929,1.0
54930,1.0
54931,1.0
54932,1.0
54933,0.2832817044067044
54934,0.9967303113553113
54935,0.915388426279603
54936,0.6765151077508658
54937,1.0
54938,0.9991794871794872
54939,0.8370693745796693
54940,1.0
54941,1.0
54942,0.9866869047619049
54943,0.9933981379731381
54944,1.0
54945,1.0
54946,0.999
54947,1.0
54948,1.0
54949,1.0
54950,0.9998333333333334
54951,0.9827479797979799
54952,0.962877261627262
54953,0.9800098555039735
54954,0.9997142857142858
54955,1.0
54956,0.9608854312354314
54957,1.0
54958,1.0
54959,0.9990619047619048
54960,0.9996666666666666
54961,0.2940285714285715
54962,0.9976245310245311
54963,1.0
54964,0.9326792513042516
54965,1.0
54966,1.0
54967,0.9989999999999999
54968,1.0
54969,1.0
54970,1.0
54971,0.995402380952381
54972,0.22815379270712094
54973,0.7744728738581683
54974,0.9986363636363637
54975,0.9992666666666667
54976,0.9993310023310024
54977,1.0
54978,1.0
54979,1.0
54980,1.0
54981,1.0
54982,0.5957054119083525
54983,1.0
54984,0.9996181818181819
54985,1.0
54986,0.9998823529411764
54987,0.9991476190476191
54988,0.9545164216932016
54989,0.9987606837606837
54990,1.0
54991,1.0
54992,1.0
54993,1.0
54994,1.0
54995,1.0
54996,0.9522079668697311
54997,1.0
54998,1.0
54999,0.10089009046509052
55000,1.0
55001,1.0
55002,1.0
55003,0.9995384615384616
55004,1.0
55005,1.0
55006,0.6460905857214678
55007,0.9948974025974026
55008,0.999
55009,1.0
55010,1.0
55011,0.985444660894661
55012,1.0
55013,1.0
55014,1.0
55015,0.38582556936527557
55016,1.0
55017,0.9976984126984128
55018,0.9997777777777779
55019,1.0
55020,1.0
55021,1.0
55022,0.99855
55023,0.9926405633582106
55024,0.9995
55025,1.0
55026,0.9995
55027,1.0
55028,0.9981760461760463
55029,0.9960857142857142
55030,1.0
55031,0.19088288046662666
55032,1.0
55033,1.0
55034,1.0
55035,1.0
55036,1.0
55037,1.0
55038,1.0
55039,1.0
55040,1.0
55041,1.0
55042,1.0
55043,0.9258082917082918
55044,1.0
55045,0.999
55046,0.9990476190476192
55047,0.9997142857142858
55048,0.44459437800761337
55049,1.0
55050,1.0
55051,1.0
55052,1.0
55053,0.741599290939539
55054,0.996539010989011
55055,1.0
55056,1.0
55057,0.4521190032104126
55058,1.0
55059,0.8517616652954886
55060,0.7038810641972406
55061,0.9313012054938526
55062,1.0
55063,1.0
55064,0.9960670995670996
55065,0.99925
55066,0.9993333333333334
55067,1.0
55068,0.9981436974789915
55069,0.9984619047619047
55070,1.0
55071,1.0
55072,0.9803432764947468
55073,0.32445633817506875
55074,0.6222686755912459
55075,1.0
55076,0.9332130629174743
55077,0.9991428571428571
55078,0.9918632756132757
55079,0.9594845515595519
55080,0.5390478743221
55081,0.9965995670995671
55082,0.9995384615384616
55083,1.0
55084,1.0
55085,0.9738798451548453
55086,1.0
55087,1.0
55088,0.9927345598845599
55089,0.9876436507936509
55090,1.0
55091,1.0
55092,1.0
55093,1.0
55094,1.0
55095,0.994512087912088
55096,1.0
55097,0.8088234820047507
55098,1.0
55099,1.0
55100,0.14127650302913472
55101,0.9410250360750358
55102,0.9923511155511155
55103,1.0
55104,1.0
55105,1.0
55106,0.9973587301587302
55107,0.9980213564213565
55108,1.0
55109,1.0
55110,1.0
55111,1.0
55112,0.9987777777777779
55113,1.0
55114,0.9885435064935064
55115,0.9943999555999556
55116,1.0
55117,1.0
55118,1.0
55119,0.992935286935287
55120,1.0
55121,0.998408658008658
55122,0.6413669685921235
55123,1.0
55124,0.9826294649794655
55125,1.0
55126,1.0
55127,1.0
55128,0.9894537934287935
55129,1.0
55130,0.9994545454545455
55131,0.9987777777777779
55132,1.0
55133,1.0
55134,0.9894299034299036
55135,0.9983474025974026
55136,1.0
55137,1.0
55138,0.9723637695637695
55139,0.999
55140,0.9858061605061608
55141,1.0
55142,1.0
55143,0.9996666666666666
55144,0.998317316017316
55145,0.9690433899433901
55146,1.0
55147,1.0
55148,1.0
55149,0.9991666666666666
55150,0.9996
55151,1.0
55152,1.0
55153,1.0
55154,1.0
55155,1.0
55156,0.9991111111111111
55157,0.9496443076531317
55158,0.8499806712551295
55159,1.0
55160,1.0
55161,1.0
55162,1.0
55163,0.9985285714285714
55164,1.0
55165,0.9785886779886782
55166,0.9996666666666666
55167,1.0
55168,1.0
55169,0.16218084751505812
55170,0.9997999999999999
55171,0.9997777777777779
55172,1.0
55173,1.0
55174,0.3293753561745022
55175,1.0
55176,1.0
55177,1.0
55178,1.0
55179,1.0
55180,1.0
55181,0.15300343969755748
55182,0.581806989390039
55183,0.99975
55184,0.9959247252747252
55185,1.0
55186,0.9768851481851482
55187,1.0
55188,1.0
55189,0.9650384624405522
55190,0.9251132009231549
55191,0.9908069597069599
55192,0.9741603008103007
55193,1.0
55194,1.0
55195,1.0
55196,1.0
55197,0.9795868631368632
55198,0.9888261183261182
55199,0.7082001548503097
55200,1.0
55201,0.6633232860276981
55202,0.8256693734370206
55203,1.0
55204,1.0
55205,1.0
55206,0.89034657548334
55207,1.0
55208,1.0
55209,0.9985
55210,0.9997142857142858
55211,0.99925
55212,1.0
55213,1.0
55214,1.0
55215,1.0
55216,1.0
55217,1.0
55218,0.9978968253968253
55219,1.0
55220,0.9993500000000001
55221,1.0
55222,0.9548961156490569
55223,0.32232799202861123
55224,0.3022924963924964
55225,0.9824380674880672
55226,1.0
55227,1.0
55228,0.9941437562437561
55229,0.9998181818181818
55230,1.0
55231,1.0
55232,0.5971804945398597
55233,1.0
55234,0.999
55235,0.5282306549659491
55236,1.0
55237,0.9910878565878566
55238,0.9908342546342547
55239,0.9992142857142858
55240,1.0
55241,0.9994920634920637
55242,0.9443379426129425
55243,0.9985111111111111
55244,0.6966200972230381
55245,0.9989015151515152
55246,0.9042581944199599
55247,0.9938357142857144
55248,0.9989
55249,1.0
55250,1.0
55251,0.7528067778025206
55252,0.987971997446997
55253,1.0
55254,0.7313039144292236
55255,1.0
55256,1.0
55257,1.0
55258,0.9890134199134197
55259,1.0
55260,0.9971545454545455
55261,1.0
55262,0.8888538104052811
55263,0.9923207367795603
55264,0.3436983209944509
55265,1.0
55266,1.0
55267,0.42351674757131386
55268,0.9990618792971733
55269,0.9232034302586632
55270,1.0
55271,1.0
55272,0.9984500000000001
55273,1.0
55274,0.9926225468975469
55275,0.9567943124728729
55276,1.0
55277,1.0
55278,1.0
55279,0.9998888888888889
55280,0.5696605757417673
55281,0.9988888888888888
55282,1.0
55283,0.6896120953899154
55284,1.0
55285,1.0
55286,1.0
55287,1.0
55288,1.0
55289,1.0
55290,0.97925920305185
55291,1.0
55292,1.0
55293,0.9992777777777778
55294,0.6518176976618154
55295,1.0
55296,0.9778700854700857
55297,0.9981142857142857
55298,0.9993
55299,0.9996666666666667
55300,0.9005193985580987
55301,0.9845704906204905
55302,1.0
55303,1.0
55304,0.9953230935730937
55305,1.0
55306,0.9995294117647059
55307,1.0
55308,0.9986556776556776
55309,0.9968857142857144
55310,0.9997777777777779
55311,1.0
55312,1.0
55313,0.9985940170940171
55314,0.7782644055806592
55315,1.0
55316,0.9774780038588864
55317,0.9986666666666667
55318,0.9995384615384616
55319,0.9982077922077922
55320,0.41490245728643543
55321,0.8789967520783313
55322,0.27535744112268895
55323,0.9660510568378992
55324,1.0
55325,1.0
55326,0.24632690876375085
55327,0.9996666666666667
55328,1.0
55329,1.0
55330,0.9995
55331,0.9989090909090909
55332,0.9713090187590186
55333,1.0
55334,0.9914465367965367
55335,1.0
55336,1.0
55337,0.9665285379653028
55338,1.0
55339,1.0
55340,1.0
55341,1.0
55342,0.9994423076923077
55343,1.0
55344,1.0
55345,0.998
55346,0.9997777777777779
55347,1.0
55348,1.0
55349,1.0
55350,1.0
55351,1.0
55352,0.9981474747474747
55353,1.0
55354,0.08986689534235978
55355,1.0
55356,0.9942999777999779
55357,1.0
55358,0.9901017149517147
55359,1.0
55360,0.31085873015873017
55361,1.0
55362,0.9993333333333334
55363,1.0
55364,0.9995277777777778
55365,0.9968164502164504
55366,0.9996666666666666
55367,1.0
55368,0.9967743867243867
55369,0.9996666666666667
55370,1.0
55371,0.9974904428904429
55372,0.9953686868686868
55373,1.0
55374,1.0
55375,1.0
55376,1.0
55377,1.0
55378,1.0
55379,1.0
55380,0.9706812576312576
55381,0.8544919794258028
55382,1.0
55383,1.0
55384,0.9487074967516141
55385,0.9985606837606836
55386,1.0
55387,0.9950157287157286
55388,1.0
55389,0.4048194720312368
55390,1.0
55391,0.9995277777777778
55392,0.983936260961261
55393,0.9954696969696969
55394,1.0
55395,1.0
55396,0.9993571428571429
55397,0.9996666666666666
55398,0.755978114532526
55399,0.9094472999222996
55400,1.0
55401,1.0
55402,1.0
55403,0.9992051282051282
55404,0.4200077921390617
55405,0.726329132640665
55406,1.0
55407,0.9963666056166056
55408,0.9904870296370295
55409,0.9951626984126984
55410,1.0
55411,1.0
55412,0.6863915750915747
55413,0.7236667830535477
55414,1.0
55415,1.0
55416,1.0
55417,0.9696495254745257
55418,1.0
55419,1.0
55420,0.9995555555555555
55421,0.9976459595959597
55422,0.9981535353535353
55423,0.9476291486291487
55424,0.9961619047619047
55425,1.0
55426,0.23052435839014782
55427,1.0
55428,1.0
55429,1.0
55430,1.0
55431,1.0
55432,0.87128086407057
55433,0.9849799866799867
55434,1.0
55435,0.9768250388500388
55436,1.0
55437,1.0
55438,1.0
55439,1.0
55440,1.0
55441,0.9816020923520921
55442,1.0
55443,0.9988717948717949
55444,1.0
55445,0.9998461538461538
55446,0.9841489275430453
55447,1.0
55448,1.0
55449,0.9987606837606837
55450,0.9963003663003663
55451,1.0
55452,0.9984785714285714
55453,0.0446478676552206
55454,0.9991428571428571
55455,0.9627249084249085
55456,0.9956271433245117
55457,1.0
55458,1.0
55459,0.9780732933732936
55460,1.0
55461,0.9961507936507936
55462,1.0
55463,0.9995555555555555
55464,1.0
55465,1.0
55466,1.0
55467,0.9975238095238094
55468,0.9686508403361341
55469,0.9998666666666667
55470,0.9902237817737816
55471,0.9993846153846153
55472,1.0
55473,1.0
55474,1.0
55475,0.9823621794871794
55476,1.0
55477,1.0
55478,1.0
55479,0.989884126984127
55480,0.999375
55481,1.0
55482,1.0
55483,0.3547350384050074
55484,0.9998181818181818
55485,0.8297889570955358
55486,0.9943295870795871
55487,0.9981987373737373
55488,1.0
55489,1.0
55490,1.0
55491,1.0
55492,0.9986666666666667
55493,0.9818788600288602
55494,1.0
55495,1.0
55496,1.0
55497,1.0
55498,0.9997999999999999
55499,0.9979222222222224
55500,1.0
55501,1.0
55502,1.0
55503,1.0
55504,1.0
55505,1.0
55506,1.0
55507,0.9994285714285714
55508,1.0
55509,1.0
55510,1.0
55511,1.0
55512,1.0
55513,0.9816362554112554
55514,0.8691902230122815
55515,0.6640713671519404
55516,1.0
55517,0.9984452880452881
55518,0.9989188311688312
55519,1.0
55520,0.9998461538461538
55521,1.0
55522,1.0
55523,0.9912370407370408
55524,0.9985985125985125
55525,1.0
55526,0.9990848484848484
55527,1.0
55528,0.9996666666666666
55529,0.9902261544011548
55530,1.0
55531,1.0
55532,0.7296557749869672
55533,1.0
55534,0.99925
55535,0.9985316017316017
55536,1.0
55537,1.0
55538,0.9959785714285714
55539,0.9985375939849624
55540,1.0
55541,1.0
55542,1.0
55543,0.5785889946740566
55544,1.0
55545,1.0
55546,1.0
55547,1.0
55548,1.0
55549,1.0
55550,0.9982333333333333
55551,0.998692857142857
55552,0.9663475968475965
55553,0.9459773880574192
55554,0.9490424852924856
55555,0.9982539682539682
55556,0.9911806526806527
55557,1.0
55558,0.5336175718244605
55559,1.0
55560,1.0
55561,0.9969273504273505
55562,1.0
55563,0.7157099789443444
55564,0.9985555555555555
55565,1.0
55566,1.0
55567,1.0
55568,1.0
55569,0.8074437141547817
55570,0.3946578423812171
55571,1.0
55572,0.998169769119769
55573,0.8075942856163448
55574,1.0
55575,0.9991428571428572
55576,0.9990700854700855
55577,0.33025858170037753
55578,0.9741956238206237
55579,1.0
55580,1.0
55581,1.0
55582,1.0
55583,0.9961714285714286
55584,0.99885
55585,1.0
55586,1.0
55587,0.9995277777777778
55588,1.0
55589,1.0
55590,0.9997142857142857
55591,1.0
55592,1.0
55593,1.0
55594,1.0
55595,0.9219937839937837
55596,1.0
55597,1.0
55598,0.984364796314796
55599,0.9909438311688311
55600,1.0
55601,0.9991785714285715
55602,1.0
55603,1.0
55604,1.0
55605,0.9997999999999999
55606,1.0
55607,0.999875
55608,1.0
55609,0.9382102384543558
55610,0.9488980796980797
55611,1.0
55612,1.0
55613,1.0
55614,1.0
55615,0.9965225885225886
55616,0.7140047538031292
55617,1.0
55618,0.046707643148045624
55619,0.9618064109093521
55620,1.0
55621,1.0
55622,1.0
55623,0.9994545454545455
55624,0.9996
55625,1.0
55626,0.6637540560746439
55627,1.0
55628,0.9834471139971142
55629,1.0
55630,1.0
55631,0.23223177737295397
55632,0.9979989974937343
55633,0.8858686839304488
55634,1.0
55635,0.9991111111111111
55636,1.0
55637,0.9991515151515151
55638,1.0
55639,0.9970395382395383
55640,0.9997777777777779
55641,1.0
55642,0.9786212898212897
55643,1.0
55644,1.0
55645,1.0
55646,0.9991142857142856
55647,1.0
55648,0.9995555555555555
55649,0.08725465090465089
55650,1.0
55651,0.9360891167655875
55652,0.9988991341991342
55653,0.9997777777777779
55654,1.0
55655,0.9924289321789322
55656,0.7887101427983783
55657,1.0
55658,0.9908329365079367
55659,1.0
55660,0.9984689754689755
55661,1.0
55662,0.9598553946053946
55663,1.0
55664,0.9998181818181817
55665,1.0
55666,0.19002705530623495
55667,1.0
55668,0.8620779007456253
55669,0.9981666666666668
55670,1.0
55671,0.99326867021867
55672,1.0
55673,1.0
55674,0.9993846153846153
55675,0.9998181818181818
55676,0.49665643804939436
55677,1.0
55678,1.0
55679,1.0
55680,1.0
55681,0.958095066045066
55682,0.7512200451423362
55683,1.0
55684,1.0
55685,0.8709260328852431
55686,0.9987619047619047
55687,1.0
55688,1.0
55689,1.0
55690,1.0
55691,1.0
55692,1.0
55693,1.0
55694,1.0
55695,0.9955945165945168
55696,0.9695814463314462
55697,1.0
55698,1.0
55699,0.99925
55700,1.0
55701,1.0
55702,0.9962147824397825
55703,0.9643411394161394
55704,0.6653298219754105
55705,0.9562900653268299
55706,1.0
55707,1.0
55708,1.0
55709,1.0
55710,1.0
55711,1.0
55712,1.0
55713,0.8930360811187436
55714,1.0
55715,1.0
55716,0.9774625985125986
55717,0.3965132179911591
55718,0.9969809523809524
55719,0.5082185471391357
55720,1.0
55721,0.9990909090909091
55722,0.9997999999999999
55723,0.9929432773109245
55724,1.0
55725,1.0
55726,0.9965857142857143
55727,1.0
55728,1.0
55729,0.9771176323676325
55730,1.0
55731,1.0
55732,1.0
55733,0.9961892551892553
55734,1.0
55735,0.3494338764692482
55736,1.0
55737,1.0
55738,0.635930511610852
55739,1.0
55740,1.0
55741,1.0
55742,1.0
55743,1.0
55744,0.997702380952381
55745,1.0
55746,0.9973
55747,1.0
55748,1.0
55749,1.0
55750,0.9988253968253967
55751,0.9990909090909091
55752,0.9859153901653902
55753,1.0
55754,1.0
55755,1.0
55756,0.9912980852480853
55757,1.0
55758,0.9985089743589742
55759,1.0
55760,1.0
55761,1.0
55762,1.0
55763,1.0
55764,0.9756696091348265
55765,1.0
55766,1.0
55767,1.0
55768,0.2591984702517986
55769,0.9789097569097568
55770,1.0
55771,1.0
55772,1.0
55773,1.0
55774,0.1824040213742227
55775,0.9994285714285714
55776,0.9983849206349207
55777,0.9994583333333333
55778,1.0
55779,0.6977226674693522
55780,1.0
55781,1.0
55782,1.0
55783,0.9905996392496392
55784,0.9549585779545534
55785,1.0
55786,0.6799024056696655
55787,1.0
55788,0.9987142857142858
55789,0.9988642857142856
55790,1.0
55791,0.9898139249639251
55792,0.99975
55793,0.9997142857142858
55794,1.0
55795,1.0
55796,1.0
55797,0.9996
55798,0.8516603669206613
55799,1.0
55800,0.9965858363858363
55801,0.9990476190476191
55802,0.997130647130647
55803,1.0
55804,1.0
55805,1.0
55806,1.0
55807,0.9958555555555555
55808,0.9973611888111888
55809,1.0
55810,0.35109957215986615
55811,1.0
55812,0.9983333333333334
55813,1.0
55814,0.9991333333333333
55815,1.0
55816,1.0
55817,0.9657567729655964
55818,0.9978571428571428
55819,0.8467525113775112
55820,1.0
55821,0.9914975746475746
55822,1.0
55823,1.0
55824,1.0
55825,0.5045484105076208
55826,1.0
55827,1.0
55828,1.0
55829,0.9993896103896104
55830,0.7753494166833306
55831,1.0
55832,0.9756867366293839
55833,0.7385837914264385
55834,0.9990277777777777
55835,0.99975
55836,0.4956120648958881
55837,1.0
55838,0.6551995827358054
55839,1.0
55840,1.0
55841,1.0
55842,0.3131456569402389
55843,1.0
55844,0.99975
55845,0.9900208707958708
55846,0.9477714961367136
55847,0.9984523809523811
55848,0.9996666666666667
55849,0.864398809879043
55850,1.0
55851,0.9995499999999999
55852,1.0
55853,0.9998181818181817
55854,0.7150901422107308
55855,0.9951626984126984
55856,1.0
55857,1.0
55858,1.0
55859,1.0
55860,0.9976
55861,1.0
55862,0.9904248473748475
55863,0.5980564609539075
55864,1.0
55865,1.0
55866,0.997049816849817
55867,1.0
55868,1.0
55869,1.0
55870,0.998095238095238
55871,0.9984920634920635
55872,0.99925
55873,0.9088044255795804
55874,0.3103202385849444
55875,0.986195498945499
55876,0.9969190476190478
55877,0.9972444444444444
55878,1.0
55879,1.0
55880,0.9953404761904763
55881,1.0
55882,0.7534355145628369
55883,1.0
55884,1.0
55885,0.3158249356336817
55886,0.9559046327855149
55887,0.9927689366189365
55888,1.0
55889,0.9932227050727049
55890,1.0
55891,1.0
55892,1.0
55893,0.25080036156653807
55894,1.0
55895,0.9994545454545455
55896,1.0
55897,1.0
55898,1.0
55899,0.9888494505494505
55900,1.0
55901,1.0
55902,0.9995555555555555
55903,1.0
55904,1.0
55905,1.0
55906,1.0
55907,1.0
55908,0.9981375495849182
55909,1.0
55910,0.9991428571428572
55911,1.0
55912,0.9356942474192477
55913,1.0
55914,1.0
55915,0.9994074675324677
55916,1.0
55917,1.0
55918,0.9307107644505479
55919,1.0
55920,0.9986905597326651
55921,1.0
55922,1.0
55923,1.0
55924,1.0
55925,1.0
55926,1.0
55927,0.9996666666666667
55928,1.0
55929,0.9994545454545455
55930,1.0
55931,0.9992727272727272
55932,1.0
55933,1.0
55934,0.9984285714285714
55935,0.9329291210165829
55936,1.0
55937,1.0
55938,0.999095238095238
55939,1.0
55940,0.9483107862725509
55941,1.0
55942,1.0
55943,0.9823124597624601
55944,1.0
55945,1.0
55946,0.9976833333333333
55947,1.0
55948,0.998734126984127
55949,0.9800788794538796
55950,1.0
55951,0.9998181818181818
55952,0.9997999999999999
55953,1.0
55954,0.993597619047619
55955,1.0
55956,0.47114663865546197
55957,1.0
55958,0.48505901865019496
55959,1.0
55960,1.0
55961,0.9749708125208122
55962,0.7574251118420625
55963,0.8824087747220096
55964,0.9321870957130243
55965,0.9602613220113223
55966,1.0
55967,0.9982785714285712
55968,0.9996666666666667
55969,0.9959809523809523
55970,1.0
55971,0.997475
55972,1.0
55973,1.0
55974,1.0
55975,1.0
55976,0.869633479592303
55977,1.0
55978,1.0
55979,0.880558540290119
55980,1.0
55981,0.9973123376623376
55982,0.9952119047619049
55983,1.0
55984,0.14728407817672534
55985,0.9906964479964481
55986,1.0
55987,1.0
55988,0.9955046176046176
55989,0.9997142857142858
55990,0.9895377483369744
55991,1.0
55992,1.0
55993,1.0
55994,1.0
55995,1.0
55996,0.9993324675324675
55997,1.0
55998,1.0
55999,0.9816412191609563
56000,1.0
56001,1.0
56002,0.9879348484848485
56003,1.0
56004,0.9995277777777778
56005,1.0
56006,0.9929968392718395
56007,1.0
56008,0.9522372877122878
56009,0.7193615953447992
56010,1.0
56011,1.0
56012,1.0
56013,1.0
56014,1.0
56015,1.0
56016,1.0
56017,1.0
56018,1.0
56019,0.8930723892120942
56020,0.9992051282051282
56021,0.6046532588756273
56022,0.9961226551226551
56023,0.5541417771341143
56024,1.0
56025,1.0
56026,1.0
56027,0.9160482599100249
56028,0.9956293650793651
56029,1.0
56030,1.0
56031,1.0
56032,0.9781290043290044
56033,0.9997777777777779
56034,0.9946280960869196
56035,1.0
56036,1.0
56037,0.9996333333333334
56038,1.0
56039,0.9912793206793209
56040,0.9994545454545455
56041,1.0
56042,0.99895
56043,0.9300947173741295
56044,1.0
56045,1.0
56046,0.9945430735930736
56047,1.0
56048,0.9251650516150514
56049,0.9995
56050,1.0
56051,1.0
56052,1.0
56053,0.985228454878455
56054,0.7951015172735756
56055,0.9987286213786214
56056,1.0
56057,0.9985384615384615
56058,0.9989142857142858
56059,1.0
56060,0.8526810593569544
56061,0.996995238095238
56062,0.9996
56063,0.9982666666666666
56064,0.8886240532343475
56065,1.0
56066,0.8171558529705585
56067,1.0
56068,0.9945497752247752
56069,1.0
56070,0.9988984962406015
56071,0.9995959595959596
56072,1.0
56073,0.9603745730877314
56074,0.9976888167388168
56075,1.0
56076,0.9993
56077,0.9594332117229175
56078,1.0
56079,0.9298539300568712
56080,1.0
56081,0.9995555555555555
56082,0.5750272565154141
56083,1.0
56084,0.999371794871795
56085,1.0
56086,1.0
56087,1.0
56088,0.9997777777777779
56089,1.0
56090,0.9990305250305251
56091,1.0
56092,1.0
56093,1.0
56094,0.8501877015141722
56095,0.9241397198432807
56096,1.0
56097,1.0
56098,1.0
56099,0.31692733377733395
56100,1.0
56101,1.0
56102,1.0
56103,0.9995128205128205
56104,0.9700508907758908
56105,1.0
56106,1.0
56107,0.9996753246753247
56108,1.0
56109,1.0
56110,0.9973142857142857
56111,0.9979188311688313
56112,1.0
56113,1.0
56114,0.9850553391053392
56115,1.0
56116,1.0
56117,0.9582714674214677
56118,1.0
56119,0.9926395743145742
56120,1.0
56121,1.0
56122,1.0
56123,1.0
56124,1.0
56125,0.3852007725934196
56126,0.9962633477633477
56127,1.0
56128,1.0
56129,1.0
56130,1.0
56131,1.0
56132,0.9987285714285714
56133,1.0
56134,1.0
56135,1.0
56136,1.0
56137,0.9711454323454324
56138,1.0
56139,0.9994
56140,0.573268809398376
56141,1.0
56142,0.9344924519924522
56143,0.9992666666666666
56144,0.9973083333333334
56145,0.9965666666666666
56146,0.7992461912270733
56147,1.0
56148,1.0
56149,1.0
56150,0.9946079365079366
56151,0.9959379509379511
56152,1.0
56153,1.0
56154,0.9709835997335997
56155,0.9996
56156,0.8517215919958955
56157,1.0
56158,1.0
56159,1.0
56160,0.9621427033750558
56161,1.0
56162,0.054657933732933726
56163,0.3872251952381982
56164,1.0
56165,0.9333690753690753
56166,1.0
56167,0.9997777777777779
56168,1.0
56169,1.0
56170,1.0
56171,1.0
56172,0.9969944444444444
56173,1.0
56174,1.0
56175,0.1270136889254537
56176,0.9416220772691357
56177,0.9993333333333334
56178,0.9992976190476192
56179,1.0
56180,0.9988888888888889
56181,1.0
56182,0.9453300287947344
56183,0.9603763037615975
56184,0.9991428571428571
56185,0.9988717948717949
56186,0.9791035298035299
56187,1.0
56188,0.9110695520166107
56189,0.9970819597069598
56190,1.0
56191,1.0
56192,1.0
56193,1.0
56194,1.0
56195,0.9979204906204906
56196,1.0
56197,1.0
56198,1.0
56199,1.0
56200,0.8126979757600495
56201,0.9959635198135197
56202,0.99875
56203,0.34240181742062575
56204,1.0
56205,1.0
56206,0.9994285714285714
56207,1.0
56208,1.0
56209,0.9969448107448107
56210,1.0
56211,0.9997142857142858
56212,1.0
56213,1.0
56214,1.0
56215,1.0
56216,1.0
56217,0.9817970493558729
56218,1.0
56219,0.11395964683751064
56220,1.0
56221,1.0
56222,0.9636334193584193
56223,1.0
56224,0.9910926406926407
56225,1.0
56226,1.0
56227,1.0
56228,0.9958998917748918
56229,0.9996666666666667
56230,1.0
56231,1.0
56232,0.9960531302031302
56233,0.9785101378755406
56234,0.899715226766697
56235,0.9916543706293707
56236,0.9995416666666668
56237,0.9783614522732171
56238,1.0
56239,0.9603554695304694
56240,1.0
56241,1.0
56242,1.0
56243,0.49481964522405725
56244,1.0
56245,1.0
56246,1.0
56247,1.0
56248,0.9983500000000001
56249,0.24298587964323268
56250,1.0
56251,1.0
56252,1.0
56253,1.0
56254,0.9993333333333333
56255,1.0
56256,0.9727284377387321
56257,1.0
56258,1.0
56259,0.9683959672680262
56260,0.059495918623859764
56261,0.9987619047619047
56262,0.9987606837606837
56263,1.0
56264,0.8422167962412542
56265,0.9569894654365245
56266,1.0
56267,0.9845586524586522
56268,1.0
56269,0.9862198477992594
56270,1.0
56271,1.0
56272,1.0
56273,1.0
56274,0.9828501935972526
56275,1.0
56276,0.9956684981684982
56277,0.5311306175334815
56278,0.9463806043371832
56279,0.8199961993029329
56280,1.0
56281,0.9768718968939557
56282,0.9988571428571429
56283,1.0
56284,1.0
56285,0.997942857142857
56286,0.9922771062271061
56287,1.0
56288,1.0
56289,0.997330525030525
56290,1.0
56291,1.0
56292,1.0
56293,1.0
56294,0.9995555555555555
56295,0.7548334006722549
56296,1.0
56297,1.0
56298,0.5976983786251581
56299,0.9992217194570135
56300,0.9763154234654232
56301,1.0
56302,1.0
56303,1.0
56304,1.0
56305,0.9997142857142857
56306,0.6899622020995861
56307,1.0
56308,0.9110787801723561
56309,0.9993333333333333
56310,0.30696476354219665
56311,0.9870180770210182
56312,1.0
56313,0.9963003663003664
56314,1.0
56315,0.9801999888999888
56316,1.0
56317,0.9970822510822511
56318,1.0
56319,1.0
56320,1.0
56321,1.0
56322,0.3506574995867565
56323,0.9997142857142858
56324,1.0
56325,0.9985119047619047
56326,0.9996666666666667
56327,0.9250395049395054
56328,0.9983491341991343
56329,1.0
56330,0.9997333333333334
56331,0.9973473193473193
56332,1.0
56333,0.9996
56334,0.9987696969696969
56335,1.0
56336,0.9993500000000001
56337,0.7275234203704793
56338,1.0
56339,0.9984285714285714
56340,1.0
56341,0.9960833333333332
56342,1.0
56343,0.997408658008658
56344,1.0
56345,1.0
56346,1.0
56347,0.9988717948717949
56348,1.0
56349,0.9673526140526142
56350,0.9947558441558442
56351,0.9983333333333333
56352,1.0
56353,1.0
56354,1.0
56355,0.9854842330184436
56356,0.9836409241085712
56357,1.0
56358,0.7686767695754538
56359,1.0
56360,1.0
56361,0.9600711474799711
56362,1.0
56363,0.3481091466926603
56364,1.0
56365,0.9825267121767122
56366,0.999095238095238
56367,1.0
56368,1.0
56369,0.5474453370416994
56370,0.9815724664224664
56371,0.9973942279942279
56372,0.15061823133007352
56373,0.9851022880370403
56374,0.9996666666666667
56375,1.0
56376,1.0
56377,1.0
56378,1.0
56379,1.0
56380,1.0
56381,0.9541629585326955
56382,1.0
56383,0.9891772061272062
56384,0.9591660367410367
56385,1.0
56386,1.0
56387,1.0
56388,1.0
56389,1.0
56390,0.9982952380952381
56391,1.0
56392,0.9629170967920968
56393,1.0
56394,1.0
56395,0.8950530967570438
56396,1.0
56397,1.0
56398,0.4575589418579357
56399,0.9940739316239317
56400,1.0
56401,1.0
56402,0.9996666666666666
56403,1.0
56404,1.0
56405,0.9987116883116883
56406,1.0
56407,1.0
56408,1.0
56409,1.0
56410,1.0
56411,0.9994285714285714
56412,1.0
56413,1.0
56414,1.0
56415,1.0
56416,0.997904761904762
56417,1.0
56418,0.9912422799422801
56419,0.9980988095238096
56420,1.0
56421,0.9569567599067599
56422,0.9993333333333334
56423,0.9964603174603175
56424,1.0
56425,0.9932463063080711
56426,1.0
56427,0.9730241702741703
56428,1.0
56429,1.0
56430,1.0
56431,0.998589010989011
56432,1.0
56433,0.9846219375395847
56434,1.0
56435,0.07168360332477977
56436,0.9845748917748917
56437,0.9833106230370935
56438,1.0
56439,1.0
56440,1.0
56441,0.7812687401899041
56442,0.99975
56443,1.0
56444,1.0
56445,0.9939309523809523
56446,1.0
56447,0.9970670634920635
56448,1.0
56449,0.9184466205191435
56450,0.3442379605688432
56451,1.0
56452,1.0
56453,0.2513532523032523
56454,1.0
56455,1.0
56456,0.5194353938201464
56457,1.0
56458,0.9957805555555556
56459,0.901990788459906
56460,0.9997777777777779
56461,0.4831187094725022
56462,1.0
56463,0.8539902226858105
56464,1.0
56465,1.0
56466,1.0
56467,0.9993142857142858
56468,0.9996666666666667
56469,0.9587230589414029
56470,1.0
56471,1.0
56472,1.0
56473,0.7109556212994765
56474,0.9988051948051948
56475,0.9551504773004773
56476,0.9987055555555555
56477,0.8474584787159861
56478,1.0
56479,0.7898942952386449
56480,1.0
56481,1.0
56482,1.0
56483,0.9996666666666667
56484,1.0
56485,1.0
56486,1.0
56487,0.9995555555555555
56488,0.9997142857142858
56489,0.833204141747485
56490,1.0
56491,1.0
56492,0.994664060939061
56493,1.0
56494,1.0
56495,0.9998461538461538
56496,1.0
56497,0.9861045010545013
56498,1.0
56499,1.0
56500,0.9996666666666666
56501,1.0
56502,1.0
56503,0.9506456389843388
56504,1.0
56505,0.9987606837606837
56506,0.9453416348357527
56507,0.9985563492063492
56508,1.0
56509,1.0
56510,1.0
56511,0.9997999999999999
56512,1.0
56513,1.0
56514,1.0
56515,1.0
56516,0.9830762498938971
56517,0.9565845966125378
56518,1.0
56519,1.0
56520,1.0
56521,1.0
56522,0.959619438894439
56523,0.8988309385059382
56524,0.7094683222333223
56525,1.0
56526,1.0
56527,0.9929462842712844
56528,1.0
56529,1.0
56530,1.0
56531,0.9992307692307693
56532,1.0
56533,0.9625376273279521
56534,0.3270126984126985
56535,1.0
56536,1.0
56537,1.0
56538,1.0
56539,0.38794966119192126
56540,1.0
56541,1.0
56542,1.0
56543,0.9526410145410147
56544,0.9975873015873017
56545,1.0
56546,1.0
56547,1.0
56548,1.0
56549,0.023613788988788978
56550,0.9351737166428347
56551,1.0
56552,0.9935093073593074
56553,0.9971093073593075
56554,1.0
56555,1.0
56556,1.0
56557,1.0
56558,0.9987142857142858
56559,0.9929607864357864
56560,0.9993102453102455
56561,1.0
56562,0.9969974025974024
56563,1.0
56564,1.0
56565,1.0
56566,1.0
56567,0.99975
56568,1.0
56569,0.9810366522366523
56570,1.0
56571,1.0
56572,1.0
56573,1.0
56574,1.0
56575,0.9966714285714287
56576,1.0
56577,1.0
56578,1.0
56579,1.0
56580,1.0
56581,0.9902698412698413
56582,0.9863334776334778
56583,1.0
56584,1.0
56585,0.99975
56586,0.9730381673881674
56587,1.0
56588,1.0
56589,1.0
56590,0.9555539627039626
56591,0.9674790715820125
56592,0.9994285714285714
56593,1.0
56594,0.9998461538461538
56595,1.0
56596,0.9737970466667835
56597,0.9854603269279739
56598,0.9825605255855254
56599,1.0
56600,1.0
56601,0.755875237078024
56602,0.9995555555555555
56603,0.9696918720168718
56604,0.9854502913752915
56605,1.0
56606,0.8212808456249632
56607,1.0
56608,1.0
56609,0.9995555555555555
56610,1.0
56611,1.0
56612,0.9844367521367522
56613,1.0
56614,1.0
56615,1.0
56616,0.998301282051282
56617,1.0
56618,1.0
56619,1.0
56620,0.9776183538683539
56621,0.09241736351883413
56622,1.0
56623,0.9961228291316527
56624,0.9995384615384616
56625,1.0
56626,1.0
56627,1.0
56628,1.0
56629,1.0
56630,0.9980476190476191
56631,1.0
56632,0.9745881073175192
56633,1.0
56634,1.0
56635,1.0
56636,0.937449515680398
56637,1.0
56638,1.0
56639,0.9997999999999999
56640,0.9997142857142857
56641,1.0
56642,0.99975
56643,0.9992698412698413
56644,1.0
56645,0.027290748140748135
56646,0.9994166666666667
56647,1.0
56648,1.0
56649,1.0
56650,1.0
56651,1.0
56652,1.0
56653,0.9798655511155513
56654,1.0
56655,0.9982909090909091
56656,1.0
56657,0.6819685542957217
56658,1.0
56659,1.0
56660,1.0
56661,0.9932111111111112
56662,0.9780464174714175
56663,1.0
56664,1.0
56665,0.9928419913419912
56666,0.9994285714285714
56667,1.0
56668,0.9991428571428571
56669,1.0
56670,1.0
56671,0.9984015873015873
56672,0.9177365954307133
56673,0.9994285714285714
56674,0.9879417748917753
56675,1.0
56676,0.9988333333333334
56677,1.0
56678,1.0
56679,0.8197226460759746
56680,0.9958003663003664
56681,0.7528765318015319
56682,1.0
56683,0.99975
56684,0.9996
56685,1.0
56686,1.0
56687,0.8113005652672063
56688,1.0
56689,1.0
56690,0.9960971055088702
56691,1.0
56692,0.974331107050844
56693,0.9994285714285714
56694,1.0
56695,1.0
56696,0.9976984126984128
56697,1.0
56698,0.9889356088356088
56699,0.9978349206349207
56700,0.9984920634920635
56701,0.9979542606516292
56702,0.8858041484401395
56703,0.25249743478056186
56704,0.283089010989011
56705,1.0
56706,1.0
56707,1.0
56708,0.8743920882700802
56709,1.0
56710,1.0
56711,0.9968539682539681
56712,0.9997777777777779
56713,1.0
56714,1.0
56715,1.0
56716,0.9970582917082916
56717,1.0
56718,0.9997142857142857
56719,1.0
56720,1.0
56721,1.0
56722,1.0
56723,0.9713190737367207
56724,0.4220598725491913
56725,0.9987976190476189
56726,1.0
56727,0.9970467532467534
56728,1.0
56729,0.997711038961039
56730,1.0
56731,0.9998461538461538
56732,0.9991794871794872
56733,1.0
56734,0.6031325077914861
56735,0.9681943167943168
56736,1.0
56737,1.0
56738,1.0
56739,1.0
56740,0.9887802086802087
56741,1.0
56742,0.9988809523809524
56743,1.0
56744,0.3483835684812937
56745,0.9865341269841271
56746,1.0
56747,1.0
56748,0.9997142857142858
56749,1.0
56750,0.9400409845572385
56751,0.9012548172415819
56752,0.9994285714285714
56753,1.0
56754,0.9745050005550003
56755,0.9958285714285714
56756,1.0
56757,1.0
56758,0.9985837495837495
56759,0.9983286213786214
56760,1.0
56761,0.9883952380952381
56762,1.0
56763,1.0
56764,1.0
56765,0.9993809523809524
56766,0.8172064295955173
56767,0.946220527021998
56768,1.0
56769,0.9992727272727272
56770,1.0
56771,0.6841582954884808
56772,1.0
56773,1.0
56774,0.9995
56775,1.0
56776,1.0
56777,1.0
56778,1.0
56779,1.0
56780,1.0
56781,1.0
56782,0.883533710424422
56783,0.9994
56784,1.0
56785,0.6254335918982978
56786,1.0
56787,1.0
56788,1.0
56789,1.0
56790,1.0
56791,1.0
56792,1.0
56793,0.9359473294679176
56794,1.0
56795,0.9980142857142857
56796,1.0
56797,0.3390904761904762
56798,1.0
56799,0.9982380952380953
56800,0.9963489010989012
56801,1.0
56802,0.9949238095238094
56803,1.0
56804,1.0
56805,0.9710979853479854
56806,0.9990833333333332
56807,0.9920967166820108
56808,1.0
56809,0.9976291497975709
56810,1.0
56811,1.0
56812,1.0
56813,1.0
56814,0.5073601212512977
56815,1.0
56816,1.0
56817,0.9964309523809524
56818,1.0
56819,0.964239022089022
56820,0.9963500000000001
56821,0.6781489184562711
56822,0.9355454001880475
56823,0.9982678571428572
56824,1.0
56825,0.9997142857142858
56826,1.0
56827,1.0
56828,1.0
56829,0.9732593018093018
56830,1.0
56831,0.9996
56832,0.9992063492063492
56833,0.9988095238095238
56834,1.0
56835,1.0
56836,0.9847482850482849
56837,0.9966333333333334
56838,1.0
56839,1.0
56840,0.9578153931178229
56841,0.9903755910755911
56842,1.0
56843,1.0
56844,0.82789750151809
56845,0.8988309385059382
56846,0.9974766788766788
56847,0.9983075757575758
56848,0.7639449840922755
56849,0.9810673881673881
56850,1.0
56851,0.9909478493728495
56852,1.0
56853,1.0
56854,0.9997999999999999
56855,1.0
56856,1.0
56857,0.9853879287379287
56858,0.9978551099227572
56859,0.9798206682206682
56860,1.0
56861,0.999
56862,0.9825847805788982
56863,0.9972390109890109
56864,1.0
56865,1.0
56866,0.9973396825396825
56867,1.0
56868,0.8463183416256947
56869,0.9536600732600732
56870,1.0
56871,1.0
56872,0.9995384615384616
56873,0.10213483950689835
56874,1.0
56875,1.0
56876,1.0
56877,0.8168791924793475
56878,1.0
56879,0.9975904761904761
56880,0.9582364885114883
56881,1.0
56882,1.0
56883,0.9976642857142857
56884,0.9881063547563547
56885,1.0
56886,0.9982051282051282
56887,1.0
56888,1.0
56889,1.0
56890,0.7627613090819475
56891,1.0
56892,1.0
56893,1.0
56894,0.9994848484848486
56895,1.0
56896,1.0
56897,1.0
56898,1.0
56899,0.9942908424908424
56900,0.0626881153160565
56901,1.0
56902,0.47558200165847214
56903,0.9970878787878789
56904,0.9462533470657308
56905,1.0
56906,1.0
56907,1.0
56908,0.9748015373515375
56909,0.9985499999999999
56910,1.0
56911,1.0
56912,1.0
56913,0.716387383531501
56914,1.0
56915,0.9995
56916,1.0
56917,0.9997142857142858
56918,1.0
56919,1.0
56920,1.0
56921,1.0
56922,0.9996
56923,1.0
56924,0.9990940170940171
56925,1.0
56926,1.0
56927,0.549360096276273
56928,1.0
56929,1.0
56930,1.0
56931,1.0
56932,1.0
56933,1.0
56934,1.0
56935,0.9605487785090726
56936,0.9997142857142857
56937,1.0
56938,0.3657789408304116
56939,1.0
56940,0.2102957351472058
56941,1.0
56942,1.0
56943,0.9899591908091908
56944,0.988653640803641
56945,0.9982888888888889
56946,0.9693988206238203
56947,0.9805767422120365
56948,1.0
56949,0.996327084027084
56950,1.0
56951,0.9990142857142857
56952,0.6853802466797049
56953,1.0
56954,1.0
56955,0.9992051282051282
56956,1.0
56957,1.0
56958,1.0
56959,0.9947015873015872
56960,1.0
56961,1.0
56962,1.0
56963,1.0
56964,0.9982142857142858
56965,1.0
56966,1.0
56967,1.0
56968,1.0
56969,0.9436026362526357
56970,1.0
56971,1.0
56972,0.5062795972001851
56973,0.9991
56974,1.0
56975,1.0
56976,0.9612556050158992
56977,0.9961773809523811
56978,0.9961118825618824
56979,0.6337977287418463
56980,1.0
56981,1.0
56982,0.9918520313020315
56983,0.999371794871795
56984,1.0
56985,0.9996
56986,1.0
56987,1.0
56988,0.9973595238095236
56989,0.9716090076590079
56990,0.30889971031720276
56991,0.973334215784216
56992,0.969583185648201
56993,1.0
56994,1.0
56995,0.41038929603248503
56996,1.0
56997,0.9996
56998,1.0
56999,0.8864727192054589
57000,1.0
57001,0.9997777777777779
57002,1.0
57003,1.0
57004,1.0
57005,1.0
57006,0.7129068326100034
57007,1.0
57008,0.999
57009,0.9763045177045175
57010,1.0
57011,1.0
57012,0.9735091963591964
57013,1.0
57014,1.0
57015,1.0
57016,1.0
57017,1.0
57018,0.9967319902319901
57019,1.0
57020,0.9996
57021,0.20011555674287868
57022,1.0
57023,1.0
57024,1.0
57025,1.0
57026,0.99675
57027,0.9925150793650792
57028,0.4396385297708826
57029,0.9891219169719171
57030,0.8279630883564317
57031,1.0
57032,0.5444750814544933
57033,1.0
57034,1.0
57035,1.0
57036,1.0
57037,0.9952500525618171
57038,0.9995
57039,1.0
57040,1.0
57041,0.3544966587334235
57042,0.9994285714285714
57043,0.9985595238095238
57044,0.998942857142857
57045,1.0
57046,0.6947850326831749
57047,1.0
57048,1.0
57049,0.9895154234654235
57050,1.0
57051,1.0
57052,0.9994285714285714
57053,1.0
57054,0.9889777777777777
57055,1.0
57056,1.0
57057,0.9997999999999999
57058,0.987772868797869
57059,0.997712012987013
57060,0.9981666666666668
57061,1.0
57062,1.0
57063,1.0
57064,1.0
57065,0.9904758297258295
57066,1.0
57067,1.0
57068,1.0
57069,1.0
57070,0.9997142857142857
57071,1.0
57072,0.9994
57073,1.0
57074,0.998
57075,1.0
57076,1.0
57077,0.9934768398268398
57078,1.0
57079,0.9914159748747983
57080,0.9987198879551821
57081,0.9826270174270174
57082,1.0
57083,1.0
57084,0.9945608558108558
57085,0.9399560826428475
57086,1.0
57087,1.0
57088,0.9989333333333333
57089,1.0
57090,1.0
57091,1.0
57092,1.0
57093,0.9934798534798536
57094,1.0
57095,0.9997777777777779
57096,1.0
57097,1.0
57098,0.9985681818181819
57099,0.9971595238095237
57100,1.0
57101,1.0
57102,1.0
57103,0.8724924482380367
57104,0.9663131646131644
57105,0.9972857142857142
57106,0.9963873015873016
57107,1.0
57108,1.0
57109,0.9944468753468753
57110,1.0
57111,1.0
57112,1.0
57113,1.0
57114,0.9997777777777779
57115,1.0
57116,1.0
57117,1.0
57118,0.9981418803418803
57119,0.9981714285714286
57120,0.9942074675324675
57121,0.8825634337884335
57122,1.0
57123,1.0
57124,1.0
57125,0.9982666666666667
57126,1.0
57127,1.0
57128,0.9998461538461538
57129,1.0
57130,1.0
57131,1.0
57132,0.7814355982253047
57133,0.9945255411255411
57134,0.8847164322605504
57135,1.0
57136,1.0
57137,1.0
57138,1.0
57139,1.0
57140,1.0
57141,1.0
57142,1.0
57143,1.0
57144,0.9941046536796538
57145,1.0
57146,0.9955996392496392
57147,1.0
57148,1.0
57149,1.0
57150,0.9951508935508937
57151,0.992835064935065
57152,0.9996666666666666
57153,1.0
57154,1.0
57155,0.9968399267399266
57156,1.0
57157,1.0
57158,1.0
57159,1.0
57160,1.0
57161,0.9834697385947387
57162,1.0
57163,1.0
57164,0.9995
57165,0.9993846153846153
57166,1.0
57167,1.0
57168,1.0
57169,1.0
57170,0.9997142857142857
57171,0.8383092210077508
57172,0.9997777777777779
57173,0.7114604327045502
57174,1.0
57175,0.9997777777777779
57176,1.0
57177,1.0
57178,0.9683530309559721
57179,0.9982045454545455
57180,1.0
57181,0.9998181818181817
57182,1.0
57183,0.997531895881896
57184,0.9988166666666666
57185,1.0
57186,1.0
57187,0.9985864357864357
57188,0.9996666666666666
57189,0.9976911976911976
57190,1.0
57191,1.0
57192,1.0
57193,1.0
57194,0.9996
57195,1.0
57196,0.30848255939107305
57197,1.0
57198,1.0
57199,1.0
57200,0.9972863636363638
57201,1.0
57202,0.9855826118326118
57203,0.5969019834740422
57204,1.0
57205,0.9976611111111111
57206,1.0
57207,1.0
57208,1.0
57209,0.9991626984126983
57210,0.9998181818181817
57211,0.9991277777777777
57212,1.0
57213,1.0
57214,0.9993162393162394
57215,1.0
57216,1.0
57217,0.9010909851328582
57218,1.0
57219,0.7525906631809886
57220,0.996374806892454
57221,0.9983384615384615
57222,0.8370313249014488
57223,0.9991384615384615
57224,1.0
57225,1.0
57226,1.0
57227,1.0
57228,1.0
57229,1.0
57230,1.0
57231,1.0
57232,0.6364659421246112
57233,0.9693298645798643
57234,0.9980707847707849
57235,1.0
57236,1.0
57237,0.9993500000000001
57238,1.0
57239,1.0
57240,0.9990404040404041
57241,1.0
57242,1.0
57243,0.9997999999999999
57244,1.0
57245,0.9165163900512978
57246,1.0
57247,0.9959686507936508
57248,1.0
57249,1.0
57250,1.0
57251,1.0
57252,1.0
57253,1.0
57254,1.0
57255,1.0
57256,0.9989111111111112
57257,1.0
57258,0.9983555555555557
57259,1.0
57260,0.5463264150967716
57261,0.9998571428571429
57262,1.0
57263,1.0
57264,0.9307192827640197
57265,1.0
57266,1.0
57267,0.9989055555555556
57268,1.0
57269,0.9996
57270,1.0
57271,1.0
57272,0.9935212010212011
57273,0.9545984910514322
57274,1.0
57275,1.0
57276,0.9993555555555556
57277,1.0
57278,0.999030525030525
57279,1.0
57280,1.0
57281,0.9954658286158287
57282,1.0
57283,1.0
57284,0.9997142857142858
57285,0.9993333333333334
57286,1.0
57287,0.9997999999999999
57288,1.0
57289,1.0
57290,0.9998181818181818
57291,0.9984689754689755
57292,1.0
57293,1.0
57294,1.0
57295,1.0
57296,1.0
57297,0.9997142857142858
57298,1.0
57299,1.0
57300,1.0
57301,0.7773772750125686
57302,1.0
57303,0.987377516927517
57304,0.9889992721330958
57305,0.9783645632145632
57306,0.9936586136086135
57307,1.0
57308,1.0
57309,0.9988831168831168
57310,1.0
57311,1.0
57312,1.0
57313,1.0
57314,1.0
57315,1.0
57316,1.0
57317,1.0
57318,1.0
57319,0.9001405964808138
57320,1.0
57321,0.9997142857142857
57322,0.9676801464617256
57323,1.0
57324,1.0
57325,0.9996666666666666
57326,1.0
57327,1.0
57328,0.8845594962656884
57329,1.0
57330,1.0
57331,1.0
57332,0.9996
57333,1.0
57334,0.8101913006983744
57335,0.9957071484071485
57336,1.0
57337,1.0
57338,0.9955603174603174
57339,1.0
57340,1.0
57341,0.9716744338994342
57342,1.0
57343,0.9993765182186236
57344,0.9587217899747309
57345,0.4382856098751609
57346,1.0
57347,0.9278165324871206
57348,0.9964117216117216
57349,1.0
57350,0.8394462348538979
57351,1.0
57352,0.7840379595378822
57353,0.9974959595959598
57354,0.9922383116883117
57355,0.9689077311577313
57356,0.8140744409701067
57357,1.0
57358,1.0
57359,0.9981666666666666
57360,1.0
57361,1.0
57362,1.0
57363,1.0
57364,0.9853115681703917
57365,1.0
57366,1.0
57367,0.5186244368376721
57368,1.0
57369,0.9494914532835581
57370,0.99975
57371,1.0
57372,0.9997777777777779
57373,1.0
57374,1.0
57375,1.0
57376,1.0
57377,0.9843633753501401
57378,1.0
57379,0.9988863636363636
57380,1.0
57381,0.9996181818181819
57382,0.9997999999999999
57383,1.0
57384,0.9876786768786769
57385,0.981055924467689
57386,1.0
57387,1.0
57388,1.0
57389,0.998319696969697
57390,1.0
57391,1.0
57392,0.9996
57393,1.0
57394,0.9979470695970696
57395,0.9948675657675659
57396,1.0
57397,1.0
57398,1.0
57399,1.0
57400,1.0
57401,0.992521031746032
57402,1.0
57403,0.9662222333222334
57404,1.0
57405,1.0
57406,1.0
57407,0.9970420168067227
57408,1.0
57409,0.9418672597010831
57410,1.0
57411,0.9991428571428571
57412,1.0
57413,0.9997894736842106
57414,0.9452270562770566
57415,0.2999816306242778
57416,1.0
57417,1.0
57418,0.9956813492063493
57419,1.0
57420,1.0
57421,0.9524556815733285
57422,1.0
57423,0.9920642857142858
57424,1.0
57425,0.9984273504273504
57426,1.0
57427,1.0
57428,0.9997142857142857
57429,0.7119985587941469
57430,0.7501530632765929
57431,1.0
57432,1.0
57433,0.9744519556466927
57434,1.0
57435,0.9799504737952106
57436,0.9983333333333334
57437,0.9784415084915086
57438,0.5783978224389991
57439,1.0
57440,1.0
57441,1.0
57442,0.9992571428571428
57443,0.9896077811077812
57444,1.0
57445,1.0
57446,1.0
57447,0.9271701983688824
57448,1.0
57449,0.9878217920967921
57450,0.99975
57451,1.0
57452,0.9949119047619048
57453,1.0
57454,0.9686433023718628
57455,1.0
57456,1.0
57457,0.9982738095238096
57458,1.0
57459,0.5903632380948945
57460,0.8099286727977903
57461,1.0
57462,0.9167578036342744
57463,1.0
57464,1.0
57465,1.0
57466,1.0
57467,1.0
57468,1.0
57469,1.0
57470,0.9131119715252072
57471,1.0
57472,1.0
57473,0.9949348901098902
57474,0.3615885660263369
57475,1.0
57476,1.0
57477,0.8714366847634657
57478,0.9951913836163836
57479,1.0
57480,0.7956703962703964
57481,1.0
57482,0.9998333333333334
57483,0.9924462121212121
57484,1.0
57485,1.0
57486,1.0
57487,1.0
57488,1.0
57489,1.0
57490,0.9981972222222222
57491,0.30709002621045967
57492,0.9987999999999999
57493,1.0
57494,1.0
57495,0.9597591075591075
57496,1.0
57497,0.895882335148511
57498,0.9492478892452576
57499,0.8724154482772132
57500,0.9996666666666667
57501,0.9955075757575758
57502,1.0
57503,1.0
57504,1.0
57505,0.9779557592734062
57506,1.0
57507,0.9965225885225886
57508,1.0
57509,0.8762407037063386
57510,1.0
57511,1.0
57512,0.9866841602841604
57513,1.0
57514,1.0
57515,1.0
57516,1.0
57517,1.0
57518,0.9743609418359425
57519,1.0
57520,0.9381469465175348
57521,1.0
57522,1.0
57523,0.9994
57524,1.0
57525,0.9991428571428571
57526,1.0
57527,1.0
57528,1.0
57529,0.9993392857142858
57530,0.9992666666666666
57531,1.0
57532,0.9985292929292928
57533,0.9994545454545455
57534,1.0
57535,1.0
57536,1.0
57537,0.9994285714285714
57538,0.9997999999999999
57539,1.0
57540,0.9763323826500298
57541,1.0
57542,0.9841388444888445
57543,1.0
57544,1.0
57545,0.9997142857142858
57546,0.9972571428571428
57547,1.0
57548,0.999047619047619
57549,1.0
57550,1.0
57551,1.0
57552,1.0
57553,1.0
57554,1.0
57555,0.7419190426618446
57556,1.0
57557,1.0
57558,1.0
57559,1.0
57560,1.0
57561,1.0
57562,1.0
57563,1.0
57564,0.6756700373156251
57565,1.0
57566,0.9680341353091354
57567,0.9993333333333334
57568,0.9997647058823529
57569,0.9957043345543346
57570,1.0
57571,0.9986346153846154
57572,0.99925
57573,1.0
57574,1.0
57575,1.0
57576,1.0
57577,0.6856317593483223
57578,0.99975
57579,1.0
57580,0.9860686202686201
57581,0.3527318140665664
57582,1.0
57583,0.9985714285714286
57584,1.0
57585,0.9878502941502944
57586,1.0
57587,1.0
57588,0.7370059775020309
57589,0.9837259324009328
57590,1.0
57591,1.0
57592,0.9952197988286224
57593,1.0
57594,0.5574273292067412
57595,1.0
57596,1.0
57597,1.0
57598,0.9976459595959597
57599,1.0
57600,1.0
57601,0.9572289571539572
57602,1.0
57603,0.3515998752021973
57604,1.0
57605,0.7902466427363483
57606,0.993347952047952
57607,1.0
57608,1.0
57609,1.0
57610,1.0
57611,0.9991384615384615
57612,1.0
57613,0.9971142857142857
57614,1.0
57615,1.0
57616,0.9943374958374958
57617,0.9435158131084601
57618,0.9643411394161394
57619,0.3708395737819112
57620,1.0
57621,0.9997142857142858
57622,1.0
57623,0.9960360500610502
57624,1.0
57625,0.998547619047619
57626,1.0
57627,0.9993055555555556
57628,0.9991666666666666
57629,0.9768917554667556
57630,1.0
57631,0.9872127983127983
57632,1.0
57633,0.9176192318517397
57634,1.0
57635,1.0
57636,1.0
57637,0.5984571350046585
57638,1.0
57639,0.9702180735930734
57640,1.0
57641,1.0
57642,0.8038446161681455
57643,1.0
57644,1.0
57645,1.0
57646,0.819525375278316
57647,1.0
57648,0.9777889352477588
57649,1.0
57650,1.0
57651,1.0
57652,1.0
57653,1.0
57654,1.0
57655,1.0
57656,1.0
57657,1.0
57658,1.0
57659,1.0
57660,0.9414703468616008
57661,1.0
57662,1.0
57663,0.9056811343884874
57664,1.0
57665,0.999
57666,0.9997712418300654
57667,1.0
57668,1.0
57669,1.0
57670,1.0
57671,1.0
57672,1.0
57673,1.0
57674,0.9952388888888889
57675,1.0
57676,1.0
57677,1.0
57678,1.0
57679,1.0
57680,0.9992698412698412
57681,0.8865009484925118
57682,1.0
57683,0.9984761904761905
57684,1.0
57685,1.0
57686,1.0
57687,1.0
57688,0.9702846473787653
57689,1.0
57690,0.9995714285714286
57691,0.9419138717491661
57692,1.0
57693,1.0
57694,1.0
57695,0.9897397102897106
57696,1.0
57697,0.9998181818181818
57698,0.9855585192585191
57699,1.0
57700,1.0
57701,1.0
57702,0.9997999999999999
57703,0.9864979686979687
57704,1.0
57705,0.9986309523809523
57706,1.0
57707,1.0
57708,1.0
57709,0.9766939338439338
57710,1.0
57711,1.0
57712,0.9988888888888889
57713,1.0
57714,0.9975397102897102
57715,1.0
57716,1.0
57717,1.0
57718,0.9989333333333333
57719,0.9938037518037518
57720,0.9951944721944721
57721,1.0
57722,1.0
57723,0.9787168210358612
57724,1.0
57725,0.9673905178155178
57726,1.0
57727,1.0
57728,0.9995777777777778
57729,1.0
57730,1.0
57731,1.0
57732,1.0
57733,0.27007633974212925
57734,1.0
57735,1.0
57736,1.0
57737,1.0
57738,1.0
57739,1.0
57740,0.979553762903763
57741,0.9994
57742,1.0
57743,1.0
57744,1.0
57745,0.9956047619047618
57746,0.9996
57747,1.0
57748,0.9956487845487846
57749,1.0
57750,0.5729345480285104
57751,1.0
57752,1.0
57753,1.0
57754,0.9994444444444445
57755,0.30392390224154936
57756,0.9616828171828176
57757,0.9995999999999999
57758,0.9981666666666666
57759,0.9996
57760,0.9998181818181817
57761,0.865879286485788
57762,1.0
57763,0.9985227272727273
57764,1.0
57765,0.20093266831208012
57766,0.9994285714285714
57767,0.43353451937639265
57768,1.0
57769,0.9996666666666666
57770,1.0
57771,1.0
57772,0.9926610889110886
57773,1.0
57774,1.0
57775,0.9063170807950225
57776,0.9980285714285714
57777,1.0
57778,0.9984460784313725
57779,1.0
57780,1.0
57781,1.0
57782,1.0
57783,1.0
57784,0.920582431457431
57785,0.9664119103119105
57786,0.2772735075382134
57787,1.0
57788,1.0
57789,0.6021113802863803
57790,0.8671996528926873
57791,1.0
57792,0.23482311854811863
57793,1.0
57794,1.0
57795,0.9908177189769295
57796,1.0
57797,1.0
57798,1.0
57799,0.9992000000000001
57800,1.0
57801,1.0
57802,1.0
57803,0.9991777777777777
57804,0.9903444999444999
57805,0.5303317768832474
57806,1.0
57807,0.9996
57808,0.8590651368239605
57809,0.9967147907647907
57810,1.0
57811,1.0
57812,1.0
57813,0.9677129481629482
57814,1.0
57815,0.9993333333333333
57816,1.0
57817,0.9878619713619713
57818,1.0
57819,1.0
57820,0.9867513708513707
57821,1.0
57822,1.0
57823,1.0
57824,0.997500432900433
57825,1.0
57826,1.0
57827,1.0
57828,1.0
57829,1.0
57830,1.0
57831,0.9941179441473559
57832,0.9573340187590187
57833,0.9962331168831169
57834,0.994140503940504
57835,0.7648297386222306
57836,1.0
57837,1.0
57838,1.0
57839,0.9971071428571429
57840,1.0
57841,1.0
57842,1.0
57843,1.0
57844,0.9990882173382173
57845,1.0
57846,0.9929133477633477
57847,1.0
57848,0.7925200138097197
57849,1.0
57850,0.994995670995671
57851,0.9991785714285715
57852,1.0
57853,1.0
57854,1.0
57855,1.0
57856,1.0
57857,0.9134458259404855
57858,1.0
57859,1.0
57860,1.0
57861,0.962272790934556
57862,1.0
57863,0.9993777777777777
57864,0.9997142857142858
57865,0.9744743499964087
57866,0.9969666666666667
57867,1.0
57868,1.0
57869,1.0
57870,1.0
57871,0.9996
57872,1.0
57873,0.8174229274939027
57874,1.0
57875,0.4777879279904823
57876,0.9921673049173049
57877,1.0
57878,1.0
57879,1.0
57880,0.9871250510926981
57881,0.9998666666666667
57882,0.8606464285714283
57883,1.0
57884,0.9781078532578533
57885,0.9994
57886,1.0
57887,1.0
57888,0.9537542735042733
57889,0.7787459629895392
57890,0.8419339944025703
57891,1.0
57892,0.5206928545139072
57893,1.0
57894,1.0
57895,0.557419422639624
57896,1.0
57897,0.9438628538128538
57898,0.9985833333333333
57899,0.9994545454545455
57900,0.7821858258700366
57901,1.0
57902,1.0
57903,0.7745677786437847
57904,0.8177469125731506
57905,0.5177016617832746
57906,0.9968809523809524
57907,1.0
57908,1.0
57909,1.0
57910,1.0
57911,1.0
57912,1.0
57913,0.9838930153180152
57914,0.9995959595959596
57915,0.998984126984127
57916,0.7611166285239811
57917,0.922408327783328
57918,1.0
57919,1.0
57920,0.9761163974913978
57921,1.0
57922,1.0
57923,0.9996
57924,1.0
57925,1.0
57926,0.9663746031746032
57927,0.986171721415839
57928,0.9993333333333334
57929,0.9998181818181818
57930,0.9998333333333334
57931,0.9994285714285714
57932,1.0
57933,1.0
57934,1.0
57935,1.0
57936,1.0
57937,0.9836422719437424
57938,0.9092892372161728
57939,0.7965032634032636
57940,0.9837715405509523
57941,0.5005590501174091
57942,1.0
57943,1.0
57944,1.0
57945,0.9989090909090909
57946,1.0
57947,0.9997999999999999
57948,0.99975
57949,1.0
57950,1.0
57951,1.0
57952,0.9995714285714286
57953,1.0
57954,0.507617619970329
57955,1.0
57956,1.0
57957,0.9915370851370854
57958,0.0783550394050394
57959,1.0
57960,0.8697169810925229
57961,1.0
57962,1.0
57963,1.0
57964,1.0
57965,0.7757341808690102
57966,1.0
57967,1.0
57968,1.0
57969,0.9980051282051281
57970,1.0
57971,0.9824542568542569
57972,0.9948368326118326
57973,0.980914250781898
57974,0.9630283190665545
57975,0.9996666666666666
57976,1.0
57977,1.0
57978,1.0
57979,1.0
57980,1.0
57981,0.9976263736263736
57982,1.0
57983,1.0
57984,0.9995384615384616
57985,0.996602553002553
57986,0.9996
57987,0.9761762150130573
57988,0.9997142857142857
57989,1.0
57990,1.0
57991,1.0
57992,0.8316623219917335
57993,1.0
57994,1.0
57995,0.9991
57996,1.0
57997,1.0
57998,1.0
57999,1.0
58000,0.8601964368277062
58001,1.0
58002,0.9967295454545455
58003,1.0
58004,1.0
58005,0.9956087079587078
58006,0.9975247252747252
58007,1.0
58008,1.0
58009,1.0
58010,1.0
58011,0.9812804197436551
58012,0.9858437010701716
58013,0.993279770882712
58014,1.0
58015,0.9985359477124183
58016,1.0
58017,1.0
58018,1.0
58019,0.09611834839567042
58020,0.9982222222222221
58021,0.7054023284970222
58022,1.0
58023,0.12028534602652255
58024,0.9579091797091801
58025,0.998337908496732
58026,1.0
58027,1.0
58028,0.34110127046156435
58029,1.0
58030,0.856458326030695
58031,1.0
58032,0.8778291551585667
58033,1.0
58034,1.0
58035,0.9968023809523807
58036,1.0
58037,0.9989142857142858
58038,1.0
58039,1.0
58040,1.0
58041,0.9997142857142857
58042,1.0
58043,0.8064988071354171
58044,0.6805546574598423
58045,1.0
58046,1.0
58047,0.9897562187812189
58048,1.0
58049,0.9996666666666666
58050,1.0
58051,1.0
58052,1.0
58053,0.9981323529411764
58054,0.31673392011325463
58055,1.0
58056,0.99975
58057,1.0
58058,0.9976444444444446
58059,0.9994444444444445
58060,1.0
58061,0.9994285714285714
58062,0.9995555555555555
58063,0.9537469951617014
58064,0.9800912843692259
58065,1.0
58066,1.0
58067,0.9969166666666667
58068,1.0
58069,1.0
58070,0.9991809523809524
58071,0.9977474747474747
58072,1.0
58073,0.9986666666666667
58074,0.5614015515530217
58075,1.0
58076,0.99975
58077,1.0
58078,1.0
58079,0.9692965402244815
58080,1.0
58081,0.9488452908202912
58082,1.0
58083,1.0
58084,0.9988253968253967
58085,1.0
58086,1.0
58087,0.575725837672819
58088,0.9960724822563057
58089,0.9948285714285713
58090,0.8511876951479893
58091,1.0
58092,1.0
58093,0.9995384615384616
58094,0.8950774367789068
58095,1.0
58096,0.9964809523809525
58097,1.0
58098,1.0
58099,0.8798480748010165
58100,1.0
58101,1.0
58102,0.997841514041514
58103,0.023297835824306414
58104,1.0
58105,0.9990305250305251
58106,1.0
58107,0.9997999999999999
58108,0.9960469974469974
58109,0.5442178963623234
58110,1.0
58111,1.0
58112,0.9990285714285715
58113,0.4325828207550962
58114,1.0
58115,1.0
58116,0.9996
58117,0.9706733619321859
58118,1.0
58119,0.9912367214484861
58120,1.0
58121,1.0
58122,1.0
58123,1.0
58124,1.0
58125,0.9225749185455067
58126,1.0
58127,0.9998181818181818
58128,0.9997142857142858
58129,0.8237827910856892
58130,0.9961261904761904
58131,1.0
58132,1.0
58133,1.0
58134,1.0
58135,0.99785
58136,1.0
58137,1.0
58138,1.0
58139,1.0
58140,0.9994545454545455
58141,0.9997142857142858
58142,1.0
58143,1.0
58144,1.0
58145,0.8490043420803481
58146,1.0
58147,1.0
58148,0.9990545454545455
58149,1.0
58150,0.9957737151737154
58151,0.9996
58152,0.9992444444444444
58153,1.0
58154,1.0
58155,0.9795966412672296
58156,1.0
58157,0.9946420024420024
58158,0.9981428571428571
58159,1.0
58160,0.9880365634365633
58161,0.9988333333333334
58162,1.0
58163,0.9897755744255744
58164,1.0
58165,1.0
58166,1.0
58167,1.0
58168,0.9965210012210013
58169,0.9633695446710157
58170,1.0
58171,0.9922226245976246
58172,0.999371794871795
58173,1.0
58174,0.9991
58175,0.9876905816405817
58176,0.6020281613758367
58177,0.3352648114904281
58178,0.9890389943389941
58179,1.0
58180,1.0
58181,1.0
58182,0.09124047619047626
58183,1.0
58184,0.9970190476190476
58185,1.0
58186,1.0
58187,0.9955902597402597
58188,1.0
58189,0.8001380021938842
58190,0.6494397496552293
58191,1.0
58192,0.977378713606655
58193,1.0
58194,1.0
58195,0.9901158008658009
58196,1.0
58197,0.8366611965777597
58198,0.8905550098594217
58199,0.9942164835164834
58200,1.0
58201,0.9762292096792098
58202,1.0
58203,1.0
58204,1.0
58205,0.8662329414995051
58206,0.9535875454610747
58207,1.0
58208,0.9423730535804068
58209,0.5256998526527941
58210,1.0
58211,1.0
58212,1.0
58213,0.9940270718273813
58214,1.0
58215,1.0
58216,0.9998181818181818
58217,1.0
58218,1.0
58219,1.0
58220,1.0
58221,1.0
58222,1.0
58223,0.9983888888888889
58224,1.0
58225,0.9947032967032966
58226,0.9451261904761903
58227,1.0
58228,1.0
58229,1.0
58230,0.9990476190476192
58231,0.9801831196581197
58232,1.0
58233,0.9976476190476192
58234,0.9714131171116464
58235,1.0
58236,1.0
58237,0.22513221474088346
58238,0.9990681818181818
58239,0.9609732935365289
58240,0.9995384615384616
58241,0.8515427051706466
58242,0.9957236652236652
58243,1.0
58244,1.0
58245,0.9988737373737373
58246,0.9995499999999999
58247,0.9501527306027305
58248,0.99925
58249,0.9997142857142858
58250,0.9100607121636535
58251,1.0
58252,1.0
58253,1.0
58254,1.0
58255,0.9981833333333334
58256,0.9901922956128839
58257,0.716531882788694
58258,0.6662591783001994
58259,0.9373858136961072
58260,1.0
58261,0.9997999999999999
58262,0.894016354886943
58263,0.9986
58264,0.8600908519584988
58265,1.0
58266,1.0
58267,1.0
58268,0.9737250915750915
58269,0.9994642857142858
58270,1.0
58271,1.0
58272,0.7550463497287028
58273,1.0
58274,0.9988095238095237
58275,0.2819331568758039
58276,0.4264231294848941
58277,1.0
58278,1.0
58279,0.8324552703832112
58280,1.0
58281,0.9997142857142857
58282,1.0
58283,1.0
58284,0.9996666666666667
58285,1.0
58286,1.0
58287,0.9980294117647057
58288,0.9995142857142857
58289,0.99975
58290,1.0
58291,1.0
58292,1.0
58293,1.0
58294,0.9964835775335774
58295,1.0
58296,0.9965904761904762
58297,1.0
58298,0.9255334720834717
58299,1.0
58300,1.0
58301,0.9572045454545456
58302,0.6189275714481599
58303,1.0
58304,1.0
58305,1.0
58306,0.9935230158730158
58307,1.0
58308,1.0
58309,1.0
58310,0.99925
58311,0.9993333333333334
58312,1.0
58313,0.31071258511869976
58314,1.0
58315,1.0
58316,1.0
58317,0.9703305694305692
58318,0.999875
58319,0.05829793703028994
58320,0.011244629390217626
58321,1.0
58322,1.0
58323,1.0
58324,0.9492053294744472
58325,1.0
58326,1.0
58327,1.0
58328,1.0
58329,1.0
58330,0.9975793650793652
58331,1.0
58332,0.9396805153996333
58333,1.0
58334,1.0
58335,1.0
58336,1.0
58337,1.0
58338,1.0
58339,0.9931024891774891
58340,0.9973075757575756
58341,1.0
58342,0.9989523809523809
58343,1.0
58344,1.0
58345,0.9131279506870839
58346,0.9987999999999999
58347,0.9903137679314151
58348,0.8612820199623297
58349,1.0
58350,1.0
58351,1.0
58352,0.9989111111111111
58353,1.0
58354,0.921362366789968
58355,0.9749659962586431
58356,1.0
58357,1.0
58358,0.9918697247197246
58359,0.9980142857142856
58360,1.0
58361,1.0
58362,1.0
58363,0.9995
58364,0.995233311133311
58365,1.0
58366,0.4590267244451456
58367,1.0
58368,0.9924792984792985
58369,1.0
58370,0.9996363636363637
58371,1.0
58372,0.9566885249253669
58373,0.9983721500721502
58374,1.0
58375,1.0
58376,1.0
58377,1.0
58378,0.9963494505494505
58379,0.5209698297832197
58380,0.9982261904761904
58381,1.0
58382,0.9942692918192918
58383,0.7849089778436968
58384,1.0
58385,0.8807752277134628
58386,0.9916025641025641
58387,0.990209695859696
58388,1.0
58389,1.0
58390,1.0
58391,1.0
58392,1.0
58393,0.42551576756576787
58394,1.0
58395,1.0
58396,1.0
58397,0.9931021645021646
58398,1.0
58399,1.0
58400,0.9986181818181818
58401,0.9994
58402,0.382728734689803
58403,1.0
58404,0.9997142857142857
58405,1.0
58406,1.0
58407,1.0
58408,0.9943626984126985
58409,1.0
58410,0.9991428571428571
58411,0.7529886363034968
58412,1.0
58413,1.0
58414,0.995083189033189
58415,1.0
58416,0.9993500000000001
58417,0.9991587301587301
58418,1.0
58419,0.27272843623524745
58420,0.9780400377400381
58421,1.0
58422,1.0
58423,0.9454787105051813
58424,0.989825208125208
58425,0.9989273504273505
58426,0.9942543650793652
58427,0.10550555196437551
58428,1.0
58429,1.0
58430,1.0
58431,1.0
58432,1.0
58433,1.0
58434,0.7427218320379304
58435,1.0
58436,1.0
58437,1.0
58438,0.6986274297597829
58439,1.0
58440,1.0
58441,0.8285510657299362
58442,0.9895154234654235
58443,0.5595872011803126
58444,1.0
58445,0.9993392857142858
58446,0.9988222222222222
58447,0.30502912071588545
58448,1.0
58449,0.993279770882712
58450,0.9935900793650795
58451,0.9943904761904762
58452,0.989976984126984
58453,0.3398082073155603
58454,1.0
58455,1.0
58456,0.03703045843045843
58457,0.99975
58458,1.0
58459,0.9958933621933622
58460,0.9724359251859251
58461,0.6264744074638812
58462,0.27337093075483154
58463,1.0
58464,1.0
58465,1.0
58466,0.9971904761904763
58467,1.0
58468,1.0
58469,1.0
58470,0.2097046338852069
58471,0.7266527037891589
58472,1.0
58473,0.2887395031439151
58474,1.0
58475,1.0
58476,1.0
58477,0.9996666666666667
58478,0.9994920634920635
58479,0.6833210854504969
58480,0.9995324675324675
58481,1.0
58482,1.0
58483,1.0
58484,1.0
58485,0.9991363636363636
58486,1.0
58487,1.0
58488,1.0
58489,1.0
58490,0.9973954517704517
58491,1.0
58492,0.9996931818181818
58493,1.0
58494,1.0
58495,1.0
58496,1.0
58497,0.9953396825396827
58498,0.9445550560550563
58499,0.9995604395604396
58500,1.0
58501,1.0
58502,0.8575431861224428
58503,1.0
58504,1.0
58505,0.992133202908203
58506,0.9864002546473135
58507,1.0
58508,1.0
58509,1.0
58510,0.9714329885027255
58511,0.6617206922850114
58512,0.9997999999999999
58513,0.3825692041876253
58514,0.999547619047619
58515,1.0
58516,0.9166669748552098
58517,1.0
58518,1.0
58519,0.9996666666666666
58520,0.9975464285714286
58521,0.9995
58522,0.9085367589926413
58523,1.0
58524,0.9964035714285715
58525,0.5624710003360931
58526,1.0
58527,1.0
58528,1.0
58529,1.0
58530,1.0
58531,0.8332366375110954
58532,0.518241313175988
58533,1.0
58534,0.9595399766899767
58535,0.9239039424627661
58536,0.9988095238095238
58537,1.0
58538,1.0
58539,1.0
58540,1.0
58541,0.3147061020678668
58542,1.0
58543,0.981880255855256
58544,0.9932548840048838
58545,1.0
58546,1.0
58547,0.9984383394383394
58548,0.9932919164169164
58549,0.9993333333333333
58550,0.9777896103896102
58551,1.0
58552,0.9883784382284382
58553,1.0
58554,1.0
58555,1.0
58556,1.0
58557,1.0
58558,0.9996666666666666
58559,1.0
58560,0.9988111111111111
58561,0.7026452666184863
58562,1.0
58563,1.0
58564,1.0
58565,0.997334126984127
58566,0.9694911394161394
58567,0.19471393759319466
58568,0.94431540215031
58569,1.0
58570,1.0
58571,1.0
58572,0.9399124964646637
58573,1.0
58574,0.9460392440892441
58575,1.0
58576,1.0
58577,0.9883257215007215
58578,0.9906323349852761
58579,1.0
58580,1.0
58581,0.9997142857142858
58582,1.0
58583,1.0
58584,0.9987642857142857
58585,1.0
58586,0.9952792207792207
58587,1.0
58588,0.989710350760351
58589,0.9996666666666667
58590,0.9998461538461538
58591,0.8376417995918772
58592,1.0
58593,1.0
58594,1.0
58595,1.0
58596,0.9993809523809523
58597,1.0
58598,1.0
58599,0.9997142857142857
58600,0.9998333333333334
58601,1.0
58602,1.0
58603,0.9996333333333334
58604,1.0
58605,0.9634811051349751
58606,1.0
58607,1.0
58608,0.9995
58609,1.0
58610,1.0
58611,0.9993566433566434
58612,1.0
58613,1.0
58614,1.0
58615,1.0
58616,0.9998888888888889
58617,0.7905102884044055
58618,1.0
58619,0.9994000000000001
58620,1.0
58621,1.0
58622,1.0
58623,1.0
58624,1.0
58625,0.9986688311688312
58626,1.0
58627,0.9982308802308804
58628,1.0
58629,0.9667338938838936
58630,0.9974420634920635
58631,1.0
58632,1.0
58633,1.0
58634,0.9983149350649351
58635,1.0
58636,1.0
58637,1.0
58638,1.0
58639,0.6167421170332934
58640,0.9996
58641,1.0
58642,1.0
58643,0.9992467532467533
58644,1.0
58645,1.0
58646,0.9986698412698412
58647,1.0
58648,1.0
58649,1.0
58650,1.0
58651,1.0
58652,1.0
58653,1.0
58654,0.9982823529411764
58655,1.0
58656,0.9995
58657,1.0
58658,1.0
58659,1.0
58660,0.9959164113664114
58661,1.0
58662,1.0
58663,0.9986666666666667
58664,1.0
58665,0.7203228024899078
58666,1.0
58667,1.0
58668,0.06546918375741904
58669,1.0
58670,1.0
58671,1.0
58672,1.0
58673,0.998547619047619
58674,0.9701567200773081
58675,1.0
58676,1.0
58677,0.9987333333333334
58678,1.0
58679,1.0
58680,0.6603127189803656
58681,1.0
58682,0.4872371348122123
58683,0.9347440642690644
58684,1.0
58685,1.0
58686,1.0
58687,1.0
58688,1.0
58689,1.0
58690,1.0
58691,0.9963920634920636
58692,1.0
58693,0.9997333333333334
58694,0.9967111111111111
58695,0.99975
58696,0.9997777777777779
58697,1.0
58698,1.0
58699,0.9992000000000001
58700,0.9996666666666666
58701,1.0
58702,1.0
58703,0.9737418037844507
58704,0.9647431842667137
58705,0.2981351648351648
58706,0.5878311204791077
58707,0.9968806213394447
58708,1.0
58709,0.9991384615384615
58710,0.9364864429687957
58711,0.9979884615384614
58712,1.0
58713,0.9891418682624563
58714,1.0
58715,0.8929746497912133
58716,0.9997142857142858
58717,1.0
58718,1.0
58719,1.0
58720,1.0
58721,1.0
58722,0.9973106421356421
58723,0.8991833865480922
58724,1.0
58725,0.9876483405483407
58726,0.9595067479647974
58727,0.9995
58728,1.0
58729,0.8510833021553611
58730,0.9659918692418694
58731,0.9807591963591963
58732,1.0
58733,1.0
58734,0.8894562186265748
58735,1.0
58736,1.0
58737,0.9720195304695306
58738,1.0
58739,0.3117777777777778
58740,1.0
58741,0.9996666666666667
58742,1.0
58743,0.6574290610261198
58744,0.9954355311355311
58745,1.0
58746,1.0
58747,0.9904270895770897
58748,0.9990404040404041
58749,1.0
58750,0.9838768176268174
58751,0.9994
58752,0.9994285714285714
58753,0.9993324675324676
58754,1.0
58755,1.0
58756,1.0
58757,0.9998181818181817
58758,0.7609643883893885
58759,1.0
58760,0.9998333333333332
58761,0.9980515873015874
58762,1.0
58763,1.0
58764,1.0
58765,1.0
58766,0.9948357142857143
58767,0.9976045454545455
58768,1.0
58769,1.0
58770,0.9748028860028861
58771,1.0
58772,0.9988571428571429
58773,0.9990063492063492
58774,0.9885952436452438
58775,1.0
58776,1.0
58777,1.0
58778,1.0
58779,1.0
58780,1.0
58781,0.583153910228059
58782,1.0
58783,1.0
58784,1.0
58785,0.9996
58786,0.9991428571428571
58787,0.99975
58788,1.0
58789,1.0
58790,0.9978235930735931
58791,1.0
58792,1.0
58793,0.9974484126984127
58794,1.0
58795,0.5119750212206093
58796,1.0
58797,1.0
58798,1.0
58799,0.9996666666666666
58800,1.0
58801,1.0
58802,1.0
58803,1.0
58804,1.0
58805,0.9998823529411764
58806,1.0
58807,0.5972021628698102
58808,1.0
58809,1.0
58810,1.0
58811,0.9005095592316181
58812,1.0
58813,0.9950087301587301
58814,1.0
58815,0.7919036768786767
58816,1.0
58817,1.0
58818,0.6063119534060709
58819,1.0
58820,1.0
58821,0.9892584554334555
58822,0.9969974025974024
58823,1.0
58824,0.99885
58825,1.0
58826,0.9997999999999999
58827,0.99885
58828,1.0
58829,0.9977713120213122
58830,1.0
58831,1.0
58832,0.9299083949761967
58833,0.12190879294424185
58834,0.8857768701628612
58835,0.9996095238095238
58836,0.6521153867718114
58837,0.9964515151515152
58838,0.4192146249261571
58839,0.9224456375324022
58840,0.9990142857142857
58841,0.6638383941222181
58842,1.0
58843,1.0
58844,1.0
58845,1.0
58846,0.9360107358327948
58847,0.9990555555555556
58848,0.9997142857142858
58849,1.0
58850,1.0
58851,1.0
58852,1.0
58853,0.9984500000000001
58854,1.0
58855,1.0
58856,1.0
58857,1.0
58858,0.9983261258349494
58859,0.7263666897945537
58860,1.0
58861,0.9962278138528138
58862,1.0
58863,0.9833926295926297
58864,1.0
58865,1.0
58866,0.9980273504273505
58867,1.0
58868,1.0
58869,1.0
58870,1.0
58871,0.7425639701457816
58872,1.0
58873,1.0
58874,0.9983833333333333
58875,1.0
58876,0.5283810305707363
58877,0.6925397000746075
58878,0.24591344701050585
58879,0.9777706127206127
58880,1.0
58881,1.0
58882,1.0
58883,1.0
58884,1.0
58885,1.0
58886,0.9508766134192606
58887,0.9616196215549156
58888,1.0
58889,0.9758733682983686
58890,1.0
58891,0.9968333333333332
58892,0.988298845598846
58893,1.0
58894,0.9183620934620934
58895,0.9997999999999999
58896,1.0
58897,0.8593399148237386
58898,1.0
58899,0.9676663114663117
58900,0.9950464424464424
58901,1.0
58902,1.0
58903,0.6894849682659008
58904,1.0
58905,1.0
58906,1.0
58907,0.9762402747579222
58908,0.9985384615384616
58909,1.0
58910,1.0
58911,0.9973556776556777
58912,1.0
58913,1.0
58914,1.0
58915,1.0
58916,0.9933007936507937
58917,0.9933803807303807
58918,0.8890547349709115
58919,1.0
58920,0.9984380952380952
58921,1.0
